wall_seconds,phase,round,visible_alive,logical_alive,encounters,frame_ms,game_ms,render_ms,gpu_ms,gpu_available,public_chars,public_utf8_bytes
5.007145,0,1,4,0,0,16.741701,4.039100,10.427900,18.143200,1,2764,2764
5.024794,0,1,4,0,0,16.666901,5.079600,8.343700,17.206301,1,2764,2764
5.040058,0,1,4,0,0,16.726498,6.544800,7.986400,16.120800,1,2764,2764
5.056815,0,1,4,0,0,16.682800,3.379000,8.571400,15.110200,1,2764,2764
5.073591,0,1,4,0,0,16.666901,5.410700,8.388400,18.213900,1,2764,2764
5.090299,0,1,4,0,0,16.666901,4.529300,8.731500,15.362000,1,2764,2764
5.106758,0,1,4,0,0,16.667101,3.948200,8.995200,15.891500,1,2764,2764
5.123549,0,1,4,0,0,16.677998,3.656500,7.848300,16.103399,1,2764,2764
5.140240,0,1,4,0,0,16.667002,3.668600,7.112900,16.491501,1,2764,2764
5.156750,0,1,4,0,0,16.666800,3.986200,6.607700,16.772100,1,2764,2764
5.173655,0,1,4,0,0,16.666800,3.695000,6.339000,16.189501,1,2764,2764
5.190055,0,1,4,0,0,16.666698,3.864000,5.274200,16.662500,1,2764,2764
5.207021,0,1,4,0,0,16.667002,2.890100,6.611900,17.052700,1,2764,2764
5.223538,0,1,4,0,0,16.666901,3.673800,7.784600,17.041401,1,2764,2764
5.240198,0,1,4,0,0,16.666901,3.655600,6.026800,15.658000,1,2764,2764
5.256710,0,1,4,0,0,16.666800,3.680100,8.364600,18.122700,1,2764,2764
5.274783,0,1,4,0,0,16.666698,3.592000,7.277300,15.307800,1,2764,2764
5.290196,0,1,4,0,0,16.666800,4.759500,8.097000,19.110901,1,2764,2764
5.306803,0,1,4,0,0,16.666901,4.209000,7.981500,15.726600,1,2764,2764
5.323934,0,1,4,0,0,16.666698,4.090800,7.684700,16.311300,1,2764,2764
5.340354,0,1,4,0,0,16.683302,6.485400,6.963700,17.112101,1,2764,2764
5.356806,0,1,4,0,0,16.666901,3.474100,6.123700,15.344600,1,2764,2764
5.373464,0,1,4,0,0,16.666698,3.022500,6.684500,16.664600,1,2764,2764
5.390266,0,1,4,0,0,16.666901,3.286200,8.057600,17.819599,1,2764,2764
5.407445,0,1,4,0,0,16.666901,3.849100,5.902200,14.710800,1,2764,2764
5.423550,0,1,4,0,0,16.692099,4.790900,7.679800,16.396299,1,2764,2764
5.440155,0,1,4,0,0,16.676102,5.067500,8.571700,20.572201,1,2764,2764
5.456877,0,1,4,0,0,16.666897,3.626900,7.982500,15.966200,1,2764,2764
5.473660,0,1,4,0,0,16.666901,3.923700,6.261400,14.967800,1,2764,2764
5.490167,0,1,4,0,0,16.667002,3.627900,8.531600,17.312700,1,2764,2764
5.506790,0,1,4,0,0,16.666901,3.177800,6.131700,14.958600,1,2764,2764
5.524277,0,1,4,0,0,16.667002,2.601900,5.505300,16.275499,1,2764,2764
5.540189,0,1,4,0,0,16.666901,4.190900,6.638000,20.017099,1,2764,2764
5.556806,0,1,4,0,0,16.666901,3.887800,5.765800,16.995399,1,2764,2764
5.573487,0,1,4,0,0,16.666998,3.500300,5.479400,14.762000,1,2764,2764
5.590340,0,1,4,0,0,16.667002,5.722700,5.434000,16.983999,1,2764,2764
5.606898,0,1,4,0,0,16.666800,3.234500,4.930300,15.684600,1,2764,2764
5.623454,0,1,4,0,0,16.666901,2.874100,5.913700,15.991800,1,2764,2764
5.640238,0,1,4,0,0,16.666800,3.388700,5.415700,16.991301,1,2764,2764
5.656795,0,1,4,0,0,16.666800,3.604400,4.919100,16.266199,1,2764,2764
5.673415,0,1,4,0,0,16.666698,2.963400,4.782900,16.535601,1,2764,2764
5.690115,0,1,4,0,0,16.666800,2.522100,4.481900,16.928699,1,2764,2764
5.706707,0,1,4,0,0,16.666800,2.632000,6.779800,17.092699,1,2764,2764
5.723447,0,1,4,0,0,16.666901,2.770100,4.604600,15.746000,1,2764,2764
5.740168,0,1,4,0,0,16.666800,2.355800,4.604200,16.582701,1,2764,2764
5.756913,0,1,4,0,0,16.666901,2.852500,4.592900,16.806900,1,2764,2764
5.774276,0,1,4,0,0,16.666800,3.382200,5.405800,17.096701,1,3043,3043
5.790224,0,1,4,0,0,16.666800,3.437900,5.756600,17.821699,1,3043,3043
5.806777,0,1,4,0,0,16.667002,2.815000,5.611700,15.725600,1,3043,3043
5.823402,0,1,4,0,0,16.666800,2.969600,5.169200,16.118700,1,3043,3043
5.840161,0,1,4,0,0,16.666698,2.780500,5.509800,17.132601,1,3043,3043
5.857143,0,1,4,0,0,16.666803,3.245800,6.583000,16.921600,1,3043,3043
5.873584,0,1,4,0,0,16.666698,3.853700,5.632200,17.592300,1,3043,3043
5.890133,0,1,4,0,0,16.666901,3.407900,6.021000,15.699000,1,3043,3043
5.907013,0,1,4,0,0,16.666901,2.705400,7.222300,17.630199,1,3043,3043
5.923881,0,1,4,0,0,16.666998,4.031400,6.146400,17.136600,1,3043,3043
5.940345,0,1,4,0,0,16.667002,4.291300,6.922900,16.959499,1,3043,3043
5.957030,0,1,4,0,0,16.666901,4.022400,7.597500,16.066601,1,3043,3043
5.973624,0,1,4,0,0,16.666901,3.535000,5.770700,16.041901,1,3043,3043
5.990177,0,1,4,0,0,16.666901,3.770100,5.017800,16.848900,1,3043,3043
6.006815,0,1,4,0,0,16.666901,3.066300,5.828500,17.218599,1,3043,3043
6.024930,0,1,4,0,0,16.666901,3.165800,6.837300,15.877100,1,3043,3043
6.040482,0,1,4,0,0,16.666998,6.657100,7.511700,15.853600,1,3043,3043
6.056887,0,1,4,0,0,16.666702,4.190300,6.045000,21.057501,1,3043,3043
6.073635,0,1,4,0,0,16.666998,3.208700,6.337200,16.192499,1,3043,3043
6.090190,0,1,4,0,0,16.666800,5.551900,6.828200,15.999000,1,3043,3043
6.106737,0,1,4,0,0,16.666901,3.613300,5.304100,15.756300,1,3043,3043
6.123545,0,1,4,0,0,16.666901,3.332800,6.489400,16.006100,1,3043,3043
6.140276,0,1,4,0,0,16.666800,2.874500,6.429200,16.986099,1,3043,3043
6.156789,0,1,4,0,0,16.666901,3.125200,6.681200,15.468600,1,3043,3043
6.173446,0,1,4,0,0,16.666901,2.941400,6.921700,16.888800,1,3043,3043
6.190129,0,1,4,0,0,16.666901,2.841200,5.560900,15.658000,1,3043,3043
6.206917,0,1,4,0,0,16.666901,2.702700,5.460100,16.123899,1,3043,3043
6.223462,0,1,4,0,0,16.666901,2.981100,6.040300,17.765400,1,3043,3043
6.240174,0,1,4,0,0,16.666800,2.903600,6.414800,16.681000,1,3043,3043
6.257314,0,1,4,0,0,16.666901,2.581100,6.039700,15.969300,1,3043,3043
6.274352,0,1,4,0,0,16.666998,3.515100,7.217200,19.305401,1,3043,3043
6.290150,0,1,4,0,0,16.666901,3.604900,5.205800,14.605300,1,3043,3043
6.306766,0,1,4,0,0,16.666800,2.819300,5.564600,16.836599,1,3043,3043
6.323419,0,1,4,0,0,16.666901,3.172600,6.018200,16.301100,1,3043,3043
6.340324,0,1,4,0,0,16.667002,3.025000,4.904700,15.983600,1,3043,3043
6.356900,0,1,4,0,0,16.666698,2.624200,5.623500,17.201200,1,3043,3043
6.373444,0,1,4,0,0,16.666800,2.901000,5.255000,17.769400,1,3043,3043
6.390126,0,1,4,0,0,16.666698,3.045200,6.705400,16.953400,1,3043,3043
6.406853,0,1,4,0,0,16.667101,3.061700,4.613400,15.291400,1,3043,3043
6.423544,0,1,4,0,0,16.666901,2.893500,5.162100,16.931801,1,3043,3043
6.440302,0,1,4,0,0,16.666800,3.126700,5.270400,16.793600,1,3043,3043
6.456974,0,1,4,0,0,16.666901,3.405300,4.949900,15.816700,1,3043,3043
6.473439,0,1,4,0,0,16.666901,3.310200,6.515300,18.961399,1,3043,3043
6.490145,0,1,4,0,0,16.666800,4.488600,4.893000,14.738500,1,3043,3043
6.506841,0,1,4,0,0,16.667002,3.401300,5.325700,16.776199,1,3043,3043
6.524367,0,1,4,0,0,16.666698,2.987100,5.064700,16.700399,1,3042,3042
6.540220,0,1,4,0,0,16.667002,3.713500,6.032000,17.230801,1,3042,3042
6.556789,0,1,4,0,0,16.666901,3.321500,5.777400,16.071699,1,3042,3042
6.573484,0,1,4,0,0,16.666800,3.224300,6.181600,17.641500,1,3042,3042
6.590279,0,1,4,0,0,16.666800,3.077100,7.016900,16.055300,1,3042,3042
6.606761,0,1,4,0,0,16.666800,4.865000,7.875300,19.827700,1,3042,3042
6.623582,0,1,4,0,0,16.666998,3.287600,7.250100,15.216600,1,3042,3042
6.640166,0,1,4,0,0,16.666901,3.803100,5.111400,15.503400,1,3042,3042
6.656831,0,1,4,0,0,16.666702,3.074100,4.785800,15.462400,1,3042,3042
6.673745,0,1,4,0,0,16.666698,2.822900,5.012300,16.589800,1,3042,3042
6.690190,0,1,4,0,0,16.666901,3.010200,5.451500,17.140699,1,3042,3042
6.706901,0,1,4,0,0,16.666800,3.004200,4.957400,17.177601,1,3042,3042
6.723520,0,1,4,0,0,16.666998,2.790900,5.976400,16.693199,1,3042,3042
6.740114,0,1,4,0,0,16.666702,2.870000,5.877800,15.604700,1,3042,3042
6.756761,0,1,4,0,0,16.666901,3.039600,5.358900,17.193001,1,3042,3042
6.774320,0,1,4,0,0,16.666800,2.486900,4.859300,16.045099,1,3042,3042
6.790246,0,1,4,0,0,16.666800,3.526600,6.429300,14.971900,1,3042,3042
6.806909,0,1,4,0,0,16.666901,3.324800,5.376600,18.698200,1,3042,3042
6.823523,0,1,4,0,0,16.679399,3.022700,6.330100,13.959200,1,3042,3042
6.840239,0,1,4,0,0,16.667002,2.813000,5.916700,19.459101,1,3042,3042
6.856838,0,1,4,0,0,16.666998,3.565200,6.108000,17.979401,1,3042,3042
6.873494,0,1,4,0,0,16.666901,3.116100,6.227700,14.583800,1,3042,3042
6.890237,0,1,4,0,0,16.666901,2.503400,4.815200,17.025000,1,3042,3042
6.906934,0,1,4,0,0,16.667002,2.666700,7.052000,17.961000,1,3042,3042
6.923512,0,1,4,0,0,16.666800,3.034400,4.939800,16.626600,1,3042,3042
6.940210,0,1,4,0,0,16.666901,2.730700,5.862000,15.463500,1,3042,3042
6.957089,0,1,4,0,0,16.666800,3.272800,6.803600,18.228201,1,3042,3042
6.973418,0,1,4,0,0,16.666800,3.630200,4.926600,15.703000,1,3042,3042
6.990429,0,1,4,0,0,16.666901,2.576000,4.890600,15.693900,1,3042,3042
7.006791,0,1,4,0,0,16.666901,3.229100,6.494600,15.137700,1,3042,3042
7.024974,0,1,4,0,0,16.666800,3.238700,4.398200,18.924601,1,3042,3042
7.040292,0,1,4,0,0,16.666800,5.844900,6.712500,16.687099,1,3042,3042
7.057007,0,1,4,0,0,16.667002,3.550200,5.060500,18.924500,1,3042,3042
7.073679,0,1,4,0,0,16.666901,3.400100,6.189200,14.933000,1,3042,3042
7.090334,0,1,4,0,0,16.666698,3.812300,6.419900,16.893999,1,3042,3042
7.106800,0,1,4,0,0,16.666698,4.605000,5.974800,17.542101,1,3042,3042
7.123504,0,1,4,0,0,16.667002,3.225700,5.032300,14.798900,1,3042,3042
7.140173,0,1,4,0,0,16.667002,2.543800,4.482100,16.415701,1,3042,3042
7.156952,0,1,4,0,0,16.666897,2.661200,5.493300,17.414200,1,3042,3042
7.173609,0,1,4,0,0,16.666901,3.363700,4.650400,16.377800,1,3042,3042
7.190340,0,1,4,0,0,16.666800,3.692100,5.064400,16.491501,1,3042,3042
7.206801,0,1,4,0,0,16.666702,2.843700,6.097900,17.499201,1,3042,3042
7.223434,0,1,4,0,0,16.666901,2.827100,5.283900,16.963600,1,3042,3042
7.240143,0,1,4,0,0,16.666698,2.745500,6.400500,16.423901,1,3042,3042
7.256982,0,1,4,0,0,16.666901,3.157000,5.223600,15.540200,1,3042,3042
7.274257,0,1,4,0,0,16.666800,3.130800,5.539400,17.838100,1,3040,3040
7.290135,0,1,4,0,0,16.666901,4.027800,5.957600,16.175100,1,3040,3040
7.306984,0,1,4,0,0,16.666800,2.422800,6.016500,16.544800,1,3040,3040
7.323545,0,1,4,0,0,16.674797,3.356700,5.905500,17.942499,1,3040,3040
7.340174,0,1,4,0,0,16.666901,2.632300,5.180700,15.325200,1,3040,3040
7.356917,0,1,4,0,0,16.667002,2.767500,5.252900,16.238600,1,3040,3040
7.373455,0,1,4,0,0,16.666800,2.803400,5.670100,17.135599,1,3040,3040
7.390203,0,1,4,0,0,16.666901,3.127700,5.176900,16.712700,1,3040,3040
7.406929,0,1,4,0,0,16.667002,2.511900,5.926000,16.140301,1,3040,3040
7.423590,0,1,4,0,0,16.666800,2.941500,6.132600,17.351700,1,3040,3040
7.440160,0,1,4,0,0,16.666901,3.130500,5.272900,16.435200,1,3040,3040
7.456997,0,1,4,0,0,16.666800,2.491000,5.608700,16.355301,1,3040,3040
7.473574,0,1,4,0,0,16.666897,3.423300,6.392900,17.240101,1,3040,3040
7.490251,0,1,4,0,0,16.668003,3.337400,6.586300,16.323601,1,3040,3040
7.506773,0,1,4,0,0,16.666698,3.987400,6.303400,18.533400,1,3040,3040
7.524600,0,1,4,0,0,16.666901,3.512400,4.826000,15.051700,1,3040,3040
7.540309,0,1,4,0,0,16.667097,3.583500,5.318800,18.077700,1,3040,3040
7.556866,0,1,4,0,0,16.666800,3.270500,5.455600,15.207500,1,3040,3040
7.573445,0,1,4,0,0,16.666901,3.484500,5.084000,16.572399,1,3040,3040
7.590188,0,1,4,0,0,16.666800,2.273100,4.569000,15.919100,1,3040,3040
7.606927,0,1,4,0,0,16.666702,2.801800,4.912400,16.696301,1,3040,3040
7.623507,0,1,4,0,0,16.666897,5.712700,5.385800,17.358801,1,3040,3040
7.640236,0,1,4,0,0,16.666803,2.873700,4.909000,17.323099,1,3040,3040
7.656775,0,1,4,0,0,16.666698,2.667800,4.695600,16.301001,1,3040,3040
7.673469,0,1,4,0,0,16.666698,2.778900,4.987400,16.327700,1,3040,3040
7.690252,0,1,4,0,0,16.666901,2.432600,5.360400,16.361500,1,3040,3040
7.706829,0,1,4,0,0,16.667002,3.111300,5.776800,17.243099,1,3040,3040
7.723586,0,1,4,0,0,16.666901,2.806600,5.960200,16.848900,1,3040,3040
7.740243,0,1,4,0,0,16.666897,2.693900,6.638600,17.087500,1,3040,3040
7.756830,0,1,4,0,0,16.666901,2.504400,6.038100,15.650800,1,3040,3040
7.774846,0,1,4,0,0,16.666901,2.513200,6.093600,17.125401,1,3040,3040
7.790476,0,1,4,0,0,16.666800,4.438700,5.961800,15.029200,1,3040,3040
7.806825,0,1,4,0,0,16.666698,3.088800,4.479800,18.037800,1,3040,3040
7.823743,0,1,4,0,0,16.666901,2.509900,5.551000,16.407600,1,3040,3040
7.840310,0,1,4,0,0,16.666702,2.734700,5.284800,17.267700,1,3040,3040
7.857337,0,1,4,0,0,16.765699,3.395800,5.978500,16.548800,1,3040,3040
7.873770,0,1,4,0,0,16.666901,3.661900,4.734900,16.118799,1,3040,3040
7.890354,0,1,4,0,0,16.666698,2.931800,5.704600,17.550400,1,3040,3040
7.906987,0,1,4,0,0,16.666698,2.929000,5.112100,16.381901,1,3040,3040
7.923725,0,1,4,0,0,16.666800,2.578700,6.791600,18.706400,1,3040,3040
7.940306,0,1,4,0,0,16.666800,3.180900,8.042500,15.819800,1,3040,3040
7.956842,0,1,4,0,0,16.666800,3.215300,4.278200,15.100900,1,3040,3040
7.973902,0,1,4,0,0,16.666702,2.321800,5.292000,16.554001,1,3040,3040
7.990202,0,1,4,0,0,16.666698,3.245100,6.279300,17.613800,1,3040,3040
8.006930,0,1,4,0,0,16.666800,2.775700,4.743000,16.174101,1,3040,3040
8.024878,0,1,4,0,0,16.666901,2.775700,6.002700,16.860201,1,3040,3040
8.040367,0,1,4,0,0,16.666901,4.234400,6.436000,18.491400,1,3040,3040
8.056979,0,1,4,0,0,16.666800,4.299300,5.574300,16.358400,1,3040,3040
8.073584,0,1,4,0,0,16.666800,2.946000,5.749200,15.239100,1,3040,3040
8.090437,0,1,4,0,0,16.666800,2.562900,4.795000,15.444000,1,3040,3040
8.106984,0,1,4,0,0,16.666800,2.848900,5.507400,18.281500,1,3040,3040
8.123914,0,1,4,0,0,16.687502,4.580300,6.129400,17.561600,1,3040,3040
8.140284,0,1,4,0,0,16.666998,3.368800,5.653900,16.420900,1,3040,3040
8.157221,0,1,4,0,0,16.666800,2.606900,5.012500,15.771600,1,3040,3040
8.173668,0,1,4,0,0,16.667002,2.803000,5.503700,16.642000,1,3040,3040
8.190286,0,1,4,0,0,16.667002,2.821400,7.055100,16.029699,1,3040,3040
8.206935,0,1,4,0,0,16.666901,2.923400,6.754700,17.468500,1,3040,3040
8.223733,0,1,4,0,0,16.666800,3.073000,6.798500,17.114100,1,3040,3040
8.240263,0,1,4,0,0,16.666698,3.335000,6.125700,16.519100,1,3040,3040
8.257788,0,1,4,0,0,16.666901,2.803200,5.428900,15.415300,1,3040,3040
8.274623,0,1,4,0,0,16.666698,3.558800,6.045400,17.781700,1,3040,3040
8.290410,0,1,4,0,0,16.666698,4.354900,5.219800,17.177601,1,3040,3040
8.307459,0,1,4,0,0,16.666901,2.805900,5.721100,15.700000,1,3040,3040
8.323771,0,1,4,0,0,16.666800,3.148600,5.148400,17.209299,1,3040,3040
8.340273,0,1,4,0,0,16.666800,3.114900,5.041100,15.990800,1,3040,3040
8.356999,0,1,4,0,0,16.666803,2.678400,5.512900,16.653299,1,3040,3040
8.373642,0,1,4,0,0,16.666698,2.373700,5.070900,16.392200,1,3040,3040
8.390253,0,1,4,0,0,16.666998,2.441000,5.001000,16.247801,1,3040,3040
8.406990,0,1,4,0,0,16.667002,2.797200,6.504100,17.715200,1,3040,3040
8.423649,0,1,4,0,0,16.666901,2.461200,6.458800,15.801400,1,3040,3040
8.443554,1,1,4,31,4,16.666698,2.753700,5.557000,17.136600,1,15068,15068
8.460407,1,1,8,31,4,20.030201,19.169901,5.557000,17.136600,1,15068,15068
8.477205,1,1,8,31,4,16.666800,3.886900,7.130900,29.382700,1,15068,15068
8.494317,1,1,8,31,4,16.667101,3.905100,7.325000,21.336000,1,15068,15068
8.510508,1,1,8,31,4,16.667002,3.570200,8.157200,14.037000,1,15068,15068
8.527158,1,1,8,31,4,16.666998,3.900000,7.350700,14.912500,1,15068,15068
8.548486,1,1,8,31,4,16.666901,3.192900,6.933200,12.983300,1,15455,15455
8.560502,1,1,8,31,4,16.666698,8.261200,7.718800,18.319401,1,15455,15455
8.577230,1,1,8,31,4,16.666702,3.396800,6.169100,14.294000,1,15455,15455
8.593903,1,1,8,31,4,16.666901,3.925000,6.355100,14.355400,1,15455,15455
8.610543,1,1,8,31,4,16.666897,3.637900,6.507700,17.222700,1,15455,15455
8.627059,1,1,8,31,4,16.666803,5.316700,6.184400,17.116199,1,15455,15455
8.646260,1,1,8,31,4,16.666698,2.831200,5.709700,14.781400,1,15455,15455
8.660399,1,1,8,31,4,16.666901,5.537500,6.363700,19.166201,1,15455,15455
8.677155,1,1,8,31,4,16.666698,3.233300,4.734300,14.192700,1,15455,15455
8.693852,1,1,8,31,4,16.666698,2.617000,8.369700,17.412100,1,15455,15455
8.710519,1,1,8,31,4,16.667002,3.807400,5.153400,15.425500,1,15455,15455
8.727295,1,1,8,31,4,16.666800,3.022000,5.952500,16.891899,1,15455,15455
8.746509,1,1,8,31,4,16.666800,3.246600,4.718200,15.840200,1,17359,17359
8.760556,1,1,8,31,4,16.666800,5.530300,7.304700,16.676901,1,17359,17359
8.777195,1,1,8,31,4,16.667002,3.580100,7.249100,19.072001,1,17359,17359
8.793938,1,1,8,31,4,16.666800,3.385400,5.139600,15.901700,1,17359,17359
8.810453,1,1,8,31,4,16.666901,3.112000,6.643500,16.985100,1,17359,17359
8.827087,1,1,8,31,4,16.666998,3.235900,5.387900,15.038500,1,17359,17359
8.846565,1,1,8,31,4,16.667002,3.214800,5.597000,17.276899,1,18217,18217
8.860524,1,1,8,31,4,16.666800,8.302000,7.306700,17.881100,1,18217,18217
8.877163,1,1,8,31,4,16.666800,3.385000,6.451300,18.380800,1,18217,18217
8.893698,1,1,8,31,4,16.666901,2.999500,4.846700,16.026600,1,18217,18217
8.910356,1,1,8,31,4,16.666800,2.510500,5.943600,14.741500,1,18217,18217
8.927292,1,1,8,31,4,16.666901,2.797600,6.563100,15.856700,1,18217,18217
8.947218,1,1,8,31,4,16.666901,4.557500,6.379800,17.638399,1,19812,19812
8.960409,1,1,8,31,4,16.667002,7.954100,6.627300,17.769400,1,19812,19812
8.977169,1,1,8,31,4,16.666800,2.924900,7.384100,17.945601,1,19812,19812
8.993804,1,1,8,31,4,16.666901,3.212200,5.542200,16.912399,1,19812,19812
9.010710,1,1,8,31,4,16.666698,3.022400,6.110700,14.157800,1,19812,19812
9.027172,1,1,8,31,4,16.666800,2.926500,4.993500,15.047700,1,19812,19812
9.048795,1,1,8,31,4,16.666800,2.803800,6.624600,18.252800,1,19812,19812
9.060507,1,1,8,31,4,16.669199,9.659900,6.789000,18.786301,1,19812,19812
9.077346,1,1,8,31,4,16.666901,4.018400,5.056400,17.399799,1,19812,19812
9.093858,1,1,8,31,4,16.666800,3.186000,6.911900,16.089100,1,19812,19812
9.110540,1,1,8,31,4,16.666901,3.272600,5.915700,15.776800,1,19812,19812
9.127028,1,1,8,31,4,16.666901,3.158100,5.494200,14.726100,1,19812,19812
9.148408,1,1,8,31,4,16.667002,4.983400,7.899300,18.871300,1,19812,19812
9.160404,1,1,8,31,4,16.667002,8.252700,6.823600,15.897600,1,19812,19812
9.177261,1,1,8,31,4,16.666998,3.822700,6.827700,18.677799,1,19812,19812
9.193768,1,1,8,31,4,16.666800,3.555300,5.686700,14.317600,1,19812,19812
9.210875,1,1,8,31,4,16.667002,3.205800,6.204300,16.889799,1,19812,19812
9.227210,1,1,8,31,4,16.666901,3.667500,7.418100,16.613400,1,19812,19812
9.248482,1,1,8,31,4,16.666800,3.532700,5.984100,15.697900,1,19812,19812
9.260590,1,1,8,31,4,16.666800,12.638700,5.984100,15.697900,1,19812,19812
9.277270,1,1,8,31,4,16.666800,4.506300,7.123300,20.027399,1,19812,19812
9.293919,1,1,8,31,4,16.666901,3.358400,7.991100,14.074900,1,19812,19812
9.314355,1,1,8,31,4,16.666901,4.424600,6.434100,15.873000,1,19812,19812
9.327143,1,1,8,31,4,16.667002,7.174200,8.483700,15.110200,1,19812,19812
9.347636,1,1,8,31,4,16.666901,3.207000,7.290400,15.258600,1,19812,19812
9.360514,1,1,8,31,4,16.666901,7.643000,6.654700,18.023399,1,19812,19812
9.377468,1,1,8,31,4,16.666901,4.006000,6.348700,14.243900,1,19812,19812
9.393753,1,1,8,31,4,16.666800,3.516200,6.721800,15.589300,1,19812,19812
9.410414,1,1,8,31,4,16.666897,2.394500,5.297100,14.725200,1,19812,19812
9.427138,1,1,8,31,4,16.666803,3.145700,6.409600,18.088900,1,19812,19812
9.447668,1,1,8,31,4,16.666800,3.170400,6.065900,15.735800,1,19818,19818
9.460569,1,1,8,31,4,16.666998,7.537400,6.636700,18.145300,1,19818,19818
9.477216,1,1,8,31,4,16.667002,3.815300,6.890300,19.342400,1,19818,19818
9.493983,1,1,8,31,4,16.666901,3.742100,7.065500,14.275500,1,19818,19818
9.510452,1,1,8,31,4,16.666800,3.568600,6.643000,15.686700,1,19818,19818
9.527303,1,1,8,31,4,16.666698,3.253700,7.174900,17.288200,1,19818,19818
9.548193,1,1,8,31,4,16.707603,4.392800,7.137600,17.135599,1,19822,19822
9.560692,1,1,8,31,4,16.666800,8.641600,6.664300,20.106300,1,19822,19822
9.577160,1,1,8,31,4,16.666800,3.412000,6.971400,16.378799,1,19822,19822
9.593842,1,1,8,31,4,16.666800,3.125700,6.216800,14.617600,1,19822,19822
9.610403,1,1,8,31,4,16.666901,3.312500,6.301900,16.563200,1,19822,19822
9.627205,1,1,8,31,4,16.666800,3.120700,6.123900,15.081500,1,19822,19822
9.647200,1,1,8,31,4,16.666800,6.769400,7.156000,16.500799,1,19827,19827
9.660629,1,1,8,31,4,16.666901,7.858600,6.513200,20.427700,1,19827,19827
9.677163,1,1,8,31,4,16.666800,6.476300,5.940900,14.906400,1,19827,19827
9.693776,1,1,8,31,4,16.666800,3.556500,6.974000,15.035400,1,19827,19827
9.710424,1,1,8,31,4,16.666800,2.906700,6.385300,14.886900,1,19827,19827
9.727270,1,1,8,31,4,16.667002,3.032000,6.437100,17.672199,1,19827,19827
9.748171,1,1,8,31,4,16.666897,3.210400,8.212000,17.252300,1,20015,20015
9.760678,1,1,8,31,4,16.666901,8.698000,7.991900,17.384501,1,20015,20015
9.777193,1,1,8,31,4,16.666901,4.798500,7.230900,19.632099,1,20015,20015
9.793822,1,1,8,31,4,16.666901,3.762800,6.721700,15.193100,1,20015,20015
9.810572,1,1,8,31,4,16.667002,3.162400,5.176000,14.808100,1,20015,20015
9.827486,1,1,8,31,4,16.667002,2.861100,7.740100,15.737900,1,20015,20015
9.848126,1,1,8,31,4,16.666800,3.749900,6.059000,16.163799,1,20367,20367
9.860584,1,1,8,31,4,16.666800,7.562200,7.403600,17.745899,1,20367,20367
9.877231,1,1,8,31,4,16.666901,3.157500,6.296500,20.110300,1,20367,20367
9.893744,1,1,8,31,4,16.666800,3.951000,6.582300,15.752200,1,20367,20367
9.910534,1,1,8,31,4,16.666698,2.531000,6.400900,14.767100,1,20367,20367
9.927128,1,1,8,31,4,16.667002,2.961600,7.198400,15.064100,1,20367,20367
9.948623,1,1,8,31,4,16.666998,2.456500,6.341900,16.442301,1,20550,20550
9.960502,1,1,8,31,4,16.666901,8.013300,7.014400,19.311600,1,20550,20550
9.977190,1,1,8,31,4,16.667002,3.556800,6.463100,17.977400,1,20550,20550
9.994046,1,1,8,31,4,16.666901,3.276400,7.221900,14.542800,1,20550,20550
10.010516,1,1,8,31,4,16.666698,4.007700,4.841400,14.764100,1,20550,20550
10.027306,1,1,8,31,4,16.666698,6.205100,7.108900,17.435600,1,20550,20550
10.048130,1,1,8,31,4,16.666901,4.278300,7.161600,17.186800,1,21424,21424
10.060949,1,1,8,31,4,16.818501,8.641000,8.712000,17.667000,1,21424,21424
10.077289,1,1,8,31,4,16.666800,4.574000,7.119100,19.377199,1,21424,21424
10.093927,1,1,8,31,4,16.667002,3.663000,7.150800,15.329300,1,21424,21424
10.110569,1,1,8,31,4,16.666901,2.829200,6.110500,16.215000,1,21424,21424
10.127426,1,1,8,31,4,16.666901,2.818500,5.422400,15.606800,1,21424,21424
10.148853,1,1,8,31,4,16.666800,7.369200,7.440400,19.844101,1,22291,22291
10.160746,1,1,8,31,4,16.666800,9.214100,6.230400,17.640400,1,22291,22291
10.177448,1,1,8,31,4,16.666901,3.128500,6.132400,14.733300,1,22291,22291
10.193938,1,1,8,31,4,16.666698,2.940500,6.793000,14.571600,1,22291,22291
10.210752,1,1,8,31,4,16.666698,3.468000,6.182800,14.886900,1,22291,22291
10.227301,1,1,8,31,4,16.666901,3.187000,5.509100,17.502199,1,22291,22291
10.249499,1,1,8,31,4,16.667002,3.867000,7.088700,17.404900,1,22986,22986
10.260605,1,1,8,31,4,16.670599,9.971100,7.329200,17.843201,1,22986,22986
10.277299,1,1,8,31,4,16.666800,2.711200,6.787200,19.051500,1,22986,22986
10.294128,1,1,8,31,4,16.667002,3.295100,7.746600,15.755300,1,22986,22986
10.310526,1,1,8,31,4,16.666698,3.661500,5.139500,14.541800,1,22986,22986
10.327259,1,1,8,31,4,16.666698,2.429800,4.914000,16.147499,1,22986,22986
10.347764,1,1,8,31,4,16.666901,2.245600,6.039600,14.648300,1,22993,22993
10.360713,1,1,8,31,4,16.666800,8.028700,6.336100,18.843700,1,22993,22993
10.377407,1,1,8,31,4,16.666698,2.828900,5.990100,16.667601,1,22993,22993
10.394132,1,1,8,31,4,16.666800,2.932900,5.693400,15.097900,1,22993,22993
10.410511,1,1,8,31,4,16.667002,2.956500,5.992400,16.064501,1,22993,22993
10.427322,1,1,8,31,4,16.667002,2.387300,5.620600,16.836599,1,22993,22993
10.449264,1,1,8,31,4,16.666698,2.770000,5.826900,16.485399,1,22996,22996
10.460859,1,1,8,31,4,16.666698,8.586800,6.484200,19.106800,1,22996,22996
10.477496,1,1,8,31,4,16.666901,4.293200,7.086100,18.996201,1,22996,22996
10.494133,1,1,8,31,4,16.666901,3.802000,6.621600,14.849000,1,22996,22996
10.510627,1,1,8,31,4,16.666698,3.647100,6.806500,16.100401,1,22996,22996
10.527280,1,1,8,31,4,16.667002,3.281600,6.128800,14.899200,1,22996,22996
10.551256,1,1,8,31,4,16.683199,3.338600,7.152400,17.305599,1,22997,22997
10.560780,1,1,8,31,4,16.667002,10.922300,8.269000,17.305599,1,22997,22997
10.577615,1,1,8,31,4,16.667002,3.179300,6.629200,17.731501,1,22997,22997
10.594109,1,1,8,31,4,16.666800,4.793100,6.675200,15.329300,1,22997,22997
10.610591,1,1,8,31,4,16.666901,3.303200,4.924800,16.417801,1,22997,22997
10.627287,1,1,8,31,4,16.666901,2.784400,5.284300,15.133700,1,22997,22997
10.647876,1,1,8,31,4,16.666998,2.521000,5.567200,13.821000,1,22998,22998
10.661564,1,1,8,31,4,16.666702,10.372200,6.012200,21.134300,1,22998,22998
10.677393,1,1,8,31,4,16.666698,3.791500,5.521100,18.552799,1,22998,22998
10.694227,1,1,8,31,4,16.666698,2.948200,7.453900,15.898600,1,22998,22998
10.710823,1,1,8,31,4,16.667002,4.140000,7.075200,14.789700,1,22998,22998
10.727271,1,1,8,31,4,16.667002,3.377000,7.831400,14.749700,1,22998,22998
10.751067,1,1,8,31,4,16.666897,2.997200,7.404300,16.413700,1,23170,23170
10.760743,1,1,8,31,4,16.666702,10.847100,8.153300,16.413700,1,23170,23170
10.777734,1,1,8,31,4,16.666901,4.164100,7.400600,19.785801,1,23170,23170
10.794216,1,1,8,31,4,16.666998,4.314700,7.622400,14.638000,1,23170,23170
10.810845,1,1,8,31,4,16.666901,4.533500,8.401000,13.709400,1,23170,23170
10.827382,1,1,8,31,4,16.666698,4.630100,7.535600,16.022499,1,23170,23170
10.851313,1,1,8,31,4,16.666803,3.259900,7.013100,14.906400,1,23171,23171
10.860716,1,1,8,31,4,16.666698,11.348200,7.101600,14.906400,1,23171,23171
10.877333,1,1,8,31,4,16.666901,2.990000,5.644000,13.112300,1,23171,23171
10.894212,1,1,8,31,4,16.666800,2.934500,7.234600,17.153000,1,23171,23171
10.910827,1,1,8,31,4,16.666901,3.606500,7.508300,17.029100,1,23171,23171
10.927436,1,1,8,31,4,16.666698,3.671900,6.754300,15.173700,1,23171,23171
10.951128,1,1,8,31,4,16.666800,3.959500,7.284700,18.401300,1,23342,23342
10.960653,1,1,8,31,4,16.667299,10.685500,5.971500,18.677700,1,23342,23342
10.977497,1,1,8,31,4,16.666698,3.375300,6.209400,16.575500,1,23342,23342
10.994145,1,1,8,31,4,16.666702,3.029100,6.342800,16.326700,1,23342,23342
11.010703,1,1,8,31,4,16.666897,3.172300,5.706600,15.813600,1,23342,23342
11.027393,1,1,8,31,4,16.666803,3.019300,7.002300,14.461900,1,23342,23342
11.049767,1,1,8,31,4,16.669899,3.283100,6.267500,16.531500,1,23687,23687
11.060857,1,1,8,31,4,16.684498,9.831400,7.891600,16.531500,1,23687,23687
11.077597,1,1,8,31,4,16.667101,3.964900,6.453100,19.033100,1,23687,23687
11.094007,1,1,8,31,4,16.666698,4.530600,6.571500,15.159300,1,23687,23687
11.110701,1,1,8,31,4,16.667002,3.431900,5.148100,15.130600,1,23687,23687
11.127420,1,1,8,31,4,16.666698,2.596200,5.310500,15.024100,1,23687,23687
11.150034,1,1,8,31,4,16.666901,2.971100,5.297500,15.013900,1,23687,23687
11.160648,1,1,8,31,4,16.686298,13.208000,5.297500,15.013900,1,23687,23687
11.177457,1,1,8,31,4,16.667002,3.942700,5.927700,18.744301,1,23687,23687
11.194017,1,1,8,31,4,16.667002,2.935800,5.431800,15.222800,1,23687,23687
11.210651,1,1,8,31,4,16.666901,2.769700,5.028800,15.202300,1,23687,23687
11.227360,1,1,8,31,4,16.666998,2.617600,5.600100,16.477200,1,23687,23687
11.248966,1,1,8,31,4,16.666702,2.549000,6.988000,14.748700,1,23863,23863
11.260729,1,1,8,31,4,16.666800,8.737100,6.467800,19.254200,1,23863,23863
11.277267,1,1,8,31,4,16.666901,2.881100,5.284900,16.238600,1,23863,23863
11.294079,1,1,8,31,4,16.666800,3.339100,5.714600,15.097900,1,23863,23863
11.310703,1,1,8,31,4,16.666901,3.046400,5.647400,13.892600,1,23863,23863
11.327562,1,1,8,31,4,16.666800,2.534600,6.291000,16.176100,1,23863,23863
11.347761,1,1,8,31,4,16.666698,3.654200,5.391600,16.586800,1,23866,23866
11.360644,1,1,8,31,4,16.666800,7.356900,6.544800,19.721201,1,23866,23866
11.377596,1,1,8,31,4,16.666698,2.650700,5.874100,14.880800,1,23866,23866
11.394024,1,1,8,31,4,16.667002,2.967700,6.164300,16.263100,1,23866,23866
11.410642,1,1,8,31,4,16.666800,3.508900,4.466000,15.528000,1,23866,23866
11.427452,1,1,8,31,4,16.666800,2.579200,6.039500,16.344000,1,23866,23866
11.448866,1,1,8,31,4,16.666800,2.962400,6.059400,17.450001,1,23866,23866
11.461368,1,1,8,31,4,16.949501,8.139300,6.373900,17.204201,1,23866,23866
11.477689,1,1,8,31,4,16.666901,3.851000,5.833400,19.037100,1,23866,23866
11.494464,1,1,8,31,4,16.666698,3.723600,7.322300,15.686700,1,23866,23866
11.511178,1,1,8,31,4,16.666800,3.804300,6.813300,14.353400,1,23866,23866
11.527636,1,1,8,31,4,16.666800,3.988100,6.595000,17.293301,1,23866,23866
11.550169,1,1,8,31,4,16.666698,3.409600,6.093000,15.530000,1,23872,23872
11.561069,1,1,8,31,4,16.666901,9.557500,7.162100,19.921900,1,23872,23872
11.577860,1,1,8,31,4,16.666901,4.018600,7.514000,19.358700,1,23872,23872
11.594656,1,1,8,31,4,16.666800,4.361100,7.003300,15.087700,1,23872,23872
11.611147,1,1,8,31,4,16.667002,3.913100,6.800600,16.571301,1,23872,23872
11.627772,1,1,8,31,4,16.666800,3.174000,6.055500,14.556200,1,23872,23872
11.649032,1,1,8,31,4,16.667002,3.809300,6.947700,15.147000,1,23873,23873
11.661245,1,1,8,31,4,16.666800,8.111400,7.197300,18.079800,1,23873,23873
11.677852,1,1,8,31,4,16.666800,7.362700,7.644900,19.369900,1,23873,23873
11.694636,1,1,8,31,4,16.666698,3.222600,8.494700,14.306300,1,23873,23873
11.711079,1,1,8,31,4,16.667002,3.624800,7.080000,14.999600,1,23873,23873
11.727738,1,1,8,31,4,16.666998,3.003100,6.654900,16.749599,1,23873,23873
11.748989,1,1,8,31,4,16.666702,2.873000,5.980200,16.618500,1,23888,23888
11.761074,1,1,8,31,4,16.666901,9.400300,7.413000,18.882500,1,23888,23888
11.777874,1,1,8,31,4,16.666998,3.186900,6.626500,17.813499,1,23888,23888
11.794368,1,1,8,31,4,16.667002,3.188800,7.498000,15.177800,1,23888,23888
11.811018,1,1,8,31,4,16.666698,3.159200,5.027100,14.882800,1,23888,23888
11.827701,1,1,8,31,4,16.666702,3.134100,6.582700,16.264200,1,23888,23888
11.848046,1,1,8,31,4,16.666897,3.345100,5.286400,16.666599,1,23894,23894
11.860979,1,1,8,31,4,16.666901,6.885500,6.551400,17.622999,1,23894,23894
11.877756,1,1,8,31,4,16.666702,3.626200,5.312800,18.488300,1,23894,23894
11.894463,1,1,8,31,4,16.666800,3.001100,7.625100,15.525900,1,23894,23894
11.910999,1,1,8,31,4,16.666901,3.584700,7.414900,15.710200,1,23894,23894
11.927873,1,1,8,31,4,16.666897,3.693600,7.101900,16.410700,1,23894,23894
11.950201,1,1,8,31,4,16.666800,3.503900,7.732100,17.225700,1,23894,23894
11.960963,1,1,8,31,4,16.666901,10.005200,7.289500,18.456600,1,23894,23894
11.977837,1,1,8,31,4,16.666702,3.333000,7.513300,18.875401,1,23894,23894
11.994546,1,1,8,31,4,16.666800,4.428600,6.528800,14.144500,1,23894,23894
12.011130,1,1,8,31,4,16.666800,3.774100,7.909400,14.365700,1,23894,23894
12.027717,1,1,8,31,4,16.666901,3.338800,6.394200,17.593300,1,23894,23894
12.048718,1,1,8,31,4,16.666901,3.445100,6.810400,15.392800,1,23875,23875
12.061359,1,1,8,31,4,16.666897,7.688300,5.919300,17.674200,1,23875,23875
12.077625,1,1,8,31,4,16.667101,4.237400,6.272500,18.354200,1,23875,23875
12.094432,1,1,8,31,4,16.666800,3.494000,7.952000,15.346700,1,23875,23875
12.111119,1,1,8,31,4,16.666698,4.578200,5.548000,15.947800,1,23875,23875
12.127596,1,1,8,31,4,16.666901,3.310800,8.902300,17.008600,1,23875,23875
12.150594,1,1,8,31,4,16.667002,2.628300,6.365200,15.622100,1,23881,23881
12.161104,1,1,8,31,4,16.666800,10.297400,6.605200,20.548700,1,23881,23881
12.177698,1,1,8,31,4,16.666698,3.412500,6.099400,19.198900,1,23881,23881
12.194460,1,1,8,31,4,16.666901,6.087600,8.175900,14.782500,1,23881,23881
12.211034,1,1,8,31,4,16.667002,4.563000,5.701800,16.474100,1,23881,23881
12.227571,1,1,8,31,4,16.666901,3.818500,5.881300,16.079901,1,23881,23881
12.249822,1,1,8,31,4,16.666800,2.754700,5.443500,14.250000,1,23881,23881
12.261032,1,1,8,31,4,16.666800,9.588000,8.458200,14.250000,1,23881,23881
12.277811,1,1,8,31,4,16.674702,3.671500,4.956300,19.900499,1,23881,23881
12.294317,1,1,8,31,4,16.666698,3.525400,8.257300,15.170500,1,23881,23881
12.311143,1,1,8,31,4,16.666901,2.809700,5.067600,13.922300,1,23881,23881
12.327753,1,1,8,31,4,16.666800,3.083000,6.341800,14.871600,1,23881,23881
12.348356,1,1,8,31,4,16.666800,4.155700,5.235400,16.099300,1,23883,23883
12.360968,1,1,8,31,4,16.666901,8.153300,6.277900,19.078100,1,23883,23883
12.377616,1,1,8,31,4,16.666800,2.783800,5.743300,18.289700,1,23883,23883
12.394241,1,1,8,31,4,16.666901,2.770100,7.137700,15.898600,1,23883,23883
12.411113,1,1,8,31,4,16.666901,2.829800,6.538400,16.074800,1,23883,23883
12.427678,1,1,8,31,4,16.666897,3.413300,8.187200,16.411600,1,23883,23883
12.449384,1,1,8,31,4,16.666901,3.027400,5.790900,14.873600,1,23883,23883
12.460873,1,1,8,31,4,16.666800,8.768600,5.728400,18.232300,1,23883,23883
12.478157,1,1,8,31,4,16.691402,2.651900,5.870400,18.715700,1,23883,23883
12.494538,1,1,8,31,4,16.666901,3.907600,6.163700,15.620100,1,23883,23883
12.511057,1,1,8,31,4,16.666800,3.861600,5.686000,14.887900,1,23883,23883
12.527635,1,1,8,31,4,16.675301,2.772200,5.536500,16.743500,1,23883,23883
12.548018,1,1,8,31,4,16.666800,2.956100,4.612800,16.439199,1,23888,23888
12.561115,1,1,8,31,4,16.666998,6.590400,6.479800,19.394600,1,23888,23888
12.577751,1,1,8,31,4,16.666803,3.573900,5.803500,15.041600,1,23888,23888
12.594502,1,1,8,31,4,16.666800,3.300700,7.299200,15.966200,1,23888,23888
12.610999,1,1,8,31,4,16.666901,3.749800,5.884900,15.245300,1,23888,23888
12.627882,1,1,8,31,4,16.666698,4.156300,6.018100,16.397301,1,23888,23888
12.648593,1,1,8,31,4,16.666901,3.024600,6.258200,17.250299,1,23904,23904
12.661056,1,1,8,31,4,16.666800,9.910800,7.127200,19.939301,1,23904,23904
12.677661,1,1,8,31,4,16.666901,3.447800,5.723200,20.007999,1,23904,23904
12.694519,1,1,8,31,4,16.666897,3.431900,7.096200,17.437700,1,23904,23904
12.711107,1,1,8,31,4,16.667002,6.108900,5.851000,16.346100,1,23904,23904
12.727725,1,1,8,31,4,16.666901,3.431100,7.380100,17.554399,1,23904,23904
12.748698,1,1,8,31,4,16.666901,3.248600,7.306700,14.085100,1,23904,23904
12.761125,1,1,8,31,4,16.667002,8.035200,5.761300,15.474700,1,23904,23904
12.777666,1,1,8,31,4,16.666698,3.065800,5.889000,15.874100,1,23904,23904
12.794410,1,1,8,31,4,16.666901,2.836300,5.261800,17.078199,1,23904,23904
12.811025,1,1,8,31,4,16.666800,3.669600,5.264000,16.598101,1,23904,23904
12.827686,1,1,8,31,4,16.666698,2.664500,6.578400,16.263100,1,23904,23904
12.848732,1,1,8,31,4,16.666901,3.191300,6.759200,15.230000,1,23904,23904
12.861013,1,1,8,31,4,16.666800,7.673400,7.018200,19.698700,1,23904,23904
12.877710,1,1,8,31,4,16.666698,4.822300,5.163300,16.233400,1,23904,23904
12.894346,1,1,8,31,4,16.732700,2.681600,5.917700,18.213900,1,23904,23904
12.911162,1,1,8,31,4,16.667002,2.402200,5.670800,17.082399,1,23904,23904
12.927714,1,1,8,31,4,16.666698,3.279200,6.880100,14.541800,1,23904,23904
12.948483,1,1,8,31,4,16.666698,2.628500,5.776800,16.487400,1,23910,23910
12.961337,1,1,8,31,4,16.666901,8.275900,6.755600,18.778099,1,23910,23910
12.977931,1,1,8,31,4,16.666702,3.465200,5.876800,15.148100,1,23910,23910
12.994439,1,1,8,31,4,16.666897,3.510900,6.952700,16.752600,1,23910,23910
13.011015,1,1,8,31,4,16.666803,3.096100,5.358500,15.177700,1,23910,23910
13.027822,1,1,8,31,4,16.666897,2.616600,5.543200,14.991400,1,23910,23910
13.049852,1,1,8,31,4,16.666803,3.567700,5.961600,15.463400,1,23912,23912
13.061135,1,1,8,31,4,16.666800,9.800500,8.444700,15.463400,1,23912,23912
13.077854,1,1,8,31,4,16.666998,4.028900,5.610600,20.000799,1,23912,23912
13.094412,1,1,8,31,4,16.666901,4.366500,9.559600,14.604200,1,23912,23912
13.111206,1,1,8,31,4,16.666800,3.880100,6.391800,17.650700,1,23912,23912
13.127877,1,1,8,31,4,16.666698,3.495400,7.487500,15.618100,1,23912,23912
13.148812,1,1,8,31,4,16.666901,3.231900,6.166600,14.618600,1,23914,23914
13.160962,1,1,8,31,4,16.666800,8.775000,5.532100,19.476500,1,23914,23914
13.177823,1,1,8,31,4,16.666901,2.542500,5.632600,17.781700,1,23914,23914
13.194404,1,1,8,31,4,16.667002,2.685800,6.086400,15.596600,1,23914,23914
13.211228,1,1,8,31,4,16.666698,2.578200,5.544200,16.665600,1,23914,23914
13.227845,1,1,8,31,4,16.666800,6.424100,6.907800,17.617901,1,23914,23914
13.250110,1,1,8,31,4,16.667002,3.156000,5.530500,13.955100,1,23928,23928
13.261184,1,1,8,31,4,16.666800,9.004800,5.991800,18.754601,1,23928,23928
13.277878,1,1,8,31,4,16.666698,3.721400,5.132300,16.125900,1,23928,23928
13.294324,1,1,8,31,4,16.666702,3.008000,5.102000,19.170300,1,23928,23928
13.311029,1,1,8,31,4,16.666800,2.210500,5.489800,16.173100,1,23928,23928
13.327829,1,1,8,31,4,16.666901,2.328000,5.011100,17.385500,1,23928,23928
13.347623,1,1,8,31,4,16.666800,2.402200,4.724300,14.035900,1,23935,23935
13.361085,1,1,8,31,4,16.666800,6.284500,6.758700,16.089100,1,23935,23935
13.377877,1,1,8,31,4,16.666800,3.540100,5.205000,13.367300,1,23935,23935
13.394445,1,1,8,31,4,16.666901,4.104800,6.023800,17.391600,1,23935,23935
13.411145,1,1,8,31,4,16.666901,2.994600,7.092100,15.215600,1,23935,23935
13.427890,1,1,8,31,4,16.666800,3.292000,8.002200,17.446899,1,23935,23935
13.451562,1,1,8,31,4,16.666698,2.919500,5.490800,16.160801,1,23977,23977
13.461452,1,1,8,31,4,16.843699,11.142800,6.217100,19.759100,1,23977,23977
13.478049,1,1,8,31,4,16.666901,3.556800,6.860900,18.381800,1,23977,23977
13.494672,1,1,8,31,4,16.666800,3.436000,6.572000,17.454100,1,23977,23977
13.511335,1,1,8,31,4,16.666901,3.747000,5.293700,16.330799,1,23977,23977
13.527973,1,1,8,31,4,16.666901,2.941200,5.619400,15.605700,1,23977,23977
13.549132,1,1,8,31,4,16.666800,2.788000,5.503800,17.920000,1,23981,23981
13.561242,1,1,8,31,4,16.666901,7.598900,6.985200,15.659000,1,23981,23981
13.577977,1,1,8,31,4,16.666698,2.910900,4.894000,14.277700,1,23981,23981
13.594625,1,1,8,31,4,16.666698,2.561900,5.604400,15.267800,1,23981,23981
13.611347,1,1,8,31,4,16.666901,2.980500,5.670500,17.645599,1,23981,23981
13.628023,1,1,8,31,4,16.666800,3.581600,6.570900,15.550400,1,23981,23981
13.650843,1,1,8,31,4,16.666698,3.396600,6.595500,15.356000,1,23985,23985
13.661293,1,1,8,31,4,16.666800,9.677300,5.341400,19.506100,1,23985,23985
13.677990,1,1,8,31,4,16.666803,2.571300,5.185300,18.344999,1,23985,23985
13.694638,1,1,8,31,4,16.666698,2.708700,8.382500,16.490499,1,23985,23985
13.711302,1,1,8,31,4,16.666698,2.944700,6.159000,16.370701,1,23985,23985
13.728372,1,1,8,31,4,16.666800,7.941600,5.793200,16.550900,1,23985,23985
13.748326,1,1,8,31,4,16.666800,4.387600,5.419100,15.264800,1,23997,23997
13.761449,1,1,8,31,4,16.666901,7.768700,5.493600,18.140100,1,23997,23997
13.777897,1,1,8,31,4,16.666698,3.054500,7.053200,15.591400,1,23997,23997
13.794660,1,1,8,31,4,16.666800,3.258200,5.700400,17.202200,1,23997,23997
13.811391,1,1,8,31,4,16.666800,2.879400,7.253600,15.172600,1,23997,23997
13.828044,1,1,8,31,4,16.666800,3.067400,6.194400,16.065599,1,23997,23997
13.848850,1,1,8,31,4,16.666800,3.419500,5.350600,16.529400,1,23997,23997
13.861225,1,1,8,31,4,16.666800,8.486800,4.865000,19.891199,1,23997,23997
13.877974,1,1,8,31,4,16.667002,3.106000,5.210800,17.163200,1,23997,23997
13.894571,1,1,8,31,4,16.666698,2.465300,6.134000,19.891199,1,23997,23997
13.911270,1,1,8,31,4,16.666901,2.722200,5.570200,15.601700,1,23997,23997
13.928026,1,1,8,31,4,16.666901,2.679800,4.952300,16.529400,1,23997,23997
13.948474,1,1,8,31,4,16.666800,2.599500,5.248100,13.403200,1,24002,24002
13.961401,1,1,8,31,4,16.666901,7.584300,5.749700,17.002501,1,24002,24002
13.978152,1,1,8,31,4,16.666800,4.180600,6.194900,14.563300,1,24002,24002
13.994853,1,1,8,31,4,16.666901,3.428600,7.692200,17.616899,1,24002,24002
14.011297,1,1,8,31,4,16.666901,3.159500,5.773600,16.016399,1,24002,24002
14.027904,1,1,8,31,4,16.666800,2.720700,6.171900,17.167299,1,24002,24002
14.048218,1,1,8,31,4,16.666901,3.162200,4.763300,15.180800,1,24008,24008
14.061360,1,1,8,31,4,16.666901,6.360300,7.039800,19.458099,1,24008,24008
14.077899,1,1,8,31,4,16.666698,4.388100,5.574800,15.389700,1,24008,24008
14.094685,1,1,8,31,4,16.666901,3.817300,8.011800,17.491899,1,24008,24008
14.111365,1,1,8,31,4,16.666698,2.957500,6.368400,16.106501,1,24008,24008
14.127861,1,1,8,31,4,16.666800,3.371500,5.452200,15.180800,1,24008,24008
14.150558,1,1,8,31,4,16.691200,2.199300,5.535300,15.386700,1,24009,24009
14.161225,1,1,8,31,4,16.666800,9.000600,5.581200,19.070900,1,24009,24009
14.177953,1,1,8,31,4,16.667002,2.511100,4.957700,18.074699,1,24009,24009
14.194842,1,1,8,31,4,16.666800,2.959000,6.680500,16.697300,1,24009,24009
14.211318,1,1,8,31,4,16.666800,4.219400,5.435200,15.782900,1,24009,24009
14.227991,1,1,8,31,4,16.666800,6.141300,7.917200,16.590900,1,24009,24009
14.250441,1,1,8,31,4,16.666901,2.928700,5.483600,14.262200,1,24015,24015
14.261246,1,1,8,31,4,16.666800,9.300800,5.758700,18.350100,1,24015,24015
14.278134,1,1,8,31,4,16.666698,3.033700,5.826000,19.206200,1,24015,24015
14.294657,1,1,8,31,4,16.666901,3.068000,5.802500,14.630900,1,24015,24015
14.311230,1,1,8,31,4,16.666901,2.976300,4.930200,16.446400,1,24015,24015
14.328094,1,1,8,31,4,16.666800,2.818600,7.066700,14.901300,1,24015,24015
14.348095,1,1,8,31,4,16.666901,2.603200,5.002100,15.946700,1,24006,24006
14.361461,1,1,8,31,4,16.666698,6.764300,7.288700,17.035299,1,24006,24006
14.377961,1,1,8,31,4,16.667002,3.926100,6.484600,19.977200,1,24006,24006
14.394664,1,1,8,31,4,16.666800,2.768000,5.143100,15.828000,1,24006,24006
14.411488,1,1,8,31,4,16.666800,2.939800,5.208200,14.434300,1,24006,24006
14.427992,1,1,8,31,4,16.666901,2.718100,5.950800,16.515100,1,24006,24006
14.449612,1,1,8,31,4,16.666901,3.219900,5.553800,17.360901,1,24011,24011
14.461496,1,1,8,31,4,16.666800,8.806900,6.817100,18.413500,1,24011,24011
14.477956,1,1,8,31,4,16.666800,3.431800,5.657600,18.720800,1,24011,24011
14.494840,1,1,8,31,4,16.666901,2.796500,6.213400,18.275299,1,24011,24011
14.511340,1,1,8,31,4,16.667002,3.016200,6.761400,14.156800,1,24011,24011
14.527990,1,1,8,31,4,16.666901,3.272600,7.041400,15.677400,1,24011,24011
14.551497,1,1,8,31,4,16.678799,3.249800,6.353800,14.939200,1,24015,24015
14.561415,1,1,8,31,4,16.667002,10.871200,7.751300,14.939200,1,24015,24015
14.578035,1,1,8,31,4,16.666901,3.364400,6.325800,18.269199,1,24015,24015
14.595051,1,1,8,31,4,16.666800,2.918700,8.169700,17.514500,1,24015,24015
14.611378,1,1,8,31,4,16.666800,4.001500,6.827000,16.535500,1,24015,24015
14.628047,1,1,8,31,4,16.666998,3.189300,6.645100,15.424500,1,24015,24015
14.649162,1,1,8,31,4,16.666901,3.102600,5.021100,15.584300,1,24020,24020
14.661345,1,1,8,31,4,16.666800,7.573800,4.929500,16.481300,1,24020,24020
14.678203,1,1,8,31,4,16.666702,3.090700,4.886500,15.196100,1,24020,24020
14.694718,1,1,8,31,4,16.666698,2.672400,6.737500,15.174600,1,24020,24020
14.711378,1,1,8,31,4,16.666698,2.781800,6.376300,15.320100,1,24020,24020
14.727961,1,1,8,31,4,16.666800,6.443700,5.977200,17.110001,1,24020,24020
14.748272,1,1,8,31,4,16.666901,2.772300,6.222800,17.972200,1,24008,24008
14.761441,1,1,8,31,4,16.666698,6.904900,6.331100,19.490801,1,24008,24008
14.778078,1,1,8,31,4,16.667002,3.120100,6.084300,14.680100,1,24008,24008
14.794777,1,1,8,31,4,16.666698,4.384800,6.913700,16.413700,1,24008,24008
14.811266,1,1,8,31,4,16.666901,3.473500,5.855100,15.568900,1,24008,24008
14.828085,1,1,8,31,4,16.666698,2.801900,5.137200,16.535500,1,24008,24008
14.848921,1,1,8,31,4,16.666901,2.466700,4.787100,17.508400,1,24009,24009
14.861516,1,1,8,31,4,16.666800,8.588500,6.590200,17.314800,1,24009,24009
14.878072,1,1,8,31,4,16.666698,4.333200,5.924600,19.138599,1,24009,24009
14.894869,1,1,8,31,4,16.666901,3.248400,7.064400,18.966499,1,24009,24009
14.911388,1,1,8,31,4,16.666901,3.639300,7.630500,14.645300,1,24009,24009
14.928110,1,1,8,31,4,16.666901,3.180600,7.105900,15.847400,1,24009,24009
14.949435,1,1,8,30,4,16.667002,3.232700,5.070000,16.488400,1,24008,24008
14.961452,1,1,7,30,4,16.669500,8.118600,6.357300,17.996799,1,24008,24008
14.978023,1,1,7,30,4,16.666698,3.704300,6.377800,15.493200,1,24008,24008
14.994775,1,1,7,30,4,16.666901,3.299500,7.183900,14.455800,1,24008,24008
15.011390,1,1,7,30,4,16.667002,3.148200,6.831100,16.325600,1,24008,24008
15.028069,1,1,7,30,4,16.666698,4.332700,6.426600,18.287600,1,24008,24008
15.048890,1,1,7,30,4,16.666698,3.132600,5.145700,15.975400,1,24011,24011
15.061236,1,1,7,30,4,16.666901,8.123500,5.280300,17.861700,1,24011,24011
15.077981,1,1,7,30,4,16.666901,2.427000,5.593200,16.660500,1,24011,24011
15.094802,1,1,7,30,4,16.666698,3.298600,7.620500,16.528299,1,24011,24011
15.111360,1,1,7,30,4,16.666800,3.377100,6.335700,15.009800,1,24011,24011
15.127951,1,1,7,30,4,16.666698,2.873200,5.585500,17.393700,1,24011,24011
15.149316,1,1,7,30,4,16.666800,2.763200,5.335900,15.585300,1,24011,24011
15.161472,1,1,7,30,4,16.666702,8.218600,5.342900,16.967699,1,24011,24011
15.178075,1,1,7,30,4,16.666800,3.079000,5.804900,18.913200,1,24011,24011
15.194782,1,1,7,30,4,16.666698,3.203800,6.056400,17.212400,1,24011,24011
15.211286,1,1,7,30,4,16.667002,3.427300,5.868300,14.628800,1,24011,24011
15.228138,1,1,7,30,4,16.666800,3.264300,5.513800,17.326099,1,24011,24011
15.250385,1,1,7,30,4,16.750898,6.595500,6.773100,17.731600,1,24012,24012
15.261567,1,1,7,30,4,16.666800,10.876000,6.301500,19.355700,1,24012,24012
15.278054,1,1,7,30,4,16.666800,3.385100,6.395200,16.676800,1,24012,24012
15.294755,1,1,7,30,4,16.666702,2.829800,7.079100,15.747100,1,24012,24012
15.311403,1,1,7,30,4,16.666897,3.069700,5.475800,16.153601,1,24012,24012
15.328046,1,1,7,30,4,16.666800,2.696900,6.068900,16.726000,1,24012,24012
15.349684,1,1,7,30,4,16.666702,3.049200,5.921800,16.304100,1,24002,24002
15.361350,1,1,7,30,4,16.666800,8.269000,5.182800,16.082001,1,24002,24002
15.378078,1,1,7,30,4,16.666998,3.756400,5.016100,15.226800,1,24002,24002
15.395093,1,1,7,30,4,16.672802,2.551700,5.011100,16.131100,1,24002,24002
15.411425,1,1,7,30,4,16.666698,3.515700,4.965000,15.501300,1,24002,24002
15.428059,1,1,7,30,4,16.666702,2.383500,5.747500,16.625700,1,24002,24002
15.449289,1,1,7,29,4,16.667097,2.575700,5.379500,16.948200,1,23999,23999
15.461368,1,1,7,29,4,16.666800,7.852600,4.833000,16.382999,1,23999,23999
15.478051,1,1,7,29,4,16.666901,2.818700,4.735600,18.289600,1,23999,23999
15.494794,1,1,7,29,4,16.666698,3.114600,4.856100,16.445499,1,23999,23999
15.511410,1,1,7,29,4,16.666901,2.429700,5.452300,16.137199,1,23999,23999
15.528043,1,1,7,29,4,16.666901,2.637100,5.621700,16.954399,1,23999,23999
15.548546,1,1,7,29,4,16.666901,2.386900,5.669600,15.131600,1,24000,24000
15.561344,1,1,7,29,4,16.667002,6.990200,6.074800,19.444799,1,24000,24000
15.578089,1,1,7,29,4,16.666901,2.597000,4.491700,14.688200,1,24000,24000
15.594787,1,1,7,29,4,16.666800,2.707600,7.551000,15.828000,1,24000,24000
15.611456,1,1,7,29,4,16.666901,3.464200,6.088900,16.055300,1,24000,24000
15.628009,1,1,7,29,4,16.666901,2.778200,6.732000,16.030701,1,24000,24000
15.651247,1,1,7,28,4,16.666698,2.270800,8.695100,18.621401,1,23998,23998
15.661593,1,1,7,28,4,16.667002,10.301200,5.549600,17.817600,1,23998,23998
15.678235,1,1,7,28,4,16.666998,3.145600,6.080400,18.059299,1,23998,23998
15.694849,1,1,7,28,4,16.666901,3.024600,5.803500,14.551000,1,23998,23998
15.711362,1,1,7,28,4,16.667101,2.765300,5.103600,14.367800,1,23998,23998
15.728166,1,1,7,28,4,16.666800,2.829600,6.523100,17.378300,1,23998,23998
15.750242,1,1,7,28,4,16.666901,6.169900,4.915300,18.403299,1,23996,23996
15.761469,1,1,7,28,4,16.666998,9.050700,6.861000,16.653299,1,23996,23996
15.778130,1,1,7,28,4,16.667002,3.068700,5.687800,18.725901,1,23996,23996
15.794807,1,1,7,28,4,16.667002,2.956800,5.646400,14.101500,1,23996,23996
15.811492,1,1,7,28,4,16.666901,2.710200,7.595500,15.825900,1,23996,23996
15.828313,1,1,7,28,4,16.666901,2.598700,7.269000,16.218100,1,23996,23996
15.851000,1,1,7,28,4,16.666698,4.066200,6.604600,17.217600,1,23997,23997
15.861476,1,1,7,28,4,16.666800,10.037000,7.835400,18.617300,1,23997,23997
15.878290,1,1,7,28,4,16.666901,3.805100,5.824400,19.917900,1,23997,23997
15.895050,1,1,7,28,4,16.666800,4.019700,7.781900,14.665700,1,23997,23997
15.911504,1,1,7,28,4,16.667002,4.200700,5.199600,15.090700,1,23997,23997
15.928193,1,1,7,28,4,16.666901,3.232400,5.850000,14.818300,1,23997,23997
15.951292,1,1,7,27,4,16.666698,2.751500,5.600100,14.670800,1,23990,23990
15.961374,1,1,7,27,4,16.666901,10.746500,6.790400,22.230101,1,23990,23990
15.978196,1,1,7,27,4,16.666800,2.625800,5.508700,15.681500,1,23990,23990
15.994840,1,1,7,27,4,16.666800,3.219000,6.007700,14.777300,1,23990,23990
16.011657,1,1,7,27,4,16.666800,3.124700,5.100300,14.645300,1,23990,23990
16.028131,1,1,7,27,4,16.666901,2.768900,5.277300,16.493601,1,23990,23990
16.048621,1,1,7,27,4,16.666698,2.695400,6.015700,17.396700,1,23990,23990
16.061534,1,1,7,27,4,16.666800,7.020100,5.950700,16.676901,1,23990,23990
16.078166,1,1,7,27,4,16.666800,4.175300,5.545100,17.735600,1,23990,23990
16.094744,1,1,7,27,4,16.666800,3.354100,6.287200,16.843800,1,23990,23990
16.111534,1,1,7,27,4,16.666698,2.832000,5.708900,14.843900,1,23990,23990
16.128036,1,1,7,27,4,16.667002,3.139900,7.322700,16.860201,1,23990,23990
16.148402,1,1,7,27,4,16.667002,2.832400,5.273000,16.612301,1,23990,23990
16.161447,1,1,7,27,4,16.666901,6.567000,7.142500,17.310699,1,23990,23990
16.178390,1,1,7,27,4,16.667097,3.274500,5.712700,19.230801,1,23990,23990
16.194913,1,1,7,27,4,16.667002,3.831100,7.749400,15.139800,1,23990,23990
16.211625,1,1,7,27,4,16.666901,3.383300,6.942500,15.324200,1,23990,23990
16.228064,1,1,7,27,4,16.667002,3.774700,6.234200,18.009100,1,23990,23990
16.249848,1,1,7,27,4,16.666698,3.203500,6.344200,14.326700,1,23984,23984
16.261552,1,1,7,27,4,16.666800,11.230000,6.890600,14.326700,1,23984,23984
16.278261,1,1,7,27,4,16.666901,2.990800,6.153800,19.396601,1,23984,23984
16.294772,1,1,7,27,4,16.666698,3.322000,6.446000,15.012900,1,23984,23984
16.311471,1,1,7,27,4,16.666800,3.238500,5.060000,14.908400,1,23984,23984
16.328115,1,1,7,27,4,16.666698,2.713500,7.133000,13.866000,1,23984,23984
16.349377,1,1,7,27,4,16.666702,2.958800,6.241400,15.514600,1,23983,23983
16.361648,1,1,7,27,4,16.666998,8.683400,6.339500,19.378201,1,23983,23983
16.378188,1,1,7,27,4,16.666702,3.511400,5.805600,17.691601,1,23983,23983
16.394763,1,1,7,27,4,16.666800,3.021200,7.401200,14.145600,1,23983,23983
16.411642,1,1,7,27,4,16.666800,3.749800,6.358100,15.940600,1,23983,23983
16.428126,1,1,7,27,4,16.666998,4.005100,6.490900,17.317801,1,23983,23983
16.451334,1,1,7,27,4,16.667002,3.490900,5.723600,15.194200,1,23983,23983
16.461591,1,1,7,27,4,16.666901,10.030800,7.397200,20.101101,1,23983,23983
16.478160,1,1,7,27,4,16.666901,3.350600,6.435600,16.410601,1,23983,23983
16.495046,1,1,7,27,4,16.666901,3.223600,6.378000,15.336500,1,23983,23983
16.511469,1,1,7,27,4,16.666901,3.744500,5.799700,16.247801,1,23983,23983
16.528106,1,1,7,27,4,16.666901,2.908800,5.167800,15.464400,1,23983,23983
16.550347,1,1,7,27,4,16.666698,3.089700,6.203000,16.560101,1,23978,23978
16.561461,1,1,7,27,4,16.667002,9.594700,6.676800,20.025400,1,23978,23978
16.578190,1,1,7,27,4,16.666998,3.032100,6.889400,22.294500,1,23978,23978
16.594961,1,1,7,27,4,16.666803,3.646600,6.402800,22.294500,1,23978,23978
16.611777,1,1,7,27,4,16.666897,3.507500,6.335000,19.059700,1,23978,23978
16.628162,1,1,7,27,4,16.666901,3.952100,9.158000,21.384199,1,23978,23978
16.650896,1,1,7,27,4,16.666702,3.414900,12.203600,18.327600,1,23978,23978
16.661603,1,1,7,27,4,16.666800,10.882600,7.749300,20.070400,1,23978,23978
16.678206,1,1,7,27,4,16.666897,3.250300,7.749300,19.113899,1,23978,23978
16.695009,1,1,7,27,4,16.667101,2.993100,17.547001,20.183100,1,23978,23978
16.711396,1,1,7,27,4,16.667002,3.700800,20.072800,20.183100,1,23978,23978
16.728039,1,1,7,27,4,16.666698,3.061000,18.129000,17.704901,1,23978,23978
16.748637,1,1,7,27,4,16.667002,2.445000,17.061600,16.684999,1,23978,23978
16.761417,1,1,7,27,4,16.666901,6.970900,16.997101,16.684999,1,23978,23978
16.778074,1,1,7,27,4,16.666698,6.308700,15.578000,15.499300,1,23978,23978
16.794869,1,1,7,27,4,16.666698,4.559900,15.571600,16.394199,1,23978,23978
16.811431,1,1,7,27,4,16.666800,2.920600,15.014400,15.660000,1,23978,23978
16.828113,1,1,7,27,4,16.666901,3.195000,15.460600,15.583300,1,23978,23978
16.850176,1,1,7,27,4,16.666901,2.877300,18.901300,17.375200,1,23978,23978
16.861495,1,1,7,27,4,16.667002,9.159700,18.901300,15.929300,1,23978,23978
16.878146,1,1,7,27,4,16.666698,3.244300,13.560200,16.946199,1,23978,23978
16.894909,1,1,7,27,4,16.666901,3.669000,15.523800,15.342600,1,23978,23978
16.911590,1,1,7,27,4,16.666901,3.322200,14.738400,16.789499,1,23978,23978
16.928336,1,1,7,27,4,16.667097,3.471300,17.094801,16.199699,1,23978,23978
16.949690,1,1,7,27,4,16.666702,3.578100,14.364000,16.010201,1,23976,23976
16.961470,1,1,7,27,4,16.666800,8.281900,14.364000,15.787000,1,23976,23976
16.978188,1,1,7,27,4,16.666800,2.972100,14.488500,15.580200,1,23976,23976
16.994798,1,1,7,27,4,16.666901,3.498900,15.108800,15.657000,1,23976,23976
17.011374,1,1,7,27,4,16.666897,3.247700,12.539700,15.966200,1,23976,23976
17.028323,1,1,7,27,4,16.666702,2.485800,14.201800,16.326599,1,23976,23976
17.051513,1,1,7,27,4,16.666800,2.990400,15.056200,15.608900,1,23975,23975
17.061545,1,1,7,27,4,16.666901,10.872800,7.219500,16.155600,1,23975,23975
17.078177,1,1,7,27,4,16.666800,3.497700,12.530700,14.867500,1,23975,23975
17.094803,1,1,7,27,4,16.666901,3.667200,8.835400,15.268800,1,23975,23975
17.111502,1,1,7,27,4,16.666998,3.156700,11.777000,17.577000,1,23975,23975
17.128276,1,1,7,27,4,16.667002,3.641400,9.478900,14.812200,1,23975,23975
17.151571,1,1,7,27,4,16.667002,3.067200,9.236200,16.707600,1,23975,23975
17.161461,1,1,7,27,4,16.666698,10.347200,5.537800,16.707600,1,23975,23975
17.178221,1,1,7,27,4,16.667002,2.436200,10.179200,18.499599,1,23975,23975
17.194992,1,1,7,27,4,16.666800,3.758400,7.024500,14.482400,1,23975,23975
17.211714,1,1,7,27,4,16.666800,3.537900,7.339500,17.087500,1,23975,23975
17.228267,1,1,7,27,4,16.666800,3.369100,8.477500,17.065001,1,23975,23975
17.249957,1,1,7,27,4,16.666901,3.840200,7.347100,16.541700,1,23975,23975
17.261585,1,1,7,27,4,16.666901,8.667400,5.888400,16.541700,1,23975,23975
17.278247,1,1,7,27,4,16.667002,6.487500,6.045500,17.184799,1,23975,23975
17.294711,1,1,7,27,4,16.666698,2.988000,8.561800,16.373800,1,23975,23975
17.311443,1,1,7,27,4,16.666800,2.675100,6.773100,15.753200,1,23975,23975
17.328167,1,1,7,27,4,16.666901,2.775300,8.998400,16.743401,1,23975,23975
17.352243,1,1,7,27,4,16.666800,2.470600,7.356000,17.390600,1,23975,23975
17.361454,1,1,7,27,4,16.666998,11.384700,7.356000,17.390600,1,23975,23975
17.378218,1,1,7,27,4,16.667002,2.913200,9.149000,15.374400,1,23975,23975
17.394842,1,1,7,27,4,16.666901,2.717100,6.486300,13.864900,1,23975,23975
17.411544,1,1,7,27,4,16.666698,3.346600,7.529900,15.693800,1,23975,23975
17.428268,1,1,7,27,4,16.666800,3.750900,6.821200,13.529100,1,23975,23975
17.450299,1,1,7,27,4,16.666800,3.450600,5.312100,14.236700,1,23977,23977
17.461597,1,1,7,27,4,16.666901,8.388300,6.174100,17.877001,1,23977,23977
17.478116,1,1,7,27,4,16.666901,3.616700,5.676600,18.140200,1,23977,23977
17.495090,1,1,7,27,4,16.666901,2.862300,6.724500,14.205900,1,23977,23977
17.511372,1,1,7,27,4,16.666901,3.260700,5.448400,15.077400,1,23977,23977
17.528106,1,1,7,27,4,16.666901,2.880400,5.855200,16.435200,1,23977,23977
17.549221,1,1,7,27,4,16.667002,2.550500,5.593300,16.704500,1,23977,23977
17.561933,1,1,7,27,4,16.666901,7.645200,6.609500,18.711500,1,23977,23977
17.578111,1,1,7,27,4,16.666698,3.514900,6.829800,18.244699,1,23977,23977
17.595008,1,1,7,27,4,16.666698,3.532000,8.180900,15.952900,1,23977,23977
17.611615,1,1,7,27,4,16.666800,3.393300,7.068500,15.949800,1,23977,23977
17.628162,1,1,7,27,4,16.666901,3.595600,6.710600,16.046101,1,23977,23977
17.650091,1,1,7,27,4,16.666800,3.210300,5.985000,16.184299,1,23977,23977
17.661549,1,1,7,27,4,16.666800,9.344800,6.187000,18.416599,1,23977,23977
17.678223,1,1,7,27,4,16.743999,3.676800,8.185800,18.348000,1,23977,23977
17.694896,1,1,7,27,4,16.666800,3.618800,7.798800,14.653500,1,23977,23977
17.711586,1,1,7,27,4,16.667101,3.916300,5.620300,15.684600,1,23977,23977
17.728277,1,1,7,27,4,16.666800,2.508800,6.664200,16.660500,1,23977,23977
17.749484,1,1,7,27,4,16.666901,3.011800,5.068700,15.653900,1,23977,23977
17.761577,1,1,7,27,4,16.666901,8.294500,6.408100,18.873301,1,23977,23977
17.778246,1,1,7,27,4,16.666901,3.183400,6.600300,18.010099,1,23977,23977
17.794870,1,1,7,27,4,16.667002,6.307700,6.107100,16.022499,1,23977,23977
17.811608,1,1,7,27,4,16.666800,2.772400,6.102600,14.744600,1,23977,23977
17.828267,1,1,7,27,4,16.666698,3.232100,6.317800,17.285101,1,23977,23977
17.851367,1,1,7,27,4,16.666800,2.764000,6.711900,14.857300,1,23977,23977
17.861710,1,1,7,27,4,16.666901,9.127400,5.800900,19.969000,1,23977,23977
17.878313,1,1,7,27,4,16.667002,2.751500,5.263800,18.724800,1,23977,23977
17.895070,1,1,7,27,4,16.666998,2.750400,6.564100,15.760400,1,23977,23977
17.911628,1,1,7,27,4,16.666800,3.894400,6.533700,14.987300,1,23977,23977
17.928168,1,1,7,27,4,16.666800,3.484800,4.418700,15.199200,1,23977,23977
17.948816,1,1,7,26,4,16.666901,2.903300,4.721700,15.534100,1,23975,23975
17.961659,1,1,7,26,4,16.666800,6.590100,5.470100,17.493999,1,23975,23975
17.978175,1,1,7,26,4,16.667101,2.949200,4.811100,17.305599,1,23975,23975
17.994894,1,1,7,26,4,16.666800,2.318300,5.945800,15.909900,1,23975,23975
18.011569,1,1,7,26,4,16.666901,2.486100,5.693300,15.515700,1,23975,23975
18.028306,1,1,7,26,4,16.666901,2.759700,6.629700,16.927700,1,23975,23975
18.048303,1,1,7,26,4,16.666800,3.004900,5.294000,17.007601,1,23975,23975
18.061517,1,1,7,26,4,16.666800,7.807500,6.945900,18.518000,1,23975,23975
18.078192,1,1,7,26,4,16.666800,3.069700,4.780800,19.141701,1,23975,23975
18.094866,1,1,7,26,4,16.667002,3.147300,6.698900,14.075900,1,23975,23975
18.111606,1,1,7,26,4,16.666800,2.767500,5.301600,13.786100,1,23975,23975
18.128403,1,1,7,26,4,16.666698,2.587300,7.437300,19.156000,1,23975,23975
18.151306,1,1,7,26,4,16.667002,3.182300,6.187600,15.885300,1,23975,23975
18.161535,1,1,7,26,4,16.666800,10.227000,6.335900,19.622900,1,23975,23975
18.178269,1,1,7,26,4,16.666800,3.683100,5.343400,18.906099,1,23975,23975
18.194988,1,1,7,26,4,16.666698,2.940300,5.853400,13.392900,1,23975,23975
18.211755,1,1,7,26,4,16.666698,2.874700,5.090900,14.395400,1,23975,23975
18.228193,1,1,7,26,4,16.666800,3.238700,6.316700,17.420300,1,23975,23975
18.250300,1,1,7,26,4,16.666901,3.636100,6.463600,15.042500,1,23979,23979
18.261930,1,1,7,26,4,16.666901,8.747500,6.807600,19.832899,1,23979,23979
18.278131,1,1,7,26,4,16.666901,3.832000,5.789200,20.022200,1,23979,23979
18.294885,1,1,7,26,4,16.666901,3.357900,7.672900,15.368200,1,23979,23979
18.311886,1,1,7,26,4,16.666901,7.721600,7.430500,18.154499,1,23979,23979
18.328227,1,1,7,26,4,16.666698,5.728100,7.334600,14.137400,1,23979,23979
18.350933,1,1,7,26,4,16.666800,3.426800,6.949300,14.805000,1,23981,23981
18.361535,1,1,7,26,4,16.666901,9.260300,6.743400,17.731501,1,23981,23981
18.378247,1,1,7,26,4,16.666800,2.892800,5.359900,18.283600,1,23981,23981
18.394960,1,1,7,26,4,16.667002,2.408800,5.833400,15.056900,1,23981,23981
18.411531,1,1,7,26,4,16.666901,3.102200,5.152900,14.993400,1,23981,23981
18.428230,1,1,7,26,4,16.666901,2.922400,5.242700,15.467500,1,23981,23981
18.448834,1,1,7,26,4,16.666800,2.554500,5.692700,16.750601,1,23987,23987
18.461473,1,1,7,26,4,16.666800,6.748700,5.372500,17.209299,1,23987,23987
18.478405,1,1,7,26,4,16.666800,2.585200,5.551500,17.025000,1,23987,23987
18.494908,1,1,7,26,4,16.667002,3.015500,6.304100,16.394300,1,23987,23987
18.511634,1,1,7,26,4,16.666897,3.248100,5.820200,15.747100,1,23987,23987
18.528712,1,1,7,26,4,16.666803,3.378800,5.980900,17.345501,1,23987,23987
18.550264,1,1,7,26,4,16.666800,3.140300,6.322200,16.219101,1,23987,23987
18.561540,1,1,7,26,4,16.666698,9.447700,6.464900,19.499001,1,23987,23987
18.578177,1,1,7,26,4,16.667002,3.183100,6.702100,18.137100,1,23987,23987
18.594843,1,1,7,26,4,16.666698,3.030200,5.939500,14.358500,1,23987,23987
18.611673,1,1,7,26,4,16.666901,3.007000,6.796800,15.533100,1,23987,23987
18.628313,1,1,7,26,4,16.666901,3.845400,6.943700,16.956400,1,23987,23987
18.649515,1,1,7,26,4,16.666800,5.325800,4.945500,15.317000,1,23987,23987
18.661865,1,1,7,26,4,16.666998,8.067600,7.761900,18.778099,1,23987,23987
18.678309,1,1,7,26,4,16.666702,3.490600,6.592800,19.004400,1,23987,23987
18.694939,1,1,7,26,4,16.666897,3.967600,5.874900,15.115300,1,23987,23987
18.711680,1,1,7,26,4,16.666901,2.843400,6.795600,15.125500,1,23987,23987
18.728242,1,1,7,26,4,16.666702,3.074200,6.643900,16.430099,1,23987,23987
18.751263,1,1,7,26,4,16.666897,3.097800,7.636900,16.699400,1,23987,23987
18.761515,1,1,7,26,4,16.666803,11.593800,7.443700,16.699400,1,23987,23987
18.778459,1,1,7,26,4,16.666998,3.272100,6.281600,20.612101,1,23987,23987
18.794799,1,1,7,26,4,16.667002,3.772500,7.457200,14.183400,1,23987,23987
18.811482,1,1,7,26,4,16.666901,2.732400,4.951700,15.472700,1,23987,23987
18.828314,1,1,7,26,4,16.666800,6.221200,6.932900,16.620501,1,23987,23987
18.850443,1,1,7,26,4,16.666800,3.520200,5.824300,14.147600,1,23987,23987
18.861434,1,1,7,26,4,16.667101,9.370500,5.874900,17.135599,1,23987,23987
18.878176,1,1,7,26,4,16.666901,2.871000,5.084300,17.485800,1,23987,23987
18.894908,1,1,7,26,4,16.666800,2.931700,5.690300,18.274300,1,23987,23987
18.911740,1,1,7,26,4,16.666901,2.671200,6.170000,15.061000,1,23987,23987
18.928315,1,1,7,26,4,16.666800,3.402200,6.618000,15.296500,1,23987,23987
18.949670,1,1,7,25,4,16.666998,2.830100,5.344400,15.795200,1,23986,23986
18.961654,1,1,7,25,4,16.666702,8.565200,5.801800,17.072201,1,23986,23986
18.978229,1,1,7,25,4,16.666897,2.662800,5.005500,17.904600,1,23986,23986
18.994921,1,1,7,25,4,16.666800,3.277800,6.963500,14.353400,1,23986,23986
19.011532,1,1,7,25,4,16.666803,3.116600,7.165100,16.882700,1,23986,23986
19.028294,1,1,7,25,4,16.666897,3.407200,8.147800,16.965599,1,23986,23986
19.049736,1,1,7,25,4,16.666800,2.619100,7.075900,15.321100,1,23981,23981
19.061579,1,1,7,25,4,16.666901,8.492700,7.401800,19.305500,1,23981,23981
19.078167,1,1,7,25,4,16.666800,3.304000,5.983000,17.779699,1,23981,23981
19.094937,1,1,7,25,4,16.666702,2.916100,6.050800,15.377400,1,23981,23981
19.111621,1,1,7,25,4,16.666901,4.359900,6.331500,16.631800,1,23981,23981
19.128164,1,1,7,25,4,16.666800,3.120300,6.426000,15.498300,1,23981,23981
19.148930,1,1,7,25,4,16.666698,2.649900,7.793000,16.564199,1,23981,23981
19.161699,1,1,7,25,4,16.666901,7.758000,5.625300,19.628000,1,23981,23981
19.178390,1,1,7,25,4,16.666800,3.434800,5.233100,14.497800,1,23981,23981
19.194789,1,1,7,25,4,16.666901,2.852900,4.992700,15.038500,1,23981,23981
19.211487,1,1,7,25,4,16.666901,2.298100,4.684400,15.802300,1,23981,23981
19.228330,1,1,7,25,4,16.666901,2.996700,7.772400,19.386400,1,23981,23981
19.248843,1,1,7,24,4,16.666998,3.080500,5.265700,18.708500,1,23974,23974
19.261578,1,1,7,24,4,16.667002,7.158700,7.020300,20.401100,1,23974,23974
19.278208,1,1,7,24,4,16.666698,3.417300,5.447600,20.401100,1,23974,23974
19.295025,1,1,7,24,4,16.673002,2.768300,6.074400,20.198400,1,23974,23974
19.311882,1,1,7,24,4,16.666998,3.220300,9.277300,21.601299,1,23974,23974
19.328232,1,1,7,24,4,16.666800,7.769500,9.277300,20.121599,1,23974,23974
19.350096,1,1,7,24,4,16.666901,4.405100,13.890300,16.203800,1,23970,23970
19.361661,1,1,7,24,4,16.667002,9.640900,8.027100,17.389601,1,23970,23970
19.378384,1,1,7,24,4,16.667002,4.464500,15.743800,16.739300,1,23970,23970
19.395144,1,1,7,24,4,16.666698,3.657600,11.566600,16.154600,1,23970,23970
19.411728,1,1,7,24,4,16.666800,3.411400,12.449300,17.074200,1,23970,23970
19.428268,1,1,7,24,4,16.666901,3.241900,13.163400,16.615400,1,23970,23970
19.448938,1,1,7,23,4,16.666800,2.734400,12.976200,16.889900,1,23967,23967
19.461585,1,1,7,23,4,16.666901,8.577600,8.408800,16.530399,1,23967,23967
19.478252,1,1,7,23,4,16.666901,2.425600,13.845900,17.372200,1,23967,23967
19.495000,1,1,7,23,4,16.666698,2.934900,14.011600,16.587700,1,23967,23967
19.511569,1,1,7,23,4,16.666901,2.960300,13.907000,17.409100,1,23967,23967
19.528212,1,1,7,23,4,16.666698,2.705400,14.848200,15.724500,1,23967,23967
19.549274,1,1,7,23,4,16.666800,2.528100,14.480000,17.458200,1,23967,23967
19.561576,1,1,7,23,4,16.666901,7.655600,11.083600,17.785801,1,23967,23967
19.578344,1,1,7,23,4,16.666698,3.440700,14.629000,15.629300,1,23967,23967
19.594958,1,1,7,23,4,16.666800,3.216100,14.604900,16.324699,1,23967,23967
19.611588,1,1,7,23,4,16.667002,3.134200,14.399200,16.501699,1,23967,23967
19.628582,1,1,7,23,4,16.666800,2.985100,12.753600,15.653900,1,23967,23967
19.650429,1,1,7,23,4,16.666698,3.250300,14.231900,16.633900,1,23965,23965
19.661650,1,1,7,23,4,16.666702,8.782600,6.681400,15.997900,1,23965,23965
19.678348,1,1,7,23,4,16.666901,2.747200,12.206800,15.548500,1,23965,23965
19.695085,1,1,7,23,4,16.666800,3.757700,10.702500,16.641001,1,23965,23965
19.711780,1,1,7,23,4,16.666897,3.301900,11.915600,15.583200,1,23965,23965
19.728300,1,1,7,23,4,16.667002,3.051100,9.589100,16.138201,1,23965,23965
19.749886,1,1,7,23,4,16.666800,2.836100,10.360600,17.017900,1,23965,23965
19.761601,1,1,7,23,4,16.667002,8.082200,5.278800,15.836200,1,23965,23965
19.778265,1,1,7,23,4,16.666901,2.814400,8.025400,15.611900,1,23965,23965
19.794864,1,1,7,23,4,16.666698,2.676400,9.621000,17.765301,1,23965,23965
19.811447,1,1,7,23,4,16.666901,3.242900,9.517800,15.856600,1,23965,23965
19.828294,1,1,7,23,4,16.667002,2.528400,11.030600,18.762800,1,23965,23965
19.848604,1,1,7,23,4,16.666698,5.658600,5.250000,15.355900,1,23965,23965
19.861526,1,1,7,23,4,16.666901,6.710300,5.915600,15.355900,1,23965,23965
19.878320,1,1,7,23,4,16.666698,2.660100,5.286000,14.706700,1,23965,23965
19.894994,1,1,7,23,4,16.667002,3.044500,6.237300,15.031300,1,23965,23965
19.911576,1,1,7,23,4,16.666800,3.388800,6.115300,14.766100,1,23965,23965
19.928280,1,1,7,23,4,16.666901,3.737500,6.342500,14.428100,1,23965,23965
19.948285,1,1,7,23,4,16.666901,3.452900,5.274600,15.263800,1,23965,23965
19.961640,1,1,7,23,4,16.666698,7.262600,6.896200,15.933400,1,23965,23965
19.978440,1,1,7,23,4,16.666901,3.190200,6.542300,18.407499,1,23965,23965
19.994853,1,1,7,23,4,16.666800,3.092700,7.217100,15.229900,1,23965,23965
20.011520,1,1,7,23,4,16.666800,3.091300,7.176800,15.608800,1,23965,23965
20.028367,1,1,7,23,4,16.666901,8.274100,7.026600,18.449499,1,23965,23965
20.050367,1,1,7,23,4,16.667002,3.866800,6.346400,16.696301,1,23968,23968
20.061598,1,1,7,23,4,16.666998,9.260900,7.340200,16.677900,1,23968,23968
20.078790,1,1,7,23,4,16.666702,3.660800,7.353200,19.952600,1,23968,23968
20.095130,1,1,7,23,4,16.673498,3.823300,9.086100,15.472700,1,23968,23968
20.111634,1,1,7,23,4,16.667002,3.990500,6.435100,14.735300,1,23968,23968
20.128277,1,1,7,23,4,16.666800,4.275500,6.668100,15.738900,1,23968,23968
20.151699,1,1,7,23,4,16.667002,3.092000,7.690400,15.932400,1,23970,23970
20.161697,1,1,7,23,4,16.666901,11.532300,7.785100,15.932400,1,23970,23970
20.178350,1,1,7,23,4,16.666897,3.685000,6.687000,20.881399,1,23970,23970
20.195049,1,1,7,23,4,16.666803,3.107800,7.055900,14.362600,1,23970,23970
20.211525,1,1,7,23,4,16.666897,3.719600,5.851600,14.201900,1,23970,23970
20.228334,1,1,7,23,4,16.666901,2.801000,6.000500,16.632799,1,23970,23970
20.249182,1,1,7,23,4,16.666800,2.423300,4.836800,14.958600,1,23972,23972
20.262031,1,1,7,23,4,16.666901,7.392900,6.751100,16.537600,1,23972,23972
20.278430,1,1,7,23,4,16.666800,4.759700,6.468300,18.099199,1,23972,23972
20.295054,1,1,7,23,4,16.666901,3.334900,6.231400,15.777800,1,23972,23972
20.311731,1,1,7,23,4,16.666901,3.214300,4.482600,15.569900,1,23972,23972
20.328213,1,1,7,23,4,16.666698,2.731700,5.903300,15.864800,1,23972,23972
20.348873,1,1,7,23,4,16.666800,2.700300,5.573800,15.149100,1,23970,23970
20.361776,1,1,7,23,4,16.666800,10.439500,6.758100,21.763100,1,23970,23970
20.378231,1,1,7,23,4,16.666901,3.629700,7.236800,18.588600,1,23970,23970
20.395043,1,1,7,23,4,16.666901,4.129800,7.202700,15.040500,1,23970,23970
20.411655,1,1,7,23,4,16.666901,3.326700,6.757900,14.040100,1,23970,23970
20.428501,1,1,7,23,4,16.666901,2.906200,6.546600,15.617000,1,23970,23970
20.448529,1,1,7,23,4,16.666901,3.508500,6.236000,16.962601,1,23970,23970
20.461708,1,1,7,23,4,16.666800,7.008000,6.140100,15.705100,1,23970,23970
20.478277,1,1,7,23,4,16.667002,3.655400,7.018900,19.933201,1,23970,23970
20.495002,1,1,7,23,4,16.666901,3.623600,5.362900,14.768100,1,23970,23970
20.511658,1,1,7,23,4,16.666800,3.539300,4.874100,15.743000,1,23970,23970
20.528244,1,1,7,23,4,16.666901,2.617400,5.252000,16.951300,1,23970,23970
20.549092,1,1,7,23,4,16.666800,2.885700,6.266700,16.536600,1,23975,23975
20.561742,1,1,7,23,4,16.666800,7.585600,6.856500,21.608400,1,23975,23975
20.578311,1,1,7,23,4,16.666800,3.540100,6.527300,14.514200,1,23975,23975
20.594913,1,1,7,23,4,16.668699,3.511800,7.774800,14.958600,1,23975,23975
20.611686,1,1,7,23,4,16.666800,3.556700,6.467100,16.982000,1,23975,23975
20.628437,1,1,7,23,4,16.762499,3.348600,6.420300,17.153099,1,23975,23975
20.650392,1,1,7,23,4,16.666901,3.019900,5.932300,14.353400,1,23974,23974
20.661852,1,1,7,23,4,16.667002,8.861100,6.328800,19.289101,1,23974,23974
20.678489,1,1,7,23,4,16.666698,4.379700,6.282300,18.074600,1,23974,23974
20.695296,1,1,7,23,4,16.722702,3.398200,7.121800,16.606199,1,23974,23974
20.711810,1,1,7,23,4,16.666800,3.653700,7.012000,14.753800,1,23974,23974
20.728416,1,1,7,23,4,16.667002,3.422300,6.560000,15.547400,1,23974,23974
20.749337,1,1,7,23,4,16.666897,4.051100,7.037500,16.332800,1,23974,23974
20.761762,1,1,7,23,4,16.666702,9.115900,5.256400,19.688499,1,23974,23974
20.778465,1,1,7,23,4,16.666698,2.912900,5.261100,14.319600,1,23974,23974
20.795088,1,1,7,23,4,16.666698,2.745900,5.439700,14.814200,1,23974,23974
20.811866,1,1,7,23,4,16.666698,3.285000,6.213400,17.019899,1,23974,23974
20.828378,1,1,7,23,4,16.667002,2.896300,5.424400,16.971800,1,23974,23974
20.851368,1,1,7,23,4,16.666698,2.914700,4.783700,15.764400,1,23972,23972
20.861899,1,1,7,23,4,16.666800,13.394500,4.783700,15.764400,1,23972,23972
20.878416,1,1,7,23,4,16.666800,2.712100,6.470800,24.163401,1,23972,23972
20.895304,1,1,7,23,4,16.666901,3.335600,6.950500,19.747801,1,23972,23972
20.911748,1,1,7,23,4,16.666800,3.514300,6.788700,14.687200,1,23972,23972
20.928567,1,1,7,23,4,16.666901,2.747700,6.113200,17.538099,1,23972,23972
20.950308,1,1,7,23,4,16.666901,3.097300,6.209800,13.272100,1,23972,23972
20.961807,1,1,7,23,4,16.666901,8.858600,6.012800,14.942200,1,23972,23972
20.978284,1,1,7,23,4,16.666800,3.670100,5.492200,15.158200,1,23972,23972
20.995142,1,1,7,23,4,16.666901,2.128200,6.282000,14.164000,1,23972,23972
21.011695,1,1,7,23,4,16.666698,3.131500,6.281600,14.967800,1,23972,23972
21.028414,1,1,7,23,4,16.666901,2.310000,5.578300,16.627701,1,23972,23972
21.050229,1,1,7,23,4,16.666901,2.851700,6.157700,16.914499,1,23976,23976
21.061697,1,1,7,23,4,16.666901,8.446300,5.717800,19.816401,1,23976,23976
21.078433,1,1,7,23,4,16.666698,2.523400,5.419800,19.139601,1,23976,23976
21.095296,1,1,7,23,4,16.666800,2.939600,6.310500,15.343600,1,23976,23976
21.111747,1,1,7,23,4,16.666800,4.490600,5.998200,15.859700,1,23976,23976
21.128281,1,1,7,23,4,16.666901,3.217100,5.302000,16.179199,1,23976,23976
21.148587,1,1,7,23,4,16.667002,2.314200,5.019300,14.556200,1,23976,23976
21.161775,1,1,7,23,4,16.666901,6.448200,7.463800,21.104601,1,23976,23976
21.178441,1,1,7,23,4,16.666800,3.372500,6.930800,15.106100,1,23976,23976
21.195122,1,1,7,23,4,16.666698,3.807100,6.197800,15.142900,1,23976,23976
21.212060,1,1,7,23,4,16.667002,3.790400,5.679200,15.193100,1,23976,23976
21.228341,1,1,7,23,4,16.666698,2.760700,6.370300,18.844601,1,23976,23976
21.249488,1,1,7,23,4,16.666698,2.622100,4.876200,16.775200,1,23976,23976
21.261736,1,1,7,23,4,16.666800,7.730100,5.983800,18.488300,1,23976,23976
21.278786,1,1,7,23,4,16.667101,2.727500,6.051200,14.516300,1,23976,23976
21.295039,1,1,7,23,4,16.666901,3.509900,5.712900,16.746401,1,23976,23976
21.311707,1,1,7,23,4,16.666698,3.161700,5.135400,14.833700,1,23976,23976
21.328491,1,1,7,23,4,16.683802,3.022100,6.341400,16.851000,1,23976,23976
21.351315,1,1,7,22,4,16.666800,3.791100,6.178900,15.752100,1,23973,23973
21.361771,1,1,6,22,4,16.666998,9.810500,7.029300,20.188200,1,23973,23973
21.378577,1,1,6,22,4,16.666800,8.304400,6.029300,19.701799,1,23973,23973
21.395151,1,1,6,22,4,16.666800,3.395800,7.667800,15.333300,1,23973,23973
21.411881,1,1,6,22,4,16.666800,3.466600,6.190400,17.336399,1,23973,23973
21.428421,1,1,6,22,4,16.666901,2.857700,7.095700,14.116800,1,23973,23973
21.449673,1,1,6,22,4,16.666901,3.317600,5.481100,15.697900,1,23975,23975
21.461993,1,1,6,22,4,16.666800,7.843200,5.284800,16.235600,1,23975,23975
21.478585,1,1,6,22,4,16.666901,3.173100,6.433500,19.443701,1,23975,23975
21.495307,1,1,6,22,4,16.666698,2.959800,6.517100,19.910601,1,23975,23975
21.511810,1,1,6,22,4,16.667002,3.524600,6.562300,16.175100,1,23975,23975
21.528420,1,1,6,22,4,16.666800,3.123900,6.243100,17.433599,1,23975,23975
21.550138,1,1,6,22,4,16.666698,3.493000,7.775100,17.766399,1,23975,23975
21.561814,1,1,6,22,4,16.666702,9.001100,7.537400,16.639999,1,23975,23975
21.578513,1,1,6,22,4,16.666800,3.423800,6.780600,15.705100,1,23975,23975
21.595464,1,1,6,22,4,16.666698,3.369800,7.915800,17.293301,1,23975,23975
21.612068,1,1,6,22,4,16.666800,4.535000,7.235600,18.380800,1,23975,23975
21.628625,1,1,6,22,4,16.666800,3.839200,7.100200,16.431101,1,23975,23975
21.650225,1,1,6,22,4,16.666698,3.330900,7.462000,16.445400,1,23973,23973
21.661978,1,1,6,22,4,16.666800,8.330300,5.971700,16.445400,1,23973,23973
21.678537,1,1,6,22,4,16.666702,4.064100,5.960000,15.712300,1,23973,23973
21.695330,1,1,6,22,4,16.666800,3.331600,7.050700,15.712300,1,23973,23973
21.711788,1,1,6,22,4,16.666800,3.822500,7.758400,15.556600,1,23973,23973
21.728567,1,1,6,22,4,16.666901,3.535000,7.746100,15.813600,1,23973,23973
21.751728,1,1,6,22,4,16.666897,4.258600,6.691300,15.766500,1,23973,23973
21.761757,1,1,6,22,4,16.667002,10.966000,6.653700,15.748100,1,23973,23973
21.778459,1,1,6,22,4,16.666800,3.059100,5.372400,15.403100,1,23973,23973
21.795036,1,1,6,22,4,16.666800,4.377600,6.050400,16.177099,1,23973,23973
21.811746,1,1,6,22,4,16.667002,3.105400,6.123200,16.656401,1,23973,23973
21.828509,1,1,6,22,4,16.667002,2.651300,6.568100,16.700399,1,23973,23973
21.852928,1,1,6,22,4,16.695299,2.986600,5.989800,15.583200,1,23975,23975
21.862021,1,1,6,22,4,16.720100,12.089600,5.989800,15.583200,1,23975,23975
21.878842,1,1,6,22,4,16.666800,8.604600,8.448500,16.835600,1,23975,23975
21.895264,1,1,6,22,4,16.667002,4.026800,7.446100,23.107599,1,23975,23975
21.912714,1,1,6,22,4,16.666901,4.973600,7.330100,18.445299,1,23975,23975
21.928663,1,1,6,22,4,16.666800,4.448400,6.892800,16.127001,1,23975,23975
21.949812,1,1,6,22,4,16.666698,3.616400,6.896100,19.089399,1,23975,23975
21.961836,1,1,6,22,4,16.666800,8.365700,5.374600,19.089399,1,23975,23975
21.978562,1,1,6,22,4,16.666800,2.549200,9.329600,15.962100,1,23975,23975
21.995607,1,1,6,22,4,16.669500,2.540800,7.387400,15.748100,1,23975,23975
22.012070,1,1,6,22,4,16.666800,3.653900,7.020300,16.910400,1,23975,23975
22.028826,1,1,6,22,4,16.666901,4.250600,8.359300,15.739900,1,23975,23975
22.050705,1,1,6,22,4,16.666800,4.556300,8.284400,16.311300,1,23973,23973
22.061902,1,1,6,22,4,16.666901,9.468100,7.433400,16.311300,1,23973,23973
22.078592,1,1,6,22,4,16.667002,3.196000,7.696500,14.928900,1,23973,23973
22.095217,1,1,6,22,4,16.666897,2.965900,7.470100,17.057800,1,23973,23973
22.111942,1,1,6,22,4,16.666803,3.177600,7.234500,15.731700,1,23973,23973
22.128601,1,1,6,22,4,16.666897,4.372600,9.098400,15.906900,1,23973,23973
22.154611,1,1,6,22,4,16.666800,4.894600,7.731800,14.667700,1,23974,23974
22.162218,1,1,6,22,4,16.666702,13.602500,7.731800,14.667700,1,23974,23974
22.178613,1,1,6,22,4,16.666800,3.826500,8.884800,20.287500,1,23974,23974
22.195396,1,1,6,22,4,16.666901,3.664500,8.385500,15.968200,1,23974,23974
22.212055,1,1,6,22,4,16.666800,3.552200,7.267500,15.968200,1,23974,23974
22.228605,1,1,6,22,4,16.666800,3.929400,8.800200,18.207800,1,23974,23974
22.252217,1,1,6,22,4,16.666800,3.467100,5.949300,15.411200,1,23974,23974
22.261933,1,1,6,22,4,16.666698,13.261700,6.320300,15.411200,1,23974,23974
22.278640,1,1,6,22,4,16.666800,3.290100,6.532900,16.224300,1,23974,23974
22.295223,1,1,6,22,4,16.667101,3.659800,6.474900,16.102400,1,23974,23974
22.311928,1,1,6,22,4,16.666901,3.134700,5.621400,16.316401,1,23974,23974
22.328641,1,1,6,22,4,16.666998,3.088700,7.665600,15.935500,1,23974,23974
22.349566,1,1,6,22,4,16.666901,3.532300,5.501000,17.070101,1,23972,23972
22.361811,1,1,6,22,4,16.666901,8.668700,6.886500,15.967200,1,23972,23972
22.378746,1,1,6,22,4,16.689402,4.097600,7.040300,17.025000,1,23972,23972
22.395286,1,1,6,22,4,16.666800,9.890100,6.158000,15.610900,1,23972,23972
22.411882,1,1,6,22,4,16.666800,3.388100,7.640400,17.985600,1,23972,23972
22.428550,1,1,6,22,4,16.666800,3.086300,7.817200,16.475100,1,23972,23972
22.452984,1,1,6,22,4,16.666901,3.187300,6.327600,16.818199,1,23976,23976
22.462081,1,1,6,22,4,16.666901,12.251400,5.419000,17.733601,1,23976,23976
22.478774,1,1,6,22,4,16.667002,3.161000,5.260100,14.731300,1,23976,23976
22.495393,1,1,6,22,4,16.666897,3.839600,6.228500,17.102800,1,23976,23976
22.511874,1,1,6,22,4,16.666901,3.585500,5.510900,15.389700,1,23976,23976
22.528800,1,1,6,22,4,16.666901,3.340200,4.667600,16.127001,1,23976,23976
22.549857,1,1,6,22,4,16.666800,2.880900,4.936600,17.437700,1,23976,23976
22.561769,1,1,6,22,4,16.666702,7.973100,5.591900,16.996300,1,23976,23976
22.578453,1,1,6,22,4,16.666800,2.606300,5.187400,15.526900,1,23976,23976
22.595321,1,1,6,22,4,16.666698,2.813600,5.560100,16.574499,1,23976,23976
22.611734,1,1,6,22,4,16.666698,3.067200,4.933200,16.968700,1,23976,23976
22.628481,1,1,6,22,4,16.666698,2.318400,4.971200,16.292900,1,23976,23976
22.649390,1,1,6,22,4,16.666698,2.559600,5.506800,16.544701,1,23978,23978
22.661974,1,1,6,22,4,16.667002,7.444200,7.317500,15.443000,1,23978,23978
22.678543,1,1,6,22,4,16.666800,3.107700,5.164600,17.791000,1,23978,23978
22.695167,1,1,6,22,4,16.666800,2.787200,6.207800,16.107500,1,23978,23978
22.712003,1,1,6,22,4,16.666702,2.940200,5.224400,15.621100,1,23978,23978
22.728615,1,1,6,22,4,16.666800,3.484200,7.275300,14.487600,1,23978,23978
22.751923,1,1,6,22,4,16.666800,3.034800,7.259600,15.639500,1,23978,23978
22.761890,1,1,6,22,4,16.666901,10.408800,6.466300,19.205200,1,23978,23978
22.778497,1,1,6,22,4,16.666897,2.873700,6.822700,14.855100,1,23978,23978
22.795266,1,1,6,22,4,16.666702,2.906500,6.299900,17.129499,1,23978,23978
22.812101,1,1,6,22,4,16.666901,3.270500,6.876900,14.891000,1,23978,23978
22.828514,1,1,6,22,4,16.666998,3.474100,5.662300,16.187401,1,23978,23978
22.851260,1,1,6,22,4,16.666800,3.618600,5.412200,16.757799,1,23983,23983
22.862001,1,1,6,22,4,16.666901,9.105900,6.955100,18.856899,1,23983,23983
22.878669,1,1,6,22,4,16.666901,3.425200,6.262900,17.773600,1,23983,23983
22.895261,1,1,6,22,4,16.667002,3.508700,7.695100,16.070601,1,23983,23983
22.912093,1,1,6,22,4,16.670998,7.322400,7.548400,18.100300,1,23983,23983
22.928757,1,1,6,22,4,16.788300,4.120700,7.628300,15.694800,1,23983,23983
22.949596,1,1,6,22,4,16.666702,3.306700,6.971100,16.451599,1,23983,23983
22.962067,1,1,6,22,4,16.666800,8.240500,6.101600,18.808800,1,23983,23983
22.978713,1,1,6,22,4,16.666800,2.855600,6.705500,15.417400,1,23983,23983
22.995437,1,1,6,22,4,16.666800,3.248000,6.696600,14.564300,1,23983,23983
23.012103,1,1,6,22,4,16.667002,3.607700,5.995400,15.962100,1,23983,23983
23.028617,1,1,6,22,4,16.666698,3.436600,5.616100,16.163900,1,23983,23983
23.050592,1,1,6,22,4,16.666800,2.569500,5.080700,14.991300,1,23981,23981
23.062128,1,1,6,22,4,16.666800,8.643200,5.632600,20.338699,1,23981,23981
23.078645,1,1,6,22,4,16.666800,3.799000,5.391500,18.882601,1,23981,23981
23.095411,1,1,6,22,4,16.667002,2.380900,6.252800,15.753200,1,23981,23981
23.112037,1,1,6,22,4,16.666800,2.877400,6.006900,13.733900,1,23981,23981
23.128898,1,1,6,22,4,16.666901,3.647500,6.120900,17.153000,1,23981,23981
23.149516,1,1,6,22,4,16.666998,3.677000,5.635500,15.337500,1,23982,23982
23.162019,1,1,6,22,4,16.666702,7.622200,8.384700,18.219000,1,23982,23982
23.178945,1,1,6,22,4,16.666897,3.312700,6.589600,18.874399,1,23982,23982
23.195439,1,1,6,22,4,16.667202,4.683600,5.438500,14.818300,1,23982,23982
23.212011,1,1,6,22,4,16.666901,3.410900,5.949200,16.033800,1,23982,23982
23.228758,1,1,6,22,4,16.666800,3.389700,6.110800,17.528799,1,23982,23982
23.250365,1,1,6,22,4,16.667002,2.884100,5.489300,14.355400,1,23982,23982
23.262055,1,1,6,22,4,16.666698,8.716000,6.721700,18.714701,1,23982,23982
23.278696,1,1,6,22,4,16.666800,3.618300,6.226600,19.791800,1,23982,23982
23.295326,1,1,6,22,4,16.666800,3.131300,6.725800,16.251900,1,23982,23982
23.312071,1,1,6,22,4,16.666800,3.478300,7.753600,14.174300,1,23982,23982
23.328894,1,1,6,22,4,16.667002,3.082800,6.232800,15.810500,1,23982,23982
23.349684,1,1,6,22,4,16.666901,3.182100,5.771100,15.683600,1,23982,23982
23.362056,1,1,6,22,4,16.666698,8.420500,6.366800,17.635300,1,23982,23982
23.378875,1,1,6,22,4,16.666698,3.141400,6.511100,19.888201,1,23982,23982
23.395481,1,1,6,22,4,16.672201,3.391100,7.958900,14.431200,1,23982,23982
23.411976,1,1,6,22,4,16.666901,6.857100,7.451100,17.930201,1,23982,23982
23.428785,1,1,6,22,4,16.666897,3.659800,7.640300,14.478400,1,23982,23982
23.449191,1,1,6,22,4,16.666702,3.353900,6.230600,15.092700,1,23978,23978
23.462173,1,1,6,22,4,16.666800,7.779700,6.757500,17.744900,1,23978,23978
23.478594,1,1,6,22,4,16.666998,3.214300,5.551500,18.641899,1,23978,23978
23.495322,1,1,6,22,4,16.666901,2.801700,5.333700,14.884900,1,23978,23978
23.512117,1,1,6,22,4,16.666901,2.885800,5.482000,14.926800,1,23978,23978
23.528763,1,1,6,22,4,16.666702,2.759100,6.307600,16.639000,1,23978,23978
23.549016,1,1,6,22,4,16.666897,3.312100,5.075800,17.328199,1,23972,23972
23.562087,1,1,6,22,4,16.666800,8.183400,8.401100,17.648600,1,23972,23972
23.578943,1,1,6,22,4,16.666702,3.962900,7.458900,20.665300,1,23972,23972
23.595523,1,1,6,22,4,16.666698,3.736100,6.567500,15.257600,1,23972,23972
23.611969,1,1,6,22,4,16.667002,2.982200,5.568500,15.706100,1,23972,23972
23.628617,1,1,6,22,4,16.666800,2.525100,5.851400,16.268299,1,23972,23972
23.651146,1,1,6,22,4,16.666698,2.803300,5.979000,14.346200,1,23977,23977
23.662238,1,1,6,22,4,16.666901,10.784900,6.926700,20.099100,1,23977,23977
23.678647,1,1,6,22,4,16.666698,4.165700,5.981000,19.024900,1,23977,23977
23.695305,1,1,6,22,4,16.666800,3.204300,6.241200,15.698900,1,23977,23977
23.712215,1,1,6,22,4,16.666800,2.770400,6.480300,15.089700,1,23977,23977
23.728688,1,1,6,22,4,16.666698,3.259200,6.586100,21.942200,1,23977,23977
23.750003,1,1,6,22,4,16.666901,2.619200,6.132600,20.594700,1,23982,23982
23.762213,1,1,6,22,4,16.667002,7.931100,8.428000,20.594700,1,23982,23982
23.778798,1,1,6,22,4,16.666901,4.192100,10.305400,20.211700,1,23982,23982
23.795373,1,1,6,22,4,16.667002,3.366100,14.719700,21.478399,1,23982,23982
23.812071,1,1,6,22,4,16.666698,3.002400,14.719700,20.605000,1,23982,23982
23.828638,1,1,6,22,4,16.666800,3.133900,18.400700,20.605000,1,23982,23982
23.850067,1,1,6,22,4,16.666698,3.198700,19.574699,20.446199,1,23982,23982
23.862062,1,1,6,22,4,16.666800,7.854200,19.715799,20.446199,1,23982,23982
23.878624,1,1,6,22,4,16.666901,3.221300,20.440399,21.197800,1,23982,23982
23.901959,1,1,6,22,4,23.148998,3.367100,24.950899,20.966400,1,23982,23982
23.918599,1,1,6,22,4,16.667002,7.374500,16.513201,19.147800,1,23982,23982
23.938525,1,1,6,22,4,20.047199,3.595000,20.175800,19.707899,1,23982,23982
23.962958,1,1,6,22,4,19.967001,2.751100,19.925400,19.436600,1,23983,23983
23.975723,1,1,6,22,4,17.250002,7.724600,17.252100,18.581499,1,23983,23983
23.992662,1,1,6,22,4,16.860199,3.130800,16.794100,17.163200,1,23983,23983
24.010327,1,1,6,22,4,17.652000,3.256500,17.244801,18.430000,1,23983,23983
24.027725,1,1,6,22,4,17.387800,2.799100,17.167000,17.329201,1,23983,23983
24.044467,1,1,6,22,4,16.667002,2.854600,16.173800,16.224199,1,23983,23983
24.067738,1,1,6,22,4,17.680000,3.248200,18.075701,17.684500,1,23979,23979
24.078658,1,1,6,22,4,16.666998,9.553300,16.073601,17.179701,1,23979,23979
24.095574,1,1,6,22,4,16.876404,2.902100,17.075199,16.853001,1,23979,23979
24.113825,1,1,6,22,4,18.222500,3.720000,17.299200,16.990200,1,23979,23979
24.131083,1,1,6,22,4,17.314899,4.139300,17.269600,17.210400,1,23979,23979
24.147962,1,1,6,22,4,16.666698,3.373900,15.112600,16.057301,1,23979,23979
24.168067,1,1,6,22,4,16.666698,2.998400,17.034901,17.616899,1,23976,23976
24.181019,1,1,6,22,4,16.666901,6.675000,16.303699,16.163799,1,23976,23976
24.198634,1,1,6,22,4,17.263699,2.860700,18.576799,15.580200,1,23976,23976
24.216203,1,1,6,22,4,17.799999,3.309500,17.409300,17.897499,1,23976,23976
24.233846,1,1,6,22,4,17.509703,3.957800,17.219601,18.714600,1,23976,23976
24.250910,1,1,6,22,4,17.097500,3.072500,16.933901,17.108000,1,23976,23976
24.272471,1,1,6,22,4,16.666901,3.138000,16.406099,16.648199,1,23977,23977
24.286592,1,1,6,22,4,19.055300,8.363900,19.250601,18.920401,1,23977,23977
24.303762,1,1,6,22,4,17.224800,3.324400,17.186501,18.220100,1,23977,23977
24.321231,1,1,6,22,4,17.435398,2.851100,17.317699,17.382401,1,23977,23977
24.337947,1,1,6,22,4,16.771902,4.585300,16.858000,17.443800,1,23977,23977
24.354594,1,1,6,22,4,16.666800,2.765000,16.317600,16.891899,1,23977,23977
24.376339,1,1,6,21,3,17.521299,2.699400,16.335199,15.751200,1,23976,23976
24.389418,1,1,6,21,3,17.261799,8.194200,16.400101,18.726900,1,23976,23976
24.407217,1,1,6,21,3,17.715603,3.149100,17.609100,16.518101,1,23976,23976
24.424646,1,1,6,21,3,17.529398,7.604600,15.310200,15.908900,1,23976,23976
24.441767,1,1,6,21,3,16.666698,3.187100,14.907100,18.610201,1,23976,23976
24.459400,1,1,6,21,3,17.972902,4.199300,19.483700,18.790400,1,23976,23976
24.479682,1,1,6,21,3,16.666698,3.225700,16.426300,16.812000,1,23971,23971
24.492593,1,1,6,21,3,16.666698,7.146200,16.557800,16.070700,1,23971,23971
24.509319,1,1,6,21,3,16.728300,2.728900,16.642401,17.981400,1,23971,23971
24.526104,1,1,6,21,3,16.666800,2.652300,16.201200,16.720900,1,23971,23971
24.543169,1,1,6,21,3,17.176003,3.026300,17.386499,16.051201,1,23971,23971
24.559910,1,1,6,21,3,16.666698,2.758300,15.962200,16.659500,1,23971,23971
24.582466,1,1,6,21,3,16.667097,3.574700,16.141399,15.572000,1,23971,23971
24.593295,1,1,6,21,3,16.666901,9.451300,17.173599,15.772600,1,23971,23971
24.609948,1,1,6,21,3,16.666901,4.083700,13.772700,15.758400,1,23971,23971
24.626661,1,1,6,21,3,16.666901,3.357100,14.734100,15.022000,1,23971,23971
24.643299,1,1,6,21,3,16.673201,3.711200,14.370800,14.790700,1,23971,23971
24.659875,1,1,6,21,3,16.666800,3.384800,15.511800,15.082500,1,23971,23971
24.684077,1,1,6,21,3,16.666901,3.330500,14.526700,14.629900,1,23974,23974
24.693371,1,1,6,21,3,16.667299,11.771000,14.526700,15.566900,1,23974,23974
24.709966,1,1,6,21,3,16.666800,3.134100,11.693200,12.605400,1,23974,23974
24.726740,1,1,6,21,3,16.666901,3.675500,13.133500,15.535100,1,23974,23974
24.743255,1,1,6,21,3,16.667101,3.881700,11.136300,13.319200,1,23974,23974
24.760059,1,1,6,21,3,16.666800,3.042200,9.157100,14.283800,1,23974,23974
24.782125,1,1,6,21,3,16.667002,3.554500,8.226000,14.781500,1,23969,23969
24.793324,1,1,6,21,3,16.666800,9.491200,8.888800,14.781500,1,23969,23969
24.809920,1,1,6,21,3,16.666800,4.795800,5.608800,15.087600,1,23969,23969
24.826541,1,1,6,21,3,16.666800,3.290100,7.204500,13.804500,1,23969,23969
24.843264,1,1,6,21,3,16.666698,3.010600,6.458900,16.666700,1,23969,23969
24.860082,1,1,6,21,3,16.666800,3.587900,7.380600,15.494100,1,23969,23969
24.883726,1,1,6,21,3,16.666800,3.437000,8.390200,15.112200,1,23969,23969
24.893433,1,1,6,21,3,16.666800,11.092800,6.746300,15.112200,1,23969,23969
24.909812,1,1,6,21,3,16.666702,3.698600,5.897600,14.593000,1,23969,23969
24.926452,1,1,6,21,3,16.666998,7.913600,8.242300,17.411100,1,23969,23969
24.943474,1,1,6,21,3,16.666800,3.624600,7.174300,14.632900,1,23969,23969
24.960154,1,1,6,21,3,16.667002,3.888600,6.366000,17.261600,1,23969,23969
24.981501,1,1,6,21,3,16.666901,3.963200,6.398100,15.097800,1,23969,23969
24.993248,1,1,6,21,3,16.666901,8.565500,6.929700,18.910299,1,23969,23969
25.009881,1,1,6,21,3,16.666901,2.772900,6.230300,13.564900,1,23969,23969
25.026533,1,1,6,21,3,16.666698,3.352200,5.749600,15.515600,1,23969,23969
25.043143,1,1,6,21,3,16.666901,3.528300,6.538000,16.509001,1,23969,23969
25.059857,1,1,6,21,3,16.666901,2.759500,5.644600,16.728001,1,23969,23969
25.081827,1,1,6,21,3,16.667002,2.778900,5.692700,16.926701,1,23969,23969
25.093157,1,1,6,21,3,16.666800,8.643800,5.974700,16.579599,1,23969,23969
25.109810,1,1,6,21,3,16.666800,2.543600,5.089400,19.464199,1,23969,23969
25.126759,1,1,6,21,3,16.666998,2.630100,6.931700,17.002501,1,23969,23969
25.143378,1,1,6,21,3,16.666901,4.460500,5.422300,14.933000,1,23969,23969
25.160044,1,1,6,21,3,16.666800,3.753200,5.427000,17.694799,1,23969,23969
25.180763,1,1,6,21,3,16.666901,3.148200,5.777900,14.867400,1,23969,23969
25.193300,1,1,6,21,3,16.666901,7.391300,5.648600,18.839600,1,23969,23969
25.209953,1,1,6,21,3,16.666901,2.856200,5.179600,14.783400,1,23969,23969
25.226575,1,1,6,21,3,16.667002,2.904600,6.662300,17.117201,1,23969,23969
25.243269,1,1,6,21,3,16.666800,2.861200,6.525000,17.051701,1,23969,23969
25.259820,1,1,6,21,3,16.666800,3.305400,5.111800,16.671700,1,23969,23969
25.282256,1,1,6,21,3,16.666800,3.577800,6.505000,16.611401,1,23969,23969
25.293333,1,1,6,21,3,16.666698,9.286000,6.217600,16.129999,1,23969,23969
25.309807,1,1,6,21,3,16.666800,3.465900,4.596900,19.577900,1,23969,23969
25.326447,1,1,6,21,3,16.666800,2.914800,5.233000,16.038900,1,23969,23969
25.343147,1,1,6,21,3,16.667002,2.623000,5.108400,15.299600,1,23969,23969
25.359915,1,1,6,21,3,16.666901,2.579700,5.907600,15.916000,1,23969,23969
25.383791,1,1,6,21,3,16.666901,2.692600,4.873200,17.133600,1,23975,23975
25.393177,1,1,6,21,3,16.666901,10.990500,5.401500,17.780701,1,23975,23975
25.409851,1,1,6,21,3,16.666901,2.666400,5.766600,17.007601,1,23975,23975
25.426556,1,1,6,21,3,16.666800,5.664100,6.604700,16.652300,1,23975,23975
25.443337,1,1,6,21,3,16.666901,3.552000,5.910100,15.500300,1,23975,23975
25.460102,1,1,6,21,3,16.666901,3.312100,6.226900,15.643600,1,23975,23975
25.481200,1,1,6,21,3,16.666800,3.288800,6.385700,16.378901,1,23977,23977
25.493142,1,1,6,21,3,16.666998,8.558200,7.207900,20.199400,1,23977,23977
25.510046,1,1,6,21,3,16.666702,4.061000,6.572400,15.197200,1,23977,23977
25.526490,1,1,6,21,3,16.666698,3.424600,7.408400,15.573000,1,23977,23977
25.543382,1,1,6,21,3,16.667002,2.787400,7.115000,17.183800,1,23977,23977
25.559966,1,1,6,21,3,16.666897,3.763500,7.778600,16.492500,1,23977,23977
25.581220,1,1,6,21,3,16.666803,3.767600,6.318800,16.687099,1,23977,23977
25.593177,1,1,6,21,3,16.666897,7.759200,7.505600,18.320400,1,23977,23977
25.609805,1,1,6,21,3,16.666800,3.104000,6.397800,16.846901,1,23977,23977
25.626622,1,1,6,21,3,16.666803,3.219300,5.710700,15.454200,1,23977,23977
25.643221,1,1,6,21,3,16.666998,3.475300,5.707600,17.871799,1,23977,23977
25.660137,1,1,6,21,3,16.667002,2.976200,5.642000,16.034901,1,23977,23977
25.682992,1,1,6,21,3,16.666901,3.644500,5.871900,14.421000,1,23978,23978
25.693175,1,1,6,21,3,16.667002,9.881600,6.376800,16.886801,1,23978,23978
25.709909,1,1,6,21,3,16.666901,3.081000,6.658500,18.116600,1,23978,23978
25.726702,1,1,6,21,3,16.666800,2.983300,5.618100,15.203300,1,23978,23978
25.743373,1,1,6,21,3,16.666901,3.781700,6.067500,17.297400,1,23978,23978
25.759978,1,1,6,21,3,16.666800,3.707600,6.273900,14.530600,1,23978,23978
25.783373,1,1,6,21,3,16.666800,2.995800,4.905800,15.296500,1,23984,23984
25.793256,1,1,6,21,3,16.666698,10.369800,7.885100,15.296500,1,23984,23984
25.809936,1,1,6,21,3,16.667002,4.179600,7.483000,21.210100,1,23984,23984
25.826507,1,1,6,21,3,16.666800,3.365700,5.979300,15.904800,1,23984,23984
25.843471,1,1,6,21,3,16.667097,2.734500,7.324500,14.542800,1,23984,23984
25.859977,1,1,6,21,3,16.666901,4.169000,7.582600,16.861200,1,23984,23984
25.882104,1,1,6,21,3,16.666901,3.258600,7.146300,15.004700,1,23984,23984
25.893305,1,1,6,21,3,16.666901,9.205900,6.256900,18.398199,1,23984,23984
25.909872,1,1,6,21,3,16.666698,3.388500,6.397100,14.433200,1,23984,23984
25.926444,1,1,6,21,3,16.666901,6.640600,7.898800,15.860800,1,23984,23984
25.943189,1,1,6,21,3,16.666800,2.852900,6.697900,16.395201,1,23984,23984
25.959952,1,1,6,21,3,16.666901,2.762500,6.657700,15.328300,1,23984,23984
25.982806,1,1,6,21,3,16.666901,3.700700,5.507800,15.739900,1,23984,23984
25.993303,1,1,6,21,3,16.666698,9.679900,8.065900,19.357700,1,23984,23984
26.010008,1,1,6,21,3,16.666901,3.891900,6.924400,19.377199,1,23984,23984
26.026508,1,1,6,21,3,16.666901,3.768800,7.281400,17.312700,1,23984,23984
26.043404,1,1,6,21,3,16.666901,2.904900,7.528400,15.725600,1,23984,23984
26.060074,1,1,6,21,3,16.806700,3.595300,6.080100,16.913401,1,23984,23984
26.083154,1,1,6,21,3,16.667002,3.108600,5.406000,15.768600,1,23986,23986
26.093527,1,1,6,21,3,16.667002,10.340500,6.696100,19.103701,1,23986,23986
26.110109,1,1,6,21,3,16.666800,3.260700,6.651100,15.908900,1,23986,23986
26.126822,1,1,6,21,3,16.666800,3.197400,7.614400,14.640100,1,23986,23986
26.143479,1,1,6,21,3,16.666800,4.354600,6.149100,15.735800,1,23986,23986
26.159978,1,1,6,21,3,16.666901,2.913400,4.758100,17.407000,1,23986,23986
26.183211,1,1,6,21,3,16.666897,2.485200,5.665600,16.567301,1,23989,23989
26.193482,1,1,6,21,3,16.666803,10.896800,7.700900,16.567301,1,23989,23989
26.210267,1,1,6,21,3,16.666800,5.828400,6.720600,19.464100,1,23989,23989
26.226754,1,1,6,21,3,16.666901,4.245900,6.539200,16.971701,1,23989,23989
26.243352,1,1,6,21,3,16.666897,3.381100,7.179400,15.631400,1,23989,23989
26.259977,1,1,6,21,3,16.667002,3.591200,7.244200,14.787600,1,23989,23989
26.281605,1,1,6,21,3,16.666800,3.230000,7.922300,13.769700,1,23989,23989
26.293618,1,1,6,21,3,16.666800,8.469900,8.329000,21.900299,1,23989,23989
26.310075,1,1,6,21,3,16.666698,4.043500,8.031300,15.498200,1,23989,23989
26.326787,1,1,6,21,3,16.666901,4.493000,8.007500,16.001101,1,23989,23989
26.343510,1,1,6,21,3,16.666800,4.195100,8.933300,15.375300,1,23989,23989
26.360131,1,1,6,21,3,16.667002,3.830800,7.013800,16.916500,1,23989,23989
26.383687,1,1,6,21,3,16.666901,3.203000,8.085400,13.888500,1,23989,23989
26.393484,1,1,6,21,3,16.666698,11.573200,8.085400,13.888500,1,23989,23989
26.410199,1,1,6,21,3,16.667002,3.739300,7.224000,20.846600,1,23989,23989
26.426892,1,1,6,21,3,16.666800,6.882000,7.213200,16.074699,1,23989,23989
26.443398,1,1,6,21,3,16.667002,5.147200,6.965000,15.775800,1,23989,23989
26.459994,1,1,6,21,3,16.666901,3.548400,6.493400,14.986200,1,23989,23989
26.481647,1,1,6,21,3,16.666698,3.183500,6.664300,15.964200,1,23990,23990
26.493436,1,1,6,21,3,16.666698,8.876000,8.738900,19.764200,1,23990,23990
26.510055,1,1,6,21,3,16.666901,3.948600,7.320400,15.888400,1,23990,23990
26.526656,1,1,6,21,3,16.666901,3.847900,7.933900,16.957399,1,23990,23990
26.543347,1,1,6,21,3,16.666800,4.220800,5.654900,16.589800,1,23990,23990
26.560075,1,1,6,21,3,16.666800,3.467700,8.718900,15.748100,1,23990,23990
26.584385,1,1,6,21,3,16.666800,3.448800,7.487800,14.950400,1,23990,23990
26.593563,1,1,6,21,3,16.666698,12.201200,7.487800,14.950400,1,23990,23990
26.610124,1,1,6,21,3,16.666800,4.135700,9.484500,17.203199,1,23990,23990
26.626897,1,1,6,21,3,16.666702,4.708600,7.957700,23.437401,1,23990,23990
26.643418,1,1,6,21,3,16.666901,3.547000,7.139400,16.533501,1,23990,23990
26.660230,1,1,6,21,3,16.666897,3.414500,5.844700,16.456699,1,23990,23990
26.680746,1,1,6,21,3,16.666803,3.940700,5.621500,14.419900,1,23990,23990
26.693330,1,1,6,21,3,16.666897,7.357000,6.924100,14.412800,1,23990,23990
26.709954,1,1,6,21,3,16.666702,3.469800,5.312600,14.600200,1,23990,23990
26.726893,1,1,6,21,3,16.666901,3.166100,6.367700,16.323601,1,23990,23990
26.743564,1,1,6,21,3,16.666998,3.163900,8.156900,14.936100,1,23990,23990
26.760118,1,1,6,21,3,16.666698,3.959900,7.765100,16.307199,1,23990,23990
26.782326,1,1,6,21,3,16.666803,3.128200,6.468700,17.359900,1,23990,23990
26.793367,1,1,6,21,3,16.666897,10.276200,7.380500,17.874901,1,23990,23990
26.810236,1,1,6,21,3,16.666901,3.245200,6.532100,18.328600,1,23990,23990
26.826861,1,1,6,21,3,16.666901,3.584300,8.746700,15.711200,1,23990,23990
26.843457,1,1,6,21,3,16.666698,3.956900,5.259600,14.507000,1,23990,23990
26.860073,1,1,6,21,3,16.666803,2.965200,6.773300,17.854500,1,23990,23990
26.881853,1,1,6,21,3,16.666698,3.024900,7.094700,16.351200,1,23990,23990
26.893485,1,1,6,21,3,16.666698,9.016200,7.478300,19.857401,1,23990,23990
26.910391,1,1,6,21,3,16.667002,4.161000,5.453900,16.171000,1,23990,23990
26.926640,1,1,6,21,3,16.666800,7.288200,7.716800,15.845400,1,23990,23990
26.943476,1,1,6,21,3,16.666698,3.193400,7.564600,15.561800,1,23990,23990
26.960135,1,1,6,21,3,16.666901,3.529900,6.475800,16.656300,1,23990,23990
26.983312,1,1,6,21,3,16.666901,3.149600,6.755200,16.226299,1,23990,23990
26.993499,1,1,6,21,3,16.666800,10.555000,6.755200,16.226299,1,23990,23990
27.010294,1,1,6,21,3,16.667002,4.158100,8.089800,20.670500,1,23990,23990
27.026851,1,1,6,21,3,16.669399,4.939400,7.572000,15.196100,1,23990,23990
27.043451,1,1,6,21,3,16.666998,3.759000,8.832400,13.721600,1,23990,23990
27.060289,1,1,6,21,3,16.666901,4.053100,9.883600,16.912399,1,23990,23990
27.082329,1,1,6,21,3,16.667002,3.972400,7.413900,16.367599,1,23990,23990
27.093390,1,1,6,21,3,16.667002,10.109100,9.226900,16.367599,1,23990,23990
27.110246,1,1,6,21,3,16.666800,3.965300,9.313200,21.916700,1,23990,23990
27.126894,1,1,6,21,3,16.691399,3.611300,10.327700,14.470100,1,23990,23990
27.144008,1,1,6,21,3,16.667002,5.952600,9.732500,16.492599,1,23990,23990
27.160365,1,1,6,21,3,16.667002,6.241400,7.975500,16.216101,1,23990,23990
27.184005,1,1,6,21,3,16.666800,3.694900,6.442700,15.833000,1,23990,23990
27.193540,1,1,6,21,3,16.667002,11.566500,6.442700,15.833000,1,23990,23990
27.210238,1,1,6,21,3,16.666698,3.853100,7.759100,20.189199,1,23990,23990
27.226906,1,1,6,21,3,16.667799,3.732100,9.469300,19.002300,1,23990,23990
27.243577,1,1,6,21,3,16.667101,5.023900,8.433300,14.351400,1,23990,23990
27.260306,1,1,6,21,3,16.666901,5.117300,8.312300,15.665100,1,23990,23990
27.282346,1,1,6,21,3,16.667002,4.007000,6.765300,17.257500,1,23990,23990
27.293377,1,1,6,21,3,16.666998,9.504300,7.044200,15.579200,1,23990,23990
27.310105,1,1,6,21,3,16.666702,2.853000,6.521000,14.919600,1,23990,23990
27.326693,1,1,6,21,3,16.666998,3.244800,6.647300,14.857200,1,23990,23990
27.343448,1,1,6,21,3,16.666698,3.217700,7.133400,16.220200,1,23990,23990
27.360195,1,1,6,21,3,16.667002,3.590200,7.033300,16.946199,1,23990,23990
27.383149,1,1,6,21,3,16.667101,4.426600,7.136000,15.222800,1,23990,23990
27.393564,1,1,6,21,3,16.667002,10.756800,7.745200,18.600901,1,23990,23990
27.410085,1,1,6,21,3,16.666800,3.902500,6.944400,16.782400,1,23990,23990
27.426890,1,1,6,21,3,16.666901,3.371000,6.363500,15.990700,1,23990,23990
27.443496,1,1,6,21,3,16.666800,7.289300,9.303500,19.327999,1,23990,23990
27.460114,1,1,6,21,3,16.666897,3.707600,7.451500,15.897600,1,23990,23990
27.481684,1,1,6,21,3,16.667002,3.754300,6.831800,15.504400,1,23990,23990
27.493462,1,1,6,21,3,16.666698,9.267800,7.871100,19.927099,1,23990,23990
27.510243,1,1,6,21,3,16.666803,4.283100,8.361700,15.056900,1,23990,23990
27.527037,1,1,6,21,3,16.666800,3.552800,7.072700,15.287300,1,23990,23990
27.543487,1,1,6,21,3,16.666897,3.537600,5.517600,17.257401,1,23990,23990
27.560340,1,1,6,21,3,16.666803,3.561800,6.481000,17.557501,1,23990,23990
