case,status,assertions,error
canonical_alpha_trait_contract,PASS,22,
human_two_distinct_matching_only_star1,PASS,6,
human_duplicate_stars_do_not_count_star1,PASS,6,
human_bench_excluded_star1,PASS,5,
human_two_distinct_matching_only_star2,PASS,6,
human_duplicate_stars_do_not_count_star2,PASS,6,
human_bench_excluded_star2,PASS,5,
human_two_distinct_matching_only_star3,PASS,6,
human_duplicate_stars_do_not_count_star3,PASS,6,
human_bench_excluded_star3,PASS,5,
human_duplicate_recipient_gets_bonus_once,PASS,7,
human_opponent_types_do_not_enable_friendly,PASS,7,
human_four_instances_do_not_unlock_expansion_tier,PASS,8,
elf_two_distinct_matching_only_star1,PASS,6,
elf_duplicate_stars_do_not_count_star1,PASS,6,
elf_bench_excluded_star1,PASS,5,
elf_two_distinct_matching_only_star2,PASS,6,
elf_duplicate_stars_do_not_count_star2,PASS,6,
elf_bench_excluded_star2,PASS,5,
elf_two_distinct_matching_only_star3,PASS,6,
elf_duplicate_stars_do_not_count_star3,PASS,6,
elf_bench_excluded_star3,PASS,5,
elf_duplicate_recipient_gets_bonus_once,PASS,7,
elf_opponent_types_do_not_enable_friendly,PASS,7,
elf_four_instances_do_not_unlock_expansion_tier,PASS,8,
dwarf_two_distinct_matching_only_star1,PASS,6,
dwarf_duplicate_stars_do_not_count_star1,PASS,6,
dwarf_bench_excluded_star1,PASS,5,
dwarf_two_distinct_matching_only_star2,PASS,6,
dwarf_duplicate_stars_do_not_count_star2,PASS,6,
dwarf_bench_excluded_star2,PASS,5,
dwarf_two_distinct_matching_only_star3,PASS,6,
dwarf_duplicate_stars_do_not_count_star3,PASS,6,
dwarf_bench_excluded_star3,PASS,5,
dwarf_duplicate_recipient_gets_bonus_once,PASS,7,
dwarf_opponent_types_do_not_enable_friendly,PASS,7,
dwarf_four_instances_do_not_unlock_expansion_tier,PASS,8,
orc_two_distinct_matching_only_star1,PASS,6,
orc_duplicate_stars_do_not_count_star1,PASS,6,
orc_bench_excluded_star1,PASS,5,
orc_two_distinct_matching_only_star2,PASS,6,
orc_duplicate_stars_do_not_count_star2,PASS,6,
orc_bench_excluded_star2,PASS,5,
orc_two_distinct_matching_only_star3,PASS,6,
orc_duplicate_stars_do_not_count_star3,PASS,6,
orc_bench_excluded_star3,PASS,5,
orc_duplicate_recipient_gets_bonus_once,PASS,7,
orc_opponent_types_do_not_enable_friendly,PASS,7,
orc_four_instances_do_not_unlock_expansion_tier,PASS,8,
guardian_two_distinct_matching_only_star1,PASS,6,
guardian_duplicate_stars_do_not_count_star1,PASS,6,
guardian_bench_excluded_star1,PASS,5,
guardian_two_distinct_matching_only_star2,PASS,6,
guardian_duplicate_stars_do_not_count_star2,PASS,6,
guardian_bench_excluded_star2,PASS,5,
guardian_two_distinct_matching_only_star3,PASS,6,
guardian_duplicate_stars_do_not_count_star3,PASS,6,
guardian_bench_excluded_star3,PASS,5,
guardian_duplicate_recipient_gets_bonus_once,PASS,7,
guardian_opponent_types_do_not_enable_friendly,PASS,7,
guardian_four_instances_do_not_unlock_expansion_tier,PASS,8,
warrior_two_distinct_matching_only_star1,PASS,6,
warrior_duplicate_stars_do_not_count_star1,PASS,6,
warrior_bench_excluded_star1,PASS,5,
warrior_two_distinct_matching_only_star2,PASS,6,
warrior_duplicate_stars_do_not_count_star2,PASS,6,
warrior_bench_excluded_star2,PASS,5,
warrior_two_distinct_matching_only_star3,PASS,6,
warrior_duplicate_stars_do_not_count_star3,PASS,6,
warrior_bench_excluded_star3,PASS,5,
warrior_duplicate_recipient_gets_bonus_once,PASS,7,
warrior_opponent_types_do_not_enable_friendly,PASS,7,
warrior_four_instances_do_not_unlock_expansion_tier,PASS,8,
ranger_two_distinct_matching_only_star1,PASS,6,
ranger_duplicate_stars_do_not_count_star1,PASS,6,
ranger_bench_excluded_star1,PASS,5,
ranger_two_distinct_matching_only_star2,PASS,6,
ranger_duplicate_stars_do_not_count_star2,PASS,6,
ranger_bench_excluded_star2,PASS,5,
ranger_two_distinct_matching_only_star3,PASS,6,
ranger_duplicate_stars_do_not_count_star3,PASS,6,
ranger_bench_excluded_star3,PASS,5,
ranger_duplicate_recipient_gets_bonus_once,PASS,7,
ranger_opponent_types_do_not_enable_friendly,PASS,7,
ranger_four_instances_do_not_unlock_expansion_tier,PASS,8,
rogue_two_distinct_matching_only_star1,PASS,6,
rogue_duplicate_stars_do_not_count_star1,PASS,6,
rogue_bench_excluded_star1,PASS,5,
rogue_two_distinct_matching_only_star2,PASS,6,
rogue_duplicate_stars_do_not_count_star2,PASS,6,
rogue_bench_excluded_star2,PASS,5,
rogue_two_distinct_matching_only_star3,PASS,6,
rogue_duplicate_stars_do_not_count_star3,PASS,6,
rogue_bench_excluded_star3,PASS,5,
rogue_duplicate_recipient_gets_bonus_once,PASS,7,
rogue_opponent_types_do_not_enable_friendly,PASS,7,
rogue_four_instances_do_not_unlock_expansion_tier,PASS,8,
mage_two_distinct_matching_only_star1,PASS,6,
mage_duplicate_stars_do_not_count_star1,PASS,6,
mage_bench_excluded_star1,PASS,5,
mage_two_distinct_matching_only_star2,PASS,6,
mage_duplicate_stars_do_not_count_star2,PASS,6,
mage_bench_excluded_star2,PASS,5,
mage_two_distinct_matching_only_star3,PASS,6,
mage_duplicate_stars_do_not_count_star3,PASS,6,
mage_bench_excluded_star3,PASS,5,
mage_duplicate_recipient_gets_bonus_once,PASS,7,
mage_opponent_types_do_not_enable_friendly,PASS,7,
mage_four_instances_do_not_unlock_expansion_tier,PASS,8,
priest_two_distinct_matching_only_star1,PASS,6,
priest_duplicate_stars_do_not_count_star1,PASS,6,
priest_bench_excluded_star1,PASS,5,
priest_two_distinct_matching_only_star2,PASS,6,
priest_duplicate_stars_do_not_count_star2,PASS,6,
priest_bench_excluded_star2,PASS,5,
priest_two_distinct_matching_only_star3,PASS,6,
priest_duplicate_stars_do_not_count_star3,PASS,6,
priest_bench_excluded_star3,PASS,5,
priest_duplicate_recipient_gets_bonus_once,PASS,7,
priest_opponent_types_do_not_enable_friendly,PASS,7,
priest_four_instances_do_not_unlock_expansion_tier,PASS,8,
overlapping_dwarf_guardian_armor_additive,PASS,3,
overlapping_elf_rogue_rate_additive,PASS,6,
orc_basic_and_skill_once,PASS,39,
warrior_basic_only_once,PASS,39,
ranger_basic_only_once,PASS,39,
mage_skill_only_once,PASS,39,
orc_mage_direct_bonuses_add_not_multiply,PASS,39,
priest_support_once_effect1,PASS,39,
orc_mage_do_not_boost_support_effect1,PASS,39,
priest_support_once_effect2,PASS,39,
orc_mage_do_not_boost_support_effect2,PASS,39,
priest_support_once_effect5,PASS,39,
orc_mage_do_not_boost_support_effect5,PASS,39,
priest_does_not_boost_negative_modifier,PASS,39,
elf_actual_attack_and_ability_timing,PASS,353,
rogue_actual_attack_and_ability_timing,PASS,353,
elf_rogue_actual_attack_and_ability_timing,PASS,354,
