seed,round,index,timeout,side,hero,star,final_health_cp
1,1,0,0,0,wc_vn_bellback,2,171000
1,1,0,0,0,wc_vn_cragstoat,1,65000
1,1,0,0,0,wc_vn_bellback,1,93444
1,1,0,0,1,wc_vn_n_seedpod,1,0
1,1,1,0,0,wc_vn_cragstoat,1,65000
1,1,1,0,0,wc_vn_bellback,1,93444
1,1,1,0,0,wc_vn_bellback,1,95000
1,1,1,0,0,wc_vn_grandmother_root,1,70000
1,1,1,0,1,wc_vn_n_seedpod,1,0
1,1,2,0,0,wc_vn_cragstoat,2,117000
1,1,2,0,0,wc_vn_grandmother_root,1,70000
1,1,2,0,0,wc_vn_cragstoat,1,63174
1,1,2,0,1,wc_vn_n_seedpod,1,0
1,1,3,0,0,wc_vn_cragstoat,1,65000
1,1,3,0,0,wc_vn_grandmother_root,1,70000
1,1,3,0,0,wc_vn_bellback,1,93444
1,1,3,0,0,wc_vn_bellback,1,95000
1,1,3,0,1,wc_vn_n_seedpod,1,0
1,1,4,0,0,wc_vn_cragstoat,1,65000
1,1,4,0,0,wc_vn_grandmother_root,2,126000
1,1,4,0,0,wc_vn_cragstoat,1,63174
1,1,4,0,1,wc_vn_n_seedpod,1,0
1,1,5,0,0,wc_vn_bellback,1,91888
1,1,5,0,0,wc_vn_grandmother_root,1,70000
1,1,5,0,0,wc_vn_grandmother_root,1,70000
1,1,5,0,0,wc_vn_bellback,1,95000
1,1,5,0,1,wc_vn_n_seedpod,1,0
1,1,6,0,0,wc_vn_cragstoat,1,65000
1,1,6,0,0,wc_vn_bellback,2,169444
1,1,6,0,0,wc_vn_grandmother_root,1,70000
1,1,6,0,1,wc_vn_n_seedpod,1,0
1,1,7,0,0,wc_vn_bellback,2,171000
1,1,7,0,0,wc_vn_grandmother_root,1,70000
1,1,7,0,0,wc_vn_cragstoat,1,65000
1,1,7,0,1,wc_vn_n_seedpod,1,0
1,2,0,0,0,wc_vn_bellback,2,171000
1,2,0,0,0,wc_vn_cragstoat,1,65000
1,2,0,0,0,wc_vn_bellback,2,168770
1,2,0,0,0,wc_vn_grandmother_root,1,70000
1,2,0,0,1,wc_vn_n_seedpod,1,0
1,2,0,0,1,wc_vn_n_reed_archer,1,0
1,2,1,0,0,wc_vn_cragstoat,1,50999
1,2,1,0,0,wc_vn_bellback,2,171000
1,2,1,0,0,wc_vn_snapvine,1,70000
1,2,1,0,0,wc_vn_bellback,1,95000
1,2,1,0,1,wc_vn_n_seedpod,1,0
1,2,1,0,1,wc_vn_n_reed_archer,1,0
1,2,2,0,0,wc_vn_cragstoat,2,117000
1,2,2,0,0,wc_vn_grandmother_root,2,126000
1,2,2,0,0,wc_vn_cragstoat,1,62565
1,2,2,0,0,wc_vn_bellback,1,95000
1,2,2,0,1,wc_vn_n_seedpod,1,0
1,2,2,0,1,wc_vn_n_reed_archer,1,0
1,2,3,0,0,wc_vn_cragstoat,2,110304
1,2,3,0,0,wc_vn_bellback,1,95000
1,2,3,0,0,wc_vn_snapvine,1,70000
1,2,3,0,0,wc_vn_snapvine,1,70000
1,2,3,0,1,wc_vn_n_seedpod,1,0
1,2,3,0,1,wc_vn_n_reed_archer,1,0
1,2,4,0,0,wc_vn_grandmother_root,2,126000
1,2,4,0,0,wc_vn_cragstoat,2,117000
1,2,4,0,0,wc_vn_bellback,1,95000
1,2,4,0,0,wc_vn_cragstoat,1,62565
1,2,4,0,1,wc_vn_n_seedpod,1,0
1,2,4,0,1,wc_vn_n_reed_archer,1,0
1,2,5,0,0,wc_vn_grandmother_root,2,126000
1,2,5,0,0,wc_vn_bellback,2,171000
1,2,5,0,0,wc_vn_snapvine,1,70000
1,2,5,0,0,wc_vn_cragstoat,1,60130
1,2,5,0,1,wc_vn_n_seedpod,1,0
1,2,5,0,1,wc_vn_n_reed_archer,1,0
1,2,6,0,0,wc_vn_cragstoat,1,63174
1,2,6,0,0,wc_vn_bellback,2,171000
1,2,6,0,0,wc_vn_grandmother_root,2,126000
1,2,6,0,0,wc_vn_cragstoat,1,57695
1,2,6,0,1,wc_vn_n_seedpod,1,0
1,2,6,0,1,wc_vn_n_reed_archer,1,0
1,2,7,0,0,wc_vn_bellback,2,164648
1,2,7,0,0,wc_vn_grandmother_root,1,70000
1,2,7,0,0,wc_vn_cragstoat,1,65000
1,2,7,0,0,wc_vn_bellback,2,171000
1,2,7,0,1,wc_vn_n_seedpod,1,0
1,2,7,0,1,wc_vn_n_reed_archer,1,0
1,3,0,0,0,wc_vn_bellback,2,171000
1,3,0,0,0,wc_vn_cragstoat,2,117000
1,3,0,0,0,wc_vn_bellback,2,168926
1,3,0,0,0,wc_vn_grandmother_root,2,126000
1,3,0,0,0,wc_vn_cragstoat,1,65000
1,3,0,0,1,wc_vn_n_seedpod,1,0
1,3,0,0,1,wc_vn_n_reed_archer,1,0
1,3,0,0,1,wc_vn_n_lantern_bulb,1,0
1,3,1,0,0,wc_vn_cragstoat,1,43869
1,3,1,0,0,wc_vn_bellback,2,171000
1,3,1,0,0,wc_vn_grandmother_root,2,126000
1,3,1,0,0,wc_vn_snapvine,1,70000
1,3,1,0,0,wc_vn_bellback,2,171000
1,3,1,0,1,wc_vn_n_seedpod,1,0
1,3,1,0,1,wc_vn_n_reed_archer,1,0
1,3,1,0,1,wc_vn_n_lantern_bulb,1,0
1,3,2,0,0,wc_vn_cragstoat,2,116065
1,3,2,0,0,wc_vn_grandmother_root,2,126000
1,3,2,0,0,wc_vn_cragstoat,2,117000
1,3,2,0,0,wc_vn_bellback,2,171000
1,3,2,0,0,wc_vn_bellback,1,95000
1,3,2,0,1,wc_vn_n_seedpod,1,0
1,3,2,0,1,wc_vn_n_reed_archer,1,0
1,3,2,0,1,wc_vn_n_lantern_bulb,1,0
1,3,3,0,0,wc_vn_cragstoat,2,117000
1,3,3,0,0,wc_vn_grandmother_root,1,70000
1,3,3,0,0,wc_vn_bellback,1,95000
1,3,3,0,0,wc_vn_bellback,1,91686
1,3,3,0,0,wc_vn_snapvine,2,126000
1,3,3,0,1,wc_vn_n_seedpod,1,0
1,3,3,0,1,wc_vn_n_reed_archer,1,0
1,3,3,0,1,wc_vn_n_lantern_bulb,1,0
1,3,4,0,0,wc_vn_grandmother_root,2,126000
1,3,4,0,0,wc_vn_cragstoat,2,117000
1,3,4,0,0,wc_vn_bellback,2,171000
1,3,4,0,0,wc_vn_cragstoat,1,61304
1,3,4,0,0,wc_vn_grandmother_root,1,70000
1,3,4,0,1,wc_vn_n_seedpod,1,0
1,3,4,0,1,wc_vn_n_reed_archer,1,0
1,3,4,0,1,wc_vn_n_lantern_bulb,1,0
1,3,5,0,0,wc_vn_grandmother_root,2,126000
1,3,5,0,0,wc_vn_bellback,2,171000
1,3,5,0,0,wc_vn_snapvine,1,70000
1,3,5,0,0,wc_vn_cragstoat,2,110848
1,3,5,0,1,wc_vn_n_seedpod,1,0
1,3,5,0,1,wc_vn_n_reed_archer,1,0
1,3,5,0,1,wc_vn_n_lantern_bulb,1,0
1,3,6,0,0,wc_vn_cragstoat,2,116065
1,3,6,0,0,wc_vn_bellback,2,169444
1,3,6,0,0,wc_vn_grandmother_root,2,126000
1,3,6,0,0,wc_vn_bellback,2,171000
1,3,6,0,0,wc_vn_bellback,1,95000
1,3,6,0,1,wc_vn_n_seedpod,1,0
1,3,6,0,1,wc_vn_n_reed_archer,1,0
1,3,6,0,1,wc_vn_n_lantern_bulb,1,0
1,3,7,0,0,wc_vn_bellback,2,171000
1,3,7,0,0,wc_vn_grandmother_root,2,126000
1,3,7,0,0,wc_vn_cragstoat,2,112130
1,3,7,0,0,wc_vn_bellback,2,171000
1,3,7,0,0,wc_vn_bellback,1,95000
1,3,7,0,1,wc_vn_n_seedpod,1,0
1,3,7,0,1,wc_vn_n_reed_archer,1,0
1,3,7,0,1,wc_vn_n_lantern_bulb,1,0
1,4,0,0,0,wc_vn_bellback,2,0
1,4,0,0,0,wc_vn_cragstoat,2,0
1,4,0,0,0,wc_vn_bellback,2,0
1,4,0,0,0,wc_vn_grandmother_root,2,0
1,4,0,0,0,wc_vn_bellback,1,0
1,4,0,0,1,wc_vn_cragstoat,2,101689
1,4,0,0,1,wc_vn_grandmother_root,2,85260
1,4,0,0,1,wc_vn_cragstoat,2,0
1,4,0,0,1,wc_vn_bellback,2,0
1,4,0,0,1,wc_vn_snapvine,1,70000
1,4,1,0,0,wc_vn_cragstoat,1,0
1,4,1,0,0,wc_vn_bellback,2,0
1,4,1,0,0,wc_vn_grandmother_root,2,0
1,4,1,0,0,wc_vn_snapvine,2,0
1,4,1,0,0,wc_vn_bellback,2,0
1,4,1,0,1,wc_vn_bellback,2,10333
1,4,1,0,1,wc_vn_grandmother_root,2,88226
1,4,1,0,1,wc_vn_cragstoat,2,0
1,4,1,0,1,wc_vn_bellback,2,171000
1,4,1,0,1,wc_vn_bellback,1,95000
1,4,2,0,0,wc_vn_cragstoat,2,0
1,4,2,0,0,wc_vn_bellback,2,0
1,4,2,0,0,wc_vn_snapvine,2,82174
1,4,2,0,0,wc_vn_cragstoat,1,9348
1,4,2,0,0,wc_vn_cragstoat,1,0
1,4,2,0,1,wc_vn_grandmother_root,2,0
1,4,2,0,1,wc_vn_bellback,2,0
1,4,2,0,1,wc_vn_snapvine,2,0
1,4,2,0,1,wc_vn_cragstoat,2,0
1,4,2,0,1,wc_vn_cragstoat,1,0
1,4,3,0,0,wc_vn_grandmother_root,2,0
1,4,3,0,0,wc_vn_cragstoat,2,0
1,4,3,0,0,wc_vn_bellback,2,0
1,4,3,0,0,wc_vn_cragstoat,2,0
1,4,3,0,0,wc_vn_bellback,1,0
1,4,3,0,1,wc_vn_cragstoat,2,117000
1,4,3,0,1,wc_vn_bellback,2,76871
1,4,3,0,1,wc_vn_grandmother_root,2,67860
1,4,3,0,1,wc_vn_bellback,2,0
1,4,3,0,1,wc_vn_prism_organ,1,80000
1,5,0,0,0,wc_vn_bellback,2,171000
1,5,0,0,0,wc_vn_cragstoat,2,117000
1,5,0,0,0,wc_vn_bellback,2,171000
1,5,0,0,0,wc_vn_grandmother_root,2,83539
1,5,0,0,0,wc_vn_cragstoat,2,117000
1,5,0,0,1,wc_vn_n_slate_ram,1,0
1,5,0,0,1,wc_vn_n_glass_moth,1,0
1,5,0,0,1,wc_vn_n_root_sentinel,1,0
1,5,1,0,0,wc_vn_cragstoat,2,97868
1,5,1,0,0,wc_vn_bellback,2,114706
1,5,1,0,0,wc_vn_snapvine,2,126000
1,5,1,0,0,wc_vn_bellback,2,171000
1,5,1,0,0,wc_vn_snapvine,1,70000
1,5,1,0,1,wc_vn_n_slate_ram,1,0
1,5,1,0,1,wc_vn_n_glass_moth,1,0
1,5,1,0,1,wc_vn_n_root_sentinel,1,0
1,5,2,0,0,wc_vn_cragstoat,2,98715
1,5,2,0,0,wc_vn_grandmother_root,2,126000
1,5,2,0,0,wc_vn_cragstoat,2,102651
1,5,2,0,0,wc_vn_bellback,2,171000
1,5,2,0,0,wc_vn_prism_organ,1,80000
1,5,2,0,1,wc_vn_n_slate_ram,1,0
1,5,2,0,1,wc_vn_n_glass_moth,1,0
1,5,2,0,1,wc_vn_n_root_sentinel,1,0
1,5,3,0,0,wc_vn_cragstoat,2,117000
1,5,3,0,0,wc_vn_grandmother_root,2,126000
1,5,3,0,0,wc_vn_bellback,2,115816
1,5,3,0,0,wc_vn_snapvine,2,126000
1,5,3,0,0,wc_vn_cragstoat,2,117000
1,5,3,0,1,wc_vn_n_slate_ram,1,0
1,5,3,0,1,wc_vn_n_glass_moth,1,0
1,5,3,0,1,wc_vn_n_root_sentinel,1,0
1,5,4,0,0,wc_vn_cragstoat,2,117000
1,5,4,0,0,wc_vn_bellback,2,116188
1,5,4,0,0,wc_vn_cragstoat,2,107434
1,5,4,0,0,wc_vn_grandmother_root,2,126000
1,5,4,0,0,wc_vn_bellback,2,171000
1,5,4,0,1,wc_vn_n_slate_ram,1,0
1,5,4,0,1,wc_vn_n_glass_moth,1,0
1,5,4,0,1,wc_vn_n_root_sentinel,1,0
1,5,5,0,0,wc_vn_grandmother_root,2,126000
1,5,5,0,0,wc_vn_bellback,2,171000
1,5,5,0,0,wc_vn_snapvine,2,126000
1,5,5,0,0,wc_vn_cragstoat,2,93850
1,5,5,0,0,wc_vn_prism_organ,1,80000
1,5,5,0,1,wc_vn_n_slate_ram,1,0
1,5,5,0,1,wc_vn_n_glass_moth,1,0
1,5,5,0,1,wc_vn_n_root_sentinel,1,0
1,5,6,0,0,wc_vn_cragstoat,2,117000
1,5,6,0,0,wc_vn_bellback,3,307800
1,5,6,0,0,wc_vn_grandmother_root,2,126000
1,5,6,0,0,wc_vn_prism_organ,1,73000
1,5,6,0,0,wc_vn_cragstoat,2,112217
1,5,6,0,1,wc_vn_n_slate_ram,1,0
1,5,6,0,1,wc_vn_n_glass_moth,1,0
1,5,6,0,1,wc_vn_n_root_sentinel,1,0
1,5,7,0,0,wc_vn_bellback,2,159148
1,5,7,0,0,wc_vn_grandmother_root,2,126000
1,5,7,0,0,wc_vn_cragstoat,2,117000
1,5,7,0,0,wc_vn_bellback,2,166926
1,5,7,0,0,wc_vn_cragstoat,2,117000
1,5,7,0,1,wc_vn_n_slate_ram,1,0
1,5,7,0,1,wc_vn_n_glass_moth,1,0
1,5,7,0,1,wc_vn_n_root_sentinel,1,0
1,6,0,0,0,wc_vn_bellback,2,171000
1,6,0,0,0,wc_vn_cragstoat,2,31955
1,6,0,0,0,wc_vn_bellback,2,139517
1,6,0,0,0,wc_vn_grandmother_root,2,0
1,6,0,0,0,wc_vn_cragstoat,2,0
1,6,0,0,1,wc_vn_cragstoat,2,0
1,6,0,0,1,wc_vn_snapvine,2,0
1,6,0,0,1,wc_vn_bellback,2,0
1,6,0,0,1,wc_vn_snapvine,1,0
1,6,0,0,1,wc_vn_cragstoat,1,0
1,6,1,0,0,wc_vn_cragstoat,3,210600
1,6,1,0,0,wc_vn_grandmother_root,2,115500
1,6,1,0,0,wc_vn_bellback,2,0
1,6,1,0,0,wc_vn_bellback,2,16492
1,6,1,0,0,wc_vn_prism_organ,1,80000
1,6,1,0,1,wc_vn_cragstoat,2,0
1,6,1,0,1,wc_vn_bellback,2,0
1,6,1,0,1,wc_vn_cragstoat,2,0
1,6,1,0,1,wc_vn_grandmother_root,2,0
1,6,1,0,1,wc_vn_bellback,2,0
1,6,2,0,0,wc_vn_cragstoat,2,0
1,6,2,0,0,wc_vn_grandmother_root,2,0
1,6,2,0,0,wc_vn_bellback,2,0
1,6,2,0,0,wc_vn_snapvine,2,0
1,6,2,0,0,wc_vn_cragstoat,2,0
1,6,2,0,1,wc_vn_cragstoat,2,29344
1,6,2,0,1,wc_vn_bellback,3,159487
1,6,2,0,1,wc_vn_prism_organ,1,38250
1,6,2,0,1,wc_vn_cragstoat,2,117000
1,6,2,0,1,wc_vn_grandmother_root,2,0
1,6,3,0,0,wc_vn_grandmother_root,2,0
1,6,3,0,0,wc_vn_bellback,2,0
1,6,3,0,0,wc_vn_snapvine,2,0
1,6,3,0,0,wc_vn_cragstoat,2,0
1,6,3,0,0,wc_vn_cragstoat,2,0
1,6,3,0,1,wc_vn_bellback,2,0
1,6,3,0,1,wc_vn_grandmother_root,2,35587
1,6,3,0,1,wc_vn_cragstoat,3,144801
1,6,3,0,1,wc_vn_bellback,2,171000
1,6,3,0,1,wc_vn_bellback,1,0
1,7,0,0,0,wc_vn_bellback,2,157867
1,7,0,0,0,wc_vn_cragstoat,3,210600
1,7,0,0,0,wc_vn_bellback,2,0
1,7,0,0,0,wc_vn_grandmother_root,2,126000
1,7,0,0,0,wc_vn_grandmother_root,2,126000
1,7,0,0,1,wc_vn_grandmother_root,2,0
1,7,0,0,1,wc_vn_bellback,2,0
1,7,0,0,1,wc_vn_snapvine,2,0
1,7,0,0,1,wc_vn_cragstoat,2,0
1,7,0,0,1,wc_vn_cragstoat,2,0
1,7,1,0,0,wc_vn_cragstoat,2,0
1,7,1,0,0,wc_vn_snapvine,2,0
1,7,1,0,0,wc_vn_bellback,3,0
1,7,1,0,0,wc_vn_snapvine,1,0
1,7,1,0,0,wc_vn_cragstoat,1,0
1,7,1,0,1,wc_vn_cragstoat,3,136357
1,7,1,0,1,wc_vn_bellback,3,220881
1,7,1,0,1,wc_vn_prism_organ,1,80000
1,7,1,0,1,wc_vn_grandmother_root,2,112136
1,7,1,0,1,wc_vn_cragstoat,2,9608
1,7,2,1,0,wc_vn_cragstoat,3,0
1,7,2,1,0,wc_vn_grandmother_root,2,0
1,7,2,1,0,wc_vn_bellback,2,0
1,7,2,1,0,wc_vn_bellback,2,70200
1,7,2,1,0,wc_vn_prism_organ,1,80000
1,7,2,1,1,wc_vn_cragstoat,3,0
1,7,2,1,1,wc_vn_grandmother_root,2,64085
1,7,2,1,1,wc_vn_bellback,2,0
1,7,2,1,1,wc_vn_snapvine,2,0
1,7,2,1,1,wc_vn_grandmother_root,2,58911
1,7,3,0,0,wc_vn_grandmother_root,3,226800
1,7,3,0,0,wc_vn_cragstoat,3,57888
1,7,3,0,0,wc_vn_bellback,3,0
1,7,3,0,0,wc_vn_snapvine,1,70000
1,7,3,0,1,wc_vn_bellback,2,0
1,7,3,0,1,wc_vn_grandmother_root,2,0
1,7,3,0,1,wc_vn_cragstoat,3,0
1,7,3,0,1,wc_vn_bellback,2,0
1,7,3,0,1,wc_vn_grandmother_root,2,0
1,8,0,0,0,wc_vn_bellback,3,0
1,8,0,0,0,wc_vn_cragstoat,3,198033
1,8,0,0,0,wc_vn_grandmother_root,2,13500
1,8,0,0,0,wc_vn_snapvine,1,70000
1,8,0,0,0,wc_vn_grandmother_root,2,0
1,8,0,0,1,wc_vn_cragstoat,3,0
1,8,0,0,1,wc_vn_bellback,3,0
1,8,0,0,1,wc_vn_grandmother_root,3,0
1,8,0,0,1,wc_vn_bellback,2,0
1,8,0,0,1,wc_vn_cragstoat,2,0
1,8,1,0,0,wc_vn_cragstoat,2,0
1,8,1,0,0,wc_vn_snapvine,2,0
1,8,1,0,0,wc_vn_bellback,3,0
1,8,1,0,0,wc_vn_snapvine,1,0
1,8,1,0,0,wc_vn_cragstoat,2,0
1,8,1,0,1,wc_vn_cragstoat,3,210600
1,8,1,0,1,wc_vn_grandmother_root,2,126000
1,8,1,0,1,wc_vn_bellback,3,97594
1,8,1,0,1,wc_vn_prism_organ,1,35333
1,8,1,0,1,wc_vn_grandmother_root,1,70000
1,8,2,0,0,wc_vn_cragstoat,3,0
1,8,2,0,0,wc_vn_grandmother_root,3,0
1,8,2,0,0,wc_vn_bellback,2,0
1,8,2,0,0,wc_vn_snapvine,2,0
1,8,2,0,0,wc_vn_bellback,2,0
1,8,2,0,1,wc_vn_bellback,3,0
1,8,2,0,1,wc_vn_grandmother_root,3,226800
1,8,2,0,1,wc_vn_cragstoat,3,210600
1,8,2,0,1,wc_vn_cragstoat,1,34577
1,8,2,0,1,wc_vn_cragstoat,1,0
1,8,3,0,0,wc_vn_grandmother_root,3,193617
1,8,3,0,0,wc_vn_cragstoat,3,110491
1,8,3,0,0,wc_vn_bellback,3,222645
1,8,3,0,0,wc_vn_snapvine,1,70000
1,8,3,0,0,wc_vn_bellback,1,95000
1,8,3,0,1,wc_vn_snapvine,2,0
1,8,3,0,1,wc_vn_cragstoat,2,0
1,8,3,0,1,wc_vn_cragstoat,2,0
1,8,3,0,1,wc_vn_grandmother_root,2,0
1,8,3,0,1,wc_vn_snapvine,2,0
1,9,0,0,0,wc_vn_bellback,3,129238
1,9,0,0,0,wc_vn_cragstoat,3,173937
1,9,0,0,0,wc_vn_grandmother_root,2,126000
1,9,0,0,0,wc_vn_grandmother_root,2,126000
1,9,0,0,0,wc_vn_cragstoat,2,0
1,9,0,0,0,wc_vn_bellback,1,95000
1,9,0,0,1,wc_vn_grandmother_root,3,0
1,9,0,0,1,wc_vn_cragstoat,3,0
1,9,0,0,1,wc_vn_bellback,3,0
1,9,0,0,1,wc_vn_snapvine,1,0
1,9,0,0,1,wc_vn_bellback,1,0
1,9,0,0,1,wc_vn_cragstoat,1,0
1,9,1,0,0,wc_vn_cragstoat,2,0
1,9,1,0,0,wc_vn_snapvine,2,0
1,9,1,0,0,wc_vn_bellback,3,0
1,9,1,0,0,wc_vn_snapvine,1,0
1,9,1,0,0,wc_vn_cragstoat,2,0
1,9,1,0,0,wc_vn_cragstoat,1,0
1,9,1,0,1,wc_vn_cragstoat,3,110085
1,9,1,0,1,wc_vn_grandmother_root,3,226800
1,9,1,0,1,wc_vn_bellback,2,93486
1,9,1,0,1,wc_vn_snapvine,2,126000
1,9,1,0,1,wc_vn_snapvine,1,70000
1,9,1,0,1,wc_vn_bellback,2,150000
1,9,2,0,0,wc_vn_cragstoat,3,143272
1,9,2,0,0,wc_vn_grandmother_root,2,126000
1,9,2,0,0,wc_vn_bellback,3,285221
1,9,2,0,0,wc_vn_prism_organ,1,80000
1,9,2,0,0,wc_vn_grandmother_root,1,31176
1,9,2,0,0,wc_vn_grandmother_root,1,0
1,9,2,0,1,wc_vn_grandmother_root,2,0
1,9,2,0,1,wc_vn_snapvine,2,0
1,9,2,0,1,wc_vn_cragstoat,2,0
1,9,2,0,1,wc_vn_cragstoat,2,0
1,9,2,0,1,wc_vn_grandmother_root,2,0
1,9,2,0,1,wc_vn_snapvine,2,0
1,9,3,0,0,wc_vn_cragstoat,3,0
1,9,3,0,0,wc_vn_bellback,3,0
1,9,3,0,0,wc_vn_prism_organ,1,80000
1,9,3,0,0,wc_vn_grandmother_root,3,0
1,9,3,0,0,wc_vn_bellback,2,0
1,9,3,0,0,wc_vn_cragstoat,2,88460
1,9,3,0,1,wc_vn_bellback,3,0
1,9,3,0,1,wc_vn_grandmother_root,3,0
1,9,3,0,1,wc_vn_cragstoat,3,0
1,9,3,0,1,wc_vn_bellback,1,0
1,9,3,0,1,wc_vn_bellback,1,0
1,9,3,0,1,wc_vn_snapvine,1,0
1,10,0,0,0,wc_vn_bellback,3,300393
1,10,0,0,0,wc_vn_cragstoat,3,210600
1,10,0,0,0,wc_vn_grandmother_root,3,226800
1,10,0,0,0,wc_vn_cragstoat,2,117000
1,10,0,0,0,wc_vn_bellback,1,59349
1,10,0,0,0,wc_vn_bellback,1,95000
1,10,0,0,1,wc_vn_n_slate_ram,1,0
1,10,0,0,1,wc_vn_n_glass_moth,1,0
1,10,0,0,1,wc_vn_n_root_sentinel,1,0
1,10,1,0,0,wc_vn_cragstoat,3,186688
1,10,1,0,0,wc_vn_snapvine,2,126000
1,10,1,0,0,wc_vn_bellback,3,307800
1,10,1,0,0,wc_vn_snapvine,1,58913
1,10,1,0,0,wc_vn_bellback,2,126558
1,10,1,0,0,wc_vn_prism_organ,1,80000
1,10,1,0,1,wc_vn_n_slate_ram,1,0
1,10,1,0,1,wc_vn_n_glass_moth,1,0
1,10,1,0,1,wc_vn_n_root_sentinel,1,0
1,10,2,0,0,wc_vn_cragstoat,3,210600
1,10,2,0,0,wc_vn_grandmother_root,2,126000
1,10,2,0,0,wc_vn_bellback,3,302707
1,10,2,0,0,wc_vn_cragstoat,2,117000
1,10,2,0,0,wc_vn_grandmother_root,2,109636
1,10,2,0,0,wc_vn_grandmother_root,1,60909
1,10,2,0,1,wc_vn_n_slate_ram,1,0
1,10,2,0,1,wc_vn_n_glass_moth,1,0
1,10,2,0,1,wc_vn_n_root_sentinel,1,0
1,10,3,0,0,wc_vn_cragstoat,3,210600
1,10,3,0,0,wc_vn_grandmother_root,3,226800
1,10,3,0,0,wc_vn_bellback,3,292521
1,10,3,0,0,wc_vn_snapvine,2,126000
1,10,3,0,0,wc_vn_snapvine,1,70000
1,10,3,0,0,wc_vn_cragstoat,1,35780
1,10,3,0,1,wc_vn_n_slate_ram,1,0
1,10,3,0,1,wc_vn_n_glass_moth,1,0
1,10,3,0,1,wc_vn_n_root_sentinel,1,0
1,10,4,0,0,wc_vn_grandmother_root,3,226800
1,10,4,0,0,wc_vn_cragstoat,3,210600
1,10,4,0,0,wc_vn_bellback,3,307800
1,10,4,0,0,wc_vn_snapvine,2,126000
1,10,4,0,0,wc_vn_bellback,1,85555
1,10,4,0,0,wc_vn_cragstoat,2,107270
1,10,4,0,1,wc_vn_n_slate_ram,1,0
1,10,4,0,1,wc_vn_n_glass_moth,1,0
1,10,4,0,1,wc_vn_n_root_sentinel,1,0
1,10,5,0,0,wc_vn_snapvine,2,126000
1,10,5,0,0,wc_vn_cragstoat,2,117000
1,10,5,0,0,wc_vn_cragstoat,2,104216
1,10,5,0,0,wc_vn_bellback,3,307800
1,10,5,0,0,wc_vn_grandmother_root,2,126000
1,10,5,0,0,wc_vn_snapvine,2,108868
1,10,5,0,1,wc_vn_n_slate_ram,1,0
1,10,5,0,1,wc_vn_n_glass_moth,1,0
1,10,5,0,1,wc_vn_n_root_sentinel,1,0
1,10,6,0,0,wc_vn_cragstoat,3,210600
1,10,6,0,0,wc_vn_bellback,3,302707
1,10,6,0,0,wc_vn_prism_organ,1,80000
1,10,6,0,0,wc_vn_grandmother_root,3,226800
1,10,6,0,0,wc_vn_bellback,2,171000
1,10,6,0,0,wc_vn_cragstoat,2,103956
1,10,6,0,1,wc_vn_n_slate_ram,1,0
1,10,6,0,1,wc_vn_n_glass_moth,1,0
1,10,6,0,1,wc_vn_n_root_sentinel,1,0
1,10,7,0,0,wc_vn_bellback,3,307800
1,10,7,0,0,wc_vn_grandmother_root,3,226800
1,10,7,0,0,wc_vn_cragstoat,3,210600
1,10,7,0,0,wc_vn_cragstoat,2,117000
1,10,7,0,0,wc_vn_bellback,2,137757
1,10,7,0,0,wc_vn_snapvine,2,126000
1,10,7,0,1,wc_vn_n_slate_ram,1,0
1,10,7,0,1,wc_vn_n_glass_moth,1,0
1,10,7,0,1,wc_vn_n_root_sentinel,1,0
1,11,0,0,0,wc_vn_bellback,3,0
1,11,0,0,0,wc_vn_cragstoat,3,0
1,11,0,0,0,wc_vn_grandmother_root,3,0
1,11,0,0,0,wc_vn_cragstoat,2,0
1,11,0,0,0,wc_vn_bellback,1,0
1,11,0,0,0,wc_vn_grandmother_root,2,0
1,11,0,0,1,wc_vn_bellback,3,89430
1,11,0,0,1,wc_vn_grandmother_root,3,0
1,11,0,0,1,wc_vn_cragstoat,3,210600
1,11,0,0,1,wc_vn_cragstoat,2,0
1,11,0,0,1,wc_vn_bellback,2,171000
1,11,0,0,1,wc_vn_snapvine,2,126000
1,11,1,0,0,wc_vn_cragstoat,3,0
1,11,1,0,0,wc_vn_snapvine,2,30783
1,11,1,0,0,wc_vn_bellback,3,139272
1,11,1,0,0,wc_vn_snapvine,2,2032
1,11,1,0,0,wc_vn_bellback,2,0
1,11,1,0,0,wc_vn_prism_organ,1,23750
1,11,1,0,1,wc_vn_snapvine,2,0
1,11,1,0,1,wc_vn_cragstoat,2,0
1,11,1,0,1,wc_vn_cragstoat,2,0
1,11,1,0,1,wc_vn_bellback,3,0
1,11,1,0,1,wc_vn_grandmother_root,2,0
1,11,1,0,1,wc_vn_snapvine,2,0
1,11,2,0,0,wc_vn_cragstoat,3,153370
1,11,2,0,0,wc_vn_grandmother_root,3,226800
1,11,2,0,0,wc_vn_bellback,3,0
1,11,2,0,0,wc_vn_prism_organ,1,76250
1,11,2,0,0,wc_vn_cragstoat,2,117000
1,11,2,0,0,wc_vn_bellback,2,82699
1,11,2,0,1,wc_vn_cragstoat,3,0
1,11,2,0,1,wc_vn_bellback,3,0
1,11,2,0,1,wc_vn_grandmother_root,3,0
1,11,2,0,1,wc_vn_bellback,2,0
1,11,2,0,1,wc_vn_cragstoat,2,0
1,11,2,0,1,wc_vn_cragstoat,2,0
1,11,3,0,0,wc_vn_cragstoat,3,0
1,11,3,0,0,wc_vn_grandmother_root,3,0
1,11,3,0,0,wc_vn_bellback,3,0
1,11,3,0,0,wc_vn_snapvine,2,0
1,11,3,0,0,wc_vn_cragstoat,1,0
1,11,3,0,0,wc_vn_grandmother_root,2,0
1,11,3,0,1,wc_vn_grandmother_root,3,226800
1,11,3,0,1,wc_vn_cragstoat,3,210600
1,11,3,0,1,wc_vn_bellback,3,0
1,11,3,0,1,wc_vn_snapvine,2,24410
1,11,3,0,1,wc_vn_cragstoat,2,0
1,11,3,0,1,wc_vn_grandmother_root,2,126000
1,12,0,1,0,wc_vn_bellback,3,41400
1,12,0,1,0,wc_vn_cragstoat,3,0
1,12,0,1,0,wc_vn_grandmother_root,3,0
1,12,0,1,0,wc_vn_snapvine,2,0
1,12,0,1,0,wc_vn_bellback,2,0
1,12,0,1,0,wc_vn_grandmother_root,2,0
1,12,0,1,1,wc_vn_cragstoat,3,0
1,12,0,1,1,wc_vn_grandmother_root,3,191000
1,12,0,1,1,wc_vn_bellback,3,0
1,12,0,1,1,wc_vn_snapvine,2,0
1,12,0,1,1,wc_vn_cragstoat,1,0
1,12,0,1,1,wc_vn_grandmother_root,2,126000
1,12,1,0,0,wc_vn_cragstoat,3,0
1,12,1,0,0,wc_vn_snapvine,2,0
1,12,1,0,0,wc_vn_bellback,3,0
1,12,1,0,0,wc_vn_snapvine,2,0
1,12,1,0,0,wc_vn_prism_organ,1,0
1,12,1,0,0,wc_vn_snapvine,1,0
1,12,1,0,1,wc_vn_grandmother_root,3,138664
1,12,1,0,1,wc_vn_cragstoat,3,0
1,12,1,0,1,wc_vn_bellback,3,253807
1,12,1,0,1,wc_vn_snapvine,2,0
1,12,1,0,1,wc_vn_grandmother_root,2,126000
1,12,1,0,1,wc_vn_grandmother_root,2,11614
1,12,2,0,0,wc_vn_cragstoat,3,0
1,12,2,0,0,wc_vn_grandmother_root,3,94729
1,12,2,0,0,wc_vn_bellback,3,231411
1,12,2,0,0,wc_vn_prism_organ,2,144000
1,12,2,0,0,wc_vn_cragstoat,2,104824
1,12,2,0,0,wc_vn_bellback,2,171000
1,12,2,0,1,wc_vn_bellback,3,0
1,12,2,0,1,wc_vn_grandmother_root,3,0
1,12,2,0,1,wc_vn_cragstoat,3,0
1,12,2,0,1,wc_vn_bellback,2,0
1,12,2,0,1,wc_vn_snapvine,2,0
1,12,2,0,1,wc_vn_bellback,2,0
1,12,3,0,0,wc_vn_grandmother_root,2,0
1,12,3,0,0,wc_vn_snapvine,2,0
1,12,3,0,0,wc_vn_cragstoat,3,0
1,12,3,0,0,wc_vn_bellback,3,0
1,12,3,0,0,wc_vn_grandmother_root,2,0
1,12,3,0,0,wc_vn_snapvine,2,0
1,12,3,0,1,wc_vn_cragstoat,3,182774
1,12,3,0,1,wc_vn_bellback,3,307800
1,12,3,0,1,wc_vn_grandmother_root,3,11398
1,12,3,0,1,wc_vn_bellback,2,47592
1,12,3,0,1,wc_vn_cragstoat,2,117000
1,12,3,0,1,wc_vn_cragstoat,2,0
1,13,0,0,0,wc_vn_bellback,3,0
1,13,0,0,0,wc_vn_cragstoat,3,0
1,13,0,0,0,wc_vn_grandmother_root,3,0
1,13,0,0,0,wc_vn_snapvine,2,0
1,13,0,0,0,wc_vn_bellback,2,0
1,13,0,0,0,wc_vn_grandmother_root,2,0
1,13,0,0,1,wc_vn_grandmother_root,2,126000
1,13,0,0,1,wc_vn_snapvine,2,117008
1,13,0,0,1,wc_vn_cragstoat,3,0
1,13,0,0,1,wc_vn_bellback,3,65000
1,13,0,0,1,wc_vn_grandmother_root,2,24452
1,13,0,0,1,wc_vn_snapvine,2,41415
1,13,1,0,0,wc_vn_cragstoat,3,0
1,13,1,0,0,wc_vn_grandmother_root,3,0
1,13,1,0,0,wc_vn_snapvine,2,0
1,13,1,0,0,wc_vn_bellback,3,0
1,13,1,0,0,wc_vn_snapvine,2,0
1,13,1,0,0,wc_vn_cragstoat,2,0
1,13,1,0,1,wc_vn_bellback,3,0
1,13,1,0,1,wc_vn_grandmother_root,3,166386
1,13,1,0,1,wc_vn_cragstoat,3,200770
1,13,1,0,1,wc_vn_bellback,2,0
1,13,1,0,1,wc_vn_snapvine,2,28958
1,13,1,0,1,wc_vn_bellback,2,0
1,13,2,0,0,wc_vn_cragstoat,3,114722
1,13,2,0,0,wc_vn_grandmother_root,3,226800
1,13,2,0,0,wc_vn_bellback,3,0
1,13,2,0,0,wc_vn_prism_organ,2,144000
1,13,2,0,0,wc_vn_cragstoat,2,107022
1,13,2,0,0,wc_vn_bellback,2,110679
1,13,2,0,1,wc_vn_grandmother_root,3,0
1,13,2,0,1,wc_vn_cragstoat,3,0
1,13,2,0,1,wc_vn_bellback,3,0
1,13,2,0,1,wc_vn_snapvine,2,0
1,13,2,0,1,wc_vn_bellback,2,0
1,13,2,0,1,wc_vn_grandmother_root,2,0
1,13,3,0,0,wc_vn_cragstoat,3,2035
1,13,3,0,0,wc_vn_grandmother_root,3,226800
1,13,3,0,0,wc_vn_bellback,3,0
1,13,3,0,0,wc_vn_snapvine,2,126000
1,13,3,0,0,wc_vn_cragstoat,2,0
1,13,3,0,0,wc_vn_grandmother_root,2,51810
1,13,3,0,1,wc_vn_cragstoat,3,0
1,13,3,0,1,wc_vn_bellback,3,0
1,13,3,0,1,wc_vn_grandmother_root,3,0
1,13,3,0,1,wc_vn_bellback,2,0
1,13,3,0,1,wc_vn_cragstoat,2,0
1,13,3,0,1,wc_vn_cragstoat,2,0
1,14,0,0,0,wc_vn_bellback,3,0
1,14,0,0,0,wc_vn_cragstoat,3,0
1,14,0,0,0,wc_vn_grandmother_root,3,0
1,14,0,0,0,wc_vn_snapvine,2,0
1,14,0,0,0,wc_vn_bellback,2,0
1,14,0,0,0,wc_vn_grandmother_root,2,0
1,14,0,0,1,wc_vn_cragstoat,3,0
1,14,0,0,1,wc_vn_grandmother_root,3,128971
1,14,0,0,1,wc_vn_bellback,3,141016
1,14,0,0,1,wc_vn_prism_organ,2,144000
1,14,0,0,1,wc_vn_cragstoat,2,0
1,14,0,0,1,wc_vn_bellback,2,0
1,14,1,0,0,wc_vn_cragstoat,3,0
1,14,1,0,0,wc_vn_grandmother_root,3,226800
1,14,1,0,0,wc_vn_snapvine,3,226800
1,14,1,0,0,wc_vn_bellback,3,273600
1,14,1,0,0,wc_vn_bellback,2,55118
1,14,1,0,0,wc_vn_cragstoat,2,79668
1,14,1,0,1,wc_vn_cragstoat,3,0
1,14,1,0,1,wc_vn_bellback,3,0
1,14,1,0,1,wc_vn_grandmother_root,3,0
1,14,1,0,1,wc_vn_bellback,2,0
1,14,1,0,1,wc_vn_cragstoat,2,0
1,14,1,0,1,wc_vn_cragstoat,2,0
1,14,2,0,0,wc_vn_cragstoat,3,73339
1,14,2,0,0,wc_vn_grandmother_root,3,226800
1,14,2,0,0,wc_vn_bellback,3,0
1,14,2,0,0,wc_vn_snapvine,2,126000
1,14,2,0,0,wc_vn_cragstoat,2,117000
1,14,2,0,0,wc_vn_grandmother_root,2,126000
1,14,2,0,1,wc_vn_grandmother_root,3,0
1,14,2,0,1,wc_vn_cragstoat,3,0
1,14,2,0,1,wc_vn_bellback,3,0
1,14,2,0,1,wc_vn_snapvine,2,0
1,14,2,0,1,wc_vn_bellback,2,0
1,14,2,0,1,wc_vn_grandmother_root,3,0
1,14,3,1,0,wc_vn_grandmother_root,3,150017
1,14,3,1,0,wc_vn_snapvine,2,0
1,14,3,1,0,wc_vn_cragstoat,3,0
1,14,3,1,0,wc_vn_bellback,3,0
1,14,3,1,0,wc_vn_snapvine,2,0
1,14,3,1,0,wc_vn_bellback,2,0
1,14,3,1,1,wc_vn_bellback,3,0
1,14,3,1,1,wc_vn_grandmother_root,3,177300
1,14,3,1,1,wc_vn_cragstoat,3,0
1,14,3,1,1,wc_vn_bellback,2,25890
1,14,3,1,1,wc_vn_snapvine,2,0
1,14,3,1,1,wc_vn_bellback,2,171000
1,15,0,0,0,wc_vn_bellback,3,290022
1,15,0,0,0,wc_vn_cragstoat,3,203426
1,15,0,0,0,wc_vn_grandmother_root,3,226800
1,15,0,0,0,wc_vn_snapvine,2,126000
1,15,0,0,0,wc_vn_cragstoat,3,210600
1,15,0,0,0,wc_vn_bellback,2,171000
1,15,0,0,1,wc_vn_n_slate_ram,1,0
1,15,0,0,1,wc_vn_n_glass_moth,1,0
1,15,0,0,1,wc_vn_n_root_sentinel,1,0
1,15,1,0,0,wc_vn_cragstoat,3,180077
1,15,1,0,0,wc_vn_grandmother_root,3,226800
1,15,1,0,0,wc_vn_snapvine,3,226800
1,15,1,0,0,wc_vn_bellback,3,307800
1,15,1,0,0,wc_vn_cragstoat,2,117000
1,15,1,0,0,wc_vn_snapvine,1,70000
1,15,1,0,1,wc_vn_n_slate_ram,1,0
1,15,1,0,1,wc_vn_n_glass_moth,1,0
1,15,1,0,1,wc_vn_n_root_sentinel,1,0
1,15,2,0,0,wc_vn_cragstoat,3,210600
1,15,2,0,0,wc_vn_grandmother_root,3,226800
1,15,2,0,0,wc_vn_bellback,3,307800
1,15,2,0,0,wc_vn_prism_organ,2,144000
1,15,2,0,0,wc_vn_bellback,2,159445
1,15,2,0,0,wc_vn_grandmother_root,2,126000
1,15,2,0,1,wc_vn_n_slate_ram,1,0
1,15,2,0,1,wc_vn_n_glass_moth,1,0
1,15,2,0,1,wc_vn_n_root_sentinel,1,0
1,15,3,0,0,wc_vn_cragstoat,3,181644
1,15,3,0,0,wc_vn_grandmother_root,3,226800
1,15,3,0,0,wc_vn_bellback,3,235578
1,15,3,0,0,wc_vn_snapvine,2,126000
1,15,3,0,0,wc_vn_cragstoat,2,117000
1,15,3,0,0,wc_vn_grandmother_root,3,226800
1,15,3,0,1,wc_vn_n_slate_ram,1,0
1,15,3,0,1,wc_vn_n_glass_moth,1,0
1,15,3,0,1,wc_vn_n_root_sentinel,1,0
1,15,4,0,0,wc_vn_grandmother_root,3,226800
1,15,4,0,0,wc_vn_cragstoat,3,180469
1,15,4,0,0,wc_vn_bellback,3,307800
1,15,4,0,0,wc_vn_snapvine,2,126000
1,15,4,0,0,wc_vn_bellback,2,166666
1,15,4,0,0,wc_vn_grandmother_root,3,226800
1,15,4,0,1,wc_vn_n_slate_ram,1,0
1,15,4,0,1,wc_vn_n_glass_moth,1,0
1,15,4,0,1,wc_vn_n_root_sentinel,1,0
1,15,5,0,0,wc_vn_grandmother_root,3,226595
1,15,5,0,0,wc_vn_snapvine,3,226800
1,15,5,0,0,wc_vn_cragstoat,3,210600
1,15,5,0,0,wc_vn_bellback,3,307800
1,15,5,0,0,wc_vn_cragstoat,1,65000
1,15,5,0,0,wc_vn_bellback,2,147027
1,15,5,0,1,wc_vn_n_slate_ram,1,0
1,15,5,0,1,wc_vn_n_glass_moth,1,0
1,15,5,0,1,wc_vn_n_root_sentinel,1,0
1,15,6,0,0,wc_vn_cragstoat,3,210600
1,15,6,0,0,wc_vn_bellback,3,267132
1,15,6,0,0,wc_vn_grandmother_root,3,226800
1,15,6,0,0,wc_vn_cragstoat,3,210600
1,15,6,0,0,wc_vn_bellback,2,171000
1,15,6,0,0,wc_vn_grandmother_root,3,226800
1,15,6,0,1,wc_vn_n_slate_ram,1,0
1,15,6,0,1,wc_vn_n_glass_moth,1,0
1,15,6,0,1,wc_vn_n_root_sentinel,1,0
1,15,7,0,0,wc_vn_bellback,3,307800
1,15,7,0,0,wc_vn_grandmother_root,3,226800
1,15,7,0,0,wc_vn_cragstoat,3,210600
1,15,7,0,0,wc_vn_cragstoat,2,60260
1,15,7,0,0,wc_vn_bellback,3,307800
1,15,7,0,0,wc_vn_snapvine,2,126000
1,15,7,0,1,wc_vn_n_slate_ram,1,0
1,15,7,0,1,wc_vn_n_glass_moth,1,0
1,15,7,0,1,wc_vn_n_root_sentinel,1,0
1,16,0,0,0,wc_vn_bellback,3,38505
1,16,0,0,0,wc_vn_cragstoat,3,83995
1,16,0,0,0,wc_vn_grandmother_root,3,226800
1,16,0,0,0,wc_vn_cragstoat,3,210600
1,16,0,0,0,wc_vn_bellback,2,171000
1,16,0,0,0,wc_vn_grandmother_root,3,226800
1,16,0,0,1,wc_vn_cragstoat,3,0
1,16,0,0,1,wc_vn_bellback,3,0
1,16,0,0,1,wc_vn_grandmother_root,3,0
1,16,0,0,1,wc_vn_cragstoat,3,0
1,16,0,0,1,wc_vn_cragstoat,2,0
1,16,0,0,1,wc_vn_grandmother_root,3,0
1,16,1,0,0,wc_vn_cragstoat,3,0
1,16,1,0,0,wc_vn_grandmother_root,3,0
1,16,1,0,0,wc_vn_snapvine,3,0
1,16,1,0,0,wc_vn_bellback,3,0
1,16,1,0,0,wc_vn_cragstoat,2,0
1,16,1,0,0,wc_vn_snapvine,1,0
1,16,1,0,1,wc_vn_cragstoat,3,0
1,16,1,0,1,wc_vn_grandmother_root,3,168404
1,16,1,0,1,wc_vn_bellback,3,307800
1,16,1,0,1,wc_vn_prism_organ,2,144000
1,16,1,0,1,wc_vn_bellback,2,0
1,16,1,0,1,wc_vn_grandmother_root,2,126000
1,16,2,0,0,wc_vn_cragstoat,3,7850
1,16,2,0,0,wc_vn_grandmother_root,3,226800
1,16,2,0,0,wc_vn_bellback,3,0
1,16,2,0,0,wc_vn_snapvine,2,31912
1,16,2,0,0,wc_vn_cragstoat,2,0
1,16,2,0,0,wc_vn_grandmother_root,3,111436
1,16,2,0,1,wc_vn_grandmother_root,3,0
1,16,2,0,1,wc_vn_snapvine,3,0
1,16,2,0,1,wc_vn_cragstoat,3,0
1,16,2,0,1,wc_vn_bellback,3,0
1,16,2,0,1,wc_vn_bellback,2,0
1,16,2,0,1,wc_vn_grandmother_root,2,0
1,16,3,0,0,wc_vn_grandmother_root,3,0
1,16,3,0,0,wc_vn_cragstoat,3,0
1,16,3,0,0,wc_vn_bellback,3,0
1,16,3,0,0,wc_vn_snapvine,2,0
1,16,3,0,0,wc_vn_bellback,2,0
1,16,3,0,0,wc_vn_grandmother_root,3,0
1,16,3,0,1,wc_vn_bellback,3,0
1,16,3,0,1,wc_vn_grandmother_root,3,202058
1,16,3,0,1,wc_vn_cragstoat,3,0
1,16,3,0,1,wc_vn_cragstoat,3,0
1,16,3,0,1,wc_vn_bellback,3,252600
1,16,3,0,1,wc_vn_snapvine,2,126000
1,17,0,1,0,wc_vn_bellback,3,307800
1,17,0,1,0,wc_vn_cragstoat,3,0
1,17,0,1,0,wc_vn_grandmother_root,3,161963
1,17,0,1,0,wc_vn_cragstoat,3,0
1,17,0,1,0,wc_vn_bellback,2,0
1,17,0,1,0,wc_vn_grandmother_root,3,0
1,17,0,1,1,wc_vn_cragstoat,3,0
1,17,0,1,1,wc_vn_grandmother_root,3,87251
1,17,0,1,1,wc_vn_bellback,3,0
1,17,0,1,1,wc_vn_snapvine,2,0
1,17,0,1,1,wc_vn_cragstoat,2,0
1,17,0,1,1,wc_vn_grandmother_root,3,0
1,17,1,0,0,wc_vn_cragstoat,3,0
1,17,1,0,0,wc_vn_grandmother_root,3,0
1,17,1,0,0,wc_vn_snapvine,3,0
1,17,1,0,0,wc_vn_bellback,3,0
1,17,1,0,0,wc_vn_bellback,3,0
1,17,1,0,0,wc_vn_cragstoat,2,0
1,17,1,0,1,wc_vn_grandmother_root,3,226800
1,17,1,0,1,wc_vn_cragstoat,3,198767
1,17,1,0,1,wc_vn_bellback,3,242978
1,17,1,0,1,wc_vn_bellback,2,0
1,17,1,0,1,wc_vn_grandmother_root,3,226800
1,17,1,0,1,wc_vn_bellback,2,0
1,17,2,0,0,wc_vn_cragstoat,3,45356
1,17,2,0,0,wc_vn_grandmother_root,3,180442
1,17,2,0,0,wc_vn_bellback,3,0
1,17,2,0,0,wc_vn_prism_organ,2,144000
1,17,2,0,0,wc_vn_bellback,2,0
1,17,2,0,0,wc_vn_grandmother_root,2,126000
1,17,2,0,1,wc_vn_bellback,3,0
1,17,2,0,1,wc_vn_grandmother_root,3,0
1,17,2,0,1,wc_vn_cragstoat,3,0
1,17,2,0,1,wc_vn_cragstoat,3,0
1,17,2,0,1,wc_vn_bellback,3,0
1,17,2,0,1,wc_vn_snapvine,2,0
1,17,3,0,0,wc_vn_grandmother_root,3,0
1,17,3,0,0,wc_vn_snapvine,3,0
1,17,3,0,0,wc_vn_cragstoat,3,0
1,17,3,0,0,wc_vn_bellback,3,0
1,17,3,0,0,wc_vn_cragstoat,2,0
1,17,3,0,0,wc_vn_grandmother_root,2,0
1,17,3,0,1,wc_vn_cragstoat,3,210600
1,17,3,0,1,wc_vn_bellback,3,307800
1,17,3,0,1,wc_vn_grandmother_root,3,0
1,17,3,0,1,wc_vn_cragstoat,3,200506
1,17,3,0,1,wc_vn_bellback,3,174000
1,17,3,0,1,wc_vn_grandmother_root,3,134547
1,18,0,0,0,wc_vn_bellback,3,288246
1,18,0,0,0,wc_vn_cragstoat,3,13226
1,18,0,0,0,wc_vn_grandmother_root,3,226800
1,18,0,0,0,wc_vn_cragstoat,3,0
1,18,0,0,0,wc_vn_bellback,2,141926
1,18,0,0,0,wc_vn_grandmother_root,3,0
1,18,0,0,1,wc_vn_cragstoat,3,0
1,18,0,0,1,wc_vn_snapvine,3,0
1,18,0,0,1,wc_vn_bellback,3,0
1,18,0,0,1,wc_vn_bellback,3,0
1,18,0,0,1,wc_vn_cragstoat,2,0
1,18,0,0,1,wc_vn_snapvine,2,0
1,18,1,0,0,wc_vn_cragstoat,3,0
1,18,1,0,0,wc_vn_grandmother_root,3,0
1,18,1,0,0,wc_vn_bellback,3,0
1,18,1,0,0,wc_vn_cragstoat,3,0
1,18,1,0,0,wc_vn_bellback,3,0
1,18,1,0,0,wc_vn_grandmother_root,2,0
1,18,1,0,1,wc_vn_cragstoat,3,85216
1,18,1,0,1,wc_vn_grandmother_root,3,226800
1,18,1,0,1,wc_vn_bellback,3,160689
1,18,1,0,1,wc_vn_snapvine,2,46053
1,18,1,0,1,wc_vn_cragstoat,2,0
1,18,1,0,1,wc_vn_grandmother_root,3,226800
1,18,2,1,0,wc_vn_grandmother_root,3,94662
1,18,2,1,0,wc_vn_cragstoat,3,0
1,18,2,1,0,wc_vn_bellback,3,289800
1,18,2,1,0,wc_vn_bellback,2,160920
1,18,2,1,0,wc_vn_grandmother_root,3,226800
1,18,2,1,0,wc_vn_bellback,2,75750
1,18,2,1,1,wc_vn_grandmother_root,3,46350
1,18,2,1,1,wc_vn_snapvine,3,35276
1,18,2,1,1,wc_vn_cragstoat,3,0
1,18,2,1,1,wc_vn_bellback,3,0
1,18,2,1,1,wc_vn_cragstoat,2,0
1,18,2,1,1,wc_vn_grandmother_root,2,0
1,18,3,0,0,wc_vn_cragstoat,3,0
1,18,3,0,0,wc_vn_bellback,3,0
1,18,3,0,0,wc_vn_grandmother_root,3,0
1,18,3,0,0,wc_vn_cragstoat,3,0
1,18,3,0,0,wc_vn_bellback,3,0
1,18,3,0,0,wc_vn_grandmother_root,3,0
1,18,3,0,1,wc_vn_bellback,3,0
1,18,3,0,1,wc_vn_grandmother_root,3,0
1,18,3,0,1,wc_vn_cragstoat,3,210600
1,18,3,0,1,wc_vn_cragstoat,3,34149
1,18,3,0,1,wc_vn_bellback,3,0
1,18,3,0,1,wc_vn_snapvine,3,226800
1,19,0,0,0,wc_vn_bellback,3,0
1,19,0,0,0,wc_vn_cragstoat,3,210600
1,19,0,0,0,wc_vn_grandmother_root,3,226800
1,19,0,0,0,wc_vn_cragstoat,3,104103
1,19,0,0,0,wc_vn_bellback,2,171000
1,19,0,0,0,wc_vn_grandmother_root,3,163800
1,19,0,0,0,wc_vn_bellback,2,171000
1,19,0,0,1,wc_vn_grandmother_root,3,0
1,19,0,0,1,wc_vn_cragstoat,3,0
1,19,0,0,1,wc_vn_bellback,3,0
1,19,0,0,1,wc_vn_snapvine,2,0
1,19,0,0,1,wc_vn_bellback,2,0
1,19,0,0,1,wc_vn_grandmother_root,3,0
1,19,0,0,1,wc_vn_bellback,2,0
1,19,1,0,0,wc_vn_cragstoat,3,0
1,19,1,0,0,wc_vn_grandmother_root,3,226800
1,19,1,0,0,wc_vn_snapvine,3,0
1,19,1,0,0,wc_vn_bellback,3,0
1,19,1,0,0,wc_vn_bellback,3,157050
1,19,1,0,0,wc_vn_cragstoat,2,86008
1,19,1,0,0,wc_vn_snapvine,2,115345
1,19,1,0,1,wc_vn_grandmother_root,3,0
1,19,1,0,1,wc_vn_snapvine,3,0
1,19,1,0,1,wc_vn_cragstoat,3,0
1,19,1,0,1,wc_vn_bellback,3,0
1,19,1,0,1,wc_vn_cragstoat,2,0
1,19,1,0,1,wc_vn_grandmother_root,2,0
1,19,1,0,1,wc_vn_cragstoat,2,0
1,19,2,0,0,wc_vn_cragstoat,3,210600
1,19,2,0,0,wc_vn_grandmother_root,3,0
1,19,2,0,0,wc_vn_bellback,3,127360
1,19,2,0,0,wc_vn_prism_organ,2,144000
1,19,2,0,0,wc_vn_cragstoat,3,210600
1,19,2,0,0,wc_vn_bellback,3,0
1,19,2,0,0,wc_vn_grandmother_root,2,126000
1,19,2,0,1,wc_vn_cragstoat,3,0
1,19,2,0,1,wc_vn_bellback,3,0
1,19,2,0,1,wc_vn_grandmother_root,3,0
1,19,2,0,1,wc_vn_cragstoat,3,0
1,19,2,0,1,wc_vn_bellback,3,0
1,19,2,0,1,wc_vn_grandmother_root,3,0
1,19,2,0,1,wc_vn_grandmother_root,3,0
1,19,3,0,0,wc_vn_cragstoat,3,0
1,19,3,0,0,wc_vn_grandmother_root,3,0
1,19,3,0,0,wc_vn_bellback,3,0
1,19,3,0,0,wc_vn_snapvine,2,0
1,19,3,0,0,wc_vn_cragstoat,2,0
1,19,3,0,0,wc_vn_grandmother_root,3,0
1,19,3,0,0,wc_vn_cragstoat,2,0
1,19,3,0,1,wc_vn_bellback,3,0
1,19,3,0,1,wc_vn_grandmother_root,3,226800
1,19,3,0,1,wc_vn_cragstoat,3,153543
1,19,3,0,1,wc_vn_cragstoat,3,210600
1,19,3,0,1,wc_vn_bellback,3,198123
1,19,3,0,1,wc_vn_snapvine,3,226800
1,19,3,0,1,wc_vn_bellback,2,171000
1,20,0,0,0,wc_vn_bellback,3,307800
1,20,0,0,0,wc_vn_cragstoat,3,210600
1,20,0,0,0,wc_vn_grandmother_root,3,217255
1,20,0,0,0,wc_vn_snapvine,2,126000
1,20,0,0,0,wc_vn_cragstoat,3,210600
1,20,0,0,0,wc_vn_bellback,3,276690
1,20,0,0,0,wc_vn_grandmother_root,3,218050
1,20,0,0,1,wc_vn_n_slate_ram,1,0
1,20,0,0,1,wc_vn_n_glass_moth,1,0
1,20,0,0,1,wc_vn_n_root_sentinel,1,0
1,20,1,0,0,wc_vn_cragstoat,3,202230
1,20,1,0,0,wc_vn_grandmother_root,3,226800
1,20,1,0,0,wc_vn_snapvine,3,226800
1,20,1,0,0,wc_vn_bellback,3,307800
1,20,1,0,0,wc_vn_bellback,3,217060
1,20,1,0,0,wc_vn_cragstoat,2,117000
1,20,1,0,0,wc_vn_snapvine,2,126000
1,20,1,0,1,wc_vn_n_slate_ram,1,0
1,20,1,0,1,wc_vn_n_glass_moth,1,0
1,20,1,0,1,wc_vn_n_root_sentinel,1,0
1,20,2,0,0,wc_vn_cragstoat,3,186252
1,20,2,0,0,wc_vn_grandmother_root,3,226800
1,20,2,0,0,wc_vn_bellback,3,300670
1,20,2,0,0,wc_vn_cragstoat,3,210600
1,20,2,0,0,wc_vn_bellback,3,307800
1,20,2,0,0,wc_vn_grandmother_root,2,102865
1,20,2,0,0,wc_vn_grandmother_root,2,126000
1,20,2,0,1,wc_vn_n_slate_ram,1,0
1,20,2,0,1,wc_vn_n_glass_moth,1,0
1,20,2,0,1,wc_vn_n_root_sentinel,1,0
1,20,3,0,0,wc_vn_cragstoat,3,210600
1,20,3,0,0,wc_vn_grandmother_root,3,226800
1,20,3,0,0,wc_vn_bellback,3,293540
1,20,3,0,0,wc_vn_snapvine,2,126000
1,20,3,0,0,wc_vn_grandmother_root,3,226800
1,20,3,0,0,wc_vn_cragstoat,2,68304
1,20,3,0,0,wc_vn_grandmother_root,3,226800
1,20,3,0,1,wc_vn_n_slate_ram,1,0
1,20,3,0,1,wc_vn_n_glass_moth,1,0
1,20,3,0,1,wc_vn_n_root_sentinel,1,0
1,20,4,0,0,wc_vn_grandmother_root,3,226800
1,20,4,0,0,wc_vn_cragstoat,3,157340
1,20,4,0,0,wc_vn_bellback,3,257710
1,20,4,0,0,wc_vn_snapvine,2,126000
1,20,4,0,0,wc_vn_bellback,2,171000
1,20,4,0,0,wc_vn_grandmother_root,3,226800
1,20,4,0,0,wc_vn_bellback,2,171000
1,20,4,0,1,wc_vn_n_slate_ram,1,0
1,20,4,0,1,wc_vn_n_glass_moth,1,0
1,20,4,0,1,wc_vn_n_root_sentinel,1,0
1,20,5,0,0,wc_vn_grandmother_root,3,226800
1,20,5,0,0,wc_vn_snapvine,3,226800
1,20,5,0,0,wc_vn_cragstoat,3,201510
1,20,5,0,0,wc_vn_bellback,3,307800
1,20,5,0,0,wc_vn_cragstoat,2,117000
1,20,5,0,0,wc_vn_grandmother_root,2,126000
1,20,5,0,0,wc_vn_cragstoat,2,100302
1,20,5,0,1,wc_vn_n_slate_ram,1,0
1,20,5,0,1,wc_vn_n_glass_moth,1,0
1,20,5,0,1,wc_vn_n_root_sentinel,1,0
1,20,6,0,0,wc_vn_cragstoat,3,210600
1,20,6,0,0,wc_vn_bellback,3,307800
1,20,6,0,0,wc_vn_grandmother_root,3,226800
1,20,6,0,0,wc_vn_cragstoat,3,210600
1,20,6,0,0,wc_vn_bellback,3,307800
1,20,6,0,0,wc_vn_grandmother_root,3,190165
1,20,6,0,0,wc_vn_grandmother_root,3,226800
1,20,6,0,1,wc_vn_n_slate_ram,1,0
1,20,6,0,1,wc_vn_n_glass_moth,1,0
1,20,6,0,1,wc_vn_n_root_sentinel,1,0
1,20,7,0,0,wc_vn_bellback,3,307800
1,20,7,0,0,wc_vn_grandmother_root,3,226800
1,20,7,0,0,wc_vn_cragstoat,3,210600
1,20,7,0,0,wc_vn_cragstoat,3,210600
1,20,7,0,0,wc_vn_bellback,3,307800
1,20,7,0,0,wc_vn_snapvine,3,226800
1,20,7,0,0,wc_vn_bellback,2,127200
1,20,7,0,1,wc_vn_n_slate_ram,1,0
1,20,7,0,1,wc_vn_n_glass_moth,1,0
1,20,7,0,1,wc_vn_n_root_sentinel,1,0
1,21,0,0,0,wc_vn_bellback,3,0
1,21,0,0,0,wc_vn_cragstoat,3,0
1,21,0,0,0,wc_vn_grandmother_root,3,0
1,21,0,0,0,wc_vn_snapvine,2,0
1,21,0,0,0,wc_vn_cragstoat,3,0
1,21,0,0,0,wc_vn_bellback,3,0
1,21,0,0,0,wc_vn_grandmother_root,3,0
1,21,0,0,1,wc_vn_bellback,3,280916
1,21,0,0,1,wc_vn_grandmother_root,3,226800
1,21,0,0,1,wc_vn_cragstoat,3,210600
1,21,0,0,1,wc_vn_cragstoat,3,0
1,21,0,0,1,wc_vn_bellback,3,160496
1,21,0,0,1,wc_vn_snapvine,3,0
1,21,0,0,1,wc_vn_bellback,2,0
1,21,1,0,0,wc_vn_cragstoat,3,0
1,21,1,0,0,wc_vn_grandmother_root,3,0
1,21,1,0,0,wc_vn_snapvine,3,0
1,21,1,0,0,wc_vn_bellback,3,0
1,21,1,0,0,wc_vn_bellback,3,0
1,21,1,0,0,wc_vn_cragstoat,2,0
1,21,1,0,0,wc_vn_snapvine,2,0
1,21,1,0,1,wc_vn_cragstoat,3,210600
1,21,1,0,1,wc_vn_grandmother_root,3,226800
1,21,1,0,1,wc_vn_bellback,3,0
1,21,1,0,1,wc_vn_snapvine,2,0
1,21,1,0,1,wc_vn_grandmother_root,3,226800
1,21,1,0,1,wc_vn_cragstoat,3,210600
1,21,1,0,1,wc_vn_grandmother_root,3,226800
1,21,2,0,0,wc_vn_cragstoat,3,98124
1,21,2,0,0,wc_vn_grandmother_root,3,226800
1,21,2,0,0,wc_vn_bellback,3,307800
1,21,2,0,0,wc_vn_cragstoat,3,155362
1,21,2,0,0,wc_vn_bellback,3,0
1,21,2,0,0,wc_vn_snapvine,3,176320
1,21,2,0,0,wc_vn_grandmother_root,2,126000
1,21,2,0,1,wc_vn_grandmother_root,3,0
1,21,2,0,1,wc_vn_snapvine,3,0
1,21,2,0,1,wc_vn_cragstoat,3,0
1,21,2,0,1,wc_vn_bellback,3,0
1,21,2,0,1,wc_vn_bellback,3,0
1,21,2,0,1,wc_vn_grandmother_root,2,0
1,21,2,0,1,wc_vn_cragstoat,2,0
1,21,3,0,0,wc_vn_grandmother_root,3,0
1,21,3,0,0,wc_vn_cragstoat,3,0
1,21,3,0,0,wc_vn_bellback,3,0
1,21,3,0,0,wc_vn_snapvine,2,0
1,21,3,0,0,wc_vn_bellback,2,0
1,21,3,0,0,wc_vn_grandmother_root,3,0
1,21,3,0,0,wc_vn_bellback,2,0
1,21,3,0,1,wc_vn_cragstoat,3,20659
1,21,3,0,1,wc_vn_bellback,3,0
1,21,3,0,1,wc_vn_grandmother_root,3,226800
1,21,3,0,1,wc_vn_cragstoat,3,210600
1,21,3,0,1,wc_vn_bellback,3,0
1,21,3,0,1,wc_vn_grandmother_root,3,0
1,21,3,0,1,wc_vn_grandmother_root,3,226800
1,22,0,0,0,wc_vn_bellback,3,0
1,22,0,0,0,wc_vn_cragstoat,3,210600
1,22,0,0,0,wc_vn_grandmother_root,3,226800
1,22,0,0,0,wc_vn_cragstoat,3,0
1,22,0,0,0,wc_vn_bellback,3,264720
1,22,0,0,0,wc_vn_grandmother_root,3,226800
1,22,0,0,0,wc_vn_grandmother_root,3,226800
1,22,0,0,1,wc_vn_grandmother_root,3,0
1,22,0,0,1,wc_vn_cragstoat,3,0
1,22,0,0,1,wc_vn_bellback,3,0
1,22,0,0,1,wc_vn_bellback,2,0
1,22,0,0,1,wc_vn_grandmother_root,3,0
1,22,0,0,1,wc_vn_cragstoat,3,0
1,22,0,0,1,wc_vn_bellback,2,0
1,22,1,0,0,wc_vn_cragstoat,3,0
1,22,1,0,0,wc_vn_snapvine,3,0
1,22,1,0,0,wc_vn_bellback,3,0
1,22,1,0,0,wc_vn_bellback,3,0
1,22,1,0,0,wc_vn_cragstoat,2,0
1,22,1,0,0,wc_vn_snapvine,2,0
1,22,1,0,0,wc_vn_cragstoat,2,0
1,22,1,0,1,wc_vn_bellback,3,307800
1,22,1,0,1,wc_vn_grandmother_root,3,206594
1,22,1,0,1,wc_vn_cragstoat,3,96376
1,22,1,0,1,wc_vn_cragstoat,3,0
1,22,1,0,1,wc_vn_bellback,3,218259
1,22,1,0,1,wc_vn_snapvine,3,183322
1,22,1,0,1,wc_vn_grandmother_root,3,135606
1,22,2,0,0,wc_vn_cragstoat,3,0
1,22,2,0,0,wc_vn_grandmother_root,3,0
1,22,2,0,0,wc_vn_bellback,3,0
1,22,2,0,0,wc_vn_cragstoat,3,0
1,22,2,0,0,wc_vn_bellback,3,0
1,22,2,0,0,wc_vn_snapvine,3,0
1,22,2,0,0,wc_vn_grandmother_root,2,0
1,22,2,0,1,wc_vn_cragstoat,3,38295
1,22,2,0,1,wc_vn_grandmother_root,3,226800
1,22,2,0,1,wc_vn_bellback,3,0
1,22,2,0,1,wc_vn_snapvine,2,125800
1,22,2,0,1,wc_vn_grandmother_root,3,226800
1,22,2,0,1,wc_vn_cragstoat,3,208326
1,22,2,0,1,wc_vn_grandmother_root,3,200981
1,22,3,0,0,wc_vn_grandmother_root,3,0
1,22,3,0,0,wc_vn_snapvine,3,0
1,22,3,0,0,wc_vn_cragstoat,3,0
1,22,3,0,0,wc_vn_bellback,3,0
1,22,3,0,0,wc_vn_bellback,3,0
1,22,3,0,0,wc_vn_grandmother_root,3,0
1,22,3,0,0,wc_vn_cragstoat,2,0
1,22,3,0,1,wc_vn_cragstoat,3,210600
1,22,3,0,1,wc_vn_bellback,3,298363
1,22,3,0,1,wc_vn_grandmother_root,3,142890
1,22,3,0,1,wc_vn_cragstoat,3,0
1,22,3,0,1,wc_vn_bellback,3,0
1,22,3,0,1,wc_vn_grandmother_root,3,46152
1,22,3,0,1,wc_vn_grandmother_root,3,0
1,23,0,0,0,wc_vn_bellback,3,112800
1,23,0,0,0,wc_vn_cragstoat,3,210600
1,23,0,0,0,wc_vn_grandmother_root,3,176459
1,23,0,0,0,wc_vn_cragstoat,3,210600
1,23,0,0,0,wc_vn_bellback,3,307800
1,23,0,0,0,wc_vn_grandmother_root,3,226800
1,23,0,0,0,wc_vn_grandmother_root,3,226800
1,23,0,0,1,wc_vn_bellback,3,0
1,23,0,0,1,wc_vn_grandmother_root,3,0
1,23,0,0,1,wc_vn_cragstoat,3,0
1,23,0,0,1,wc_vn_cragstoat,3,0
1,23,0,0,1,wc_vn_bellback,3,0
1,23,0,0,1,wc_vn_snapvine,3,0
1,23,0,0,1,wc_vn_grandmother_root,3,0
1,23,1,0,0,wc_vn_cragstoat,3,0
1,23,1,0,0,wc_vn_snapvine,3,0
1,23,1,0,0,wc_vn_bellback,3,0
1,23,1,0,0,wc_vn_cragstoat,2,0
1,23,1,0,0,wc_vn_snapvine,2,0
1,23,1,0,0,wc_vn_cragstoat,2,0
1,23,1,0,0,wc_vn_snapvine,2,0
1,23,1,0,1,wc_vn_cragstoat,3,123212
1,23,1,0,1,wc_vn_grandmother_root,3,226800
1,23,1,0,1,wc_vn_bellback,3,278432
1,23,1,0,1,wc_vn_cragstoat,3,207622
1,23,1,0,1,wc_vn_bellback,3,279772
1,23,1,0,1,wc_vn_snapvine,3,192660
1,23,1,0,1,wc_vn_grandmother_root,3,226800
1,23,2,0,0,wc_vn_cragstoat,3,0
1,23,2,0,0,wc_vn_grandmother_root,3,226800
1,23,2,0,0,wc_vn_bellback,3,0
1,23,2,0,0,wc_vn_snapvine,2,0
1,23,2,0,0,wc_vn_grandmother_root,3,161210
1,23,2,0,0,wc_vn_cragstoat,3,0
1,23,2,0,0,wc_vn_grandmother_root,3,49745
1,23,2,0,1,wc_vn_cragstoat,3,0
1,23,2,0,1,wc_vn_bellback,3,0
1,23,2,0,1,wc_vn_cragstoat,3,0
1,23,2,0,1,wc_vn_bellback,3,0
1,23,2,0,1,wc_vn_grandmother_root,3,0
1,23,2,0,1,wc_vn_grandmother_root,3,0
1,23,2,0,1,wc_vn_cragstoat,3,0
1,23,3,0,0,wc_vn_grandmother_root,3,226800
1,23,3,0,0,wc_vn_cragstoat,3,75612
1,23,3,0,0,wc_vn_bellback,3,0
1,23,3,0,0,wc_vn_grandmother_root,3,226800
1,23,3,0,0,wc_vn_cragstoat,3,0
1,23,3,0,0,wc_vn_bellback,2,171000
1,23,3,0,0,wc_vn_grandmother_root,3,226800
1,23,3,0,1,wc_vn_grandmother_root,3,0
1,23,3,0,1,wc_vn_snapvine,3,0
1,23,3,0,1,wc_vn_cragstoat,3,0
1,23,3,0,1,wc_vn_bellback,3,0
1,23,3,0,1,wc_vn_bellback,3,0
1,23,3,0,1,wc_vn_grandmother_root,3,0
1,23,3,0,1,wc_vn_cragstoat,3,0
1,24,0,0,0,wc_vn_bellback,3,0
1,24,0,0,0,wc_vn_grandmother_root,3,0
1,24,0,0,0,wc_vn_cragstoat,3,0
1,24,0,0,0,wc_vn_bellback,3,0
1,24,0,0,0,wc_vn_grandmother_root,3,0
1,24,0,0,0,wc_vn_grandmother_root,3,0
1,24,0,0,0,wc_vn_snapvine,3,0
1,24,0,0,1,wc_vn_grandmother_root,3,99892
1,24,0,0,1,wc_vn_snapvine,3,163640
1,24,0,0,1,wc_vn_cragstoat,3,0
1,24,0,0,1,wc_vn_bellback,3,26520
1,24,0,0,1,wc_vn_bellback,3,307800
1,24,0,0,1,wc_vn_grandmother_root,3,0
1,24,0,0,1,wc_vn_cragstoat,3,210600
1,24,1,0,0,wc_vn_cragstoat,3,0
1,24,1,0,0,wc_vn_snapvine,3,0
1,24,1,0,0,wc_vn_bellback,3,0
1,24,1,0,0,wc_vn_cragstoat,2,0
1,24,1,0,0,wc_vn_snapvine,2,0
1,24,1,0,0,wc_vn_cragstoat,2,0
1,24,1,0,0,wc_vn_snapvine,2,0
1,24,1,0,1,wc_vn_grandmother_root,3,199595
1,24,1,0,1,wc_vn_cragstoat,3,210600
1,24,1,0,1,wc_vn_bellback,3,301063
1,24,1,0,1,wc_vn_grandmother_root,3,199345
1,24,1,0,1,wc_vn_cragstoat,3,198035
1,24,1,0,1,wc_vn_bellback,2,44077
1,24,1,0,1,wc_vn_grandmother_root,3,226800
1,24,2,0,0,wc_vn_cragstoat,3,0
1,24,2,0,0,wc_vn_grandmother_root,3,100619
1,24,2,0,0,wc_vn_bellback,3,111900
1,24,2,0,0,wc_vn_cragstoat,3,0
1,24,2,0,0,wc_vn_bellback,3,0
1,24,2,0,0,wc_vn_snapvine,3,226800
1,24,2,0,0,wc_vn_grandmother_root,3,138752
1,24,2,0,1,wc_vn_cragstoat,3,0
1,24,2,0,1,wc_vn_bellback,3,0
1,24,2,0,1,wc_vn_cragstoat,3,0
1,24,2,0,1,wc_vn_bellback,3,0
1,24,2,0,1,wc_vn_grandmother_root,3,0
1,24,2,0,1,wc_vn_grandmother_root,3,0
1,24,2,0,1,wc_vn_cragstoat,3,0
1,24,3,0,0,wc_vn_cragstoat,3,0
1,24,3,0,0,wc_vn_grandmother_root,3,0
1,24,3,0,0,wc_vn_bellback,3,0
1,24,3,0,0,wc_vn_snapvine,2,0
1,24,3,0,0,wc_vn_grandmother_root,3,0
1,24,3,0,0,wc_vn_cragstoat,3,0
1,24,3,0,0,wc_vn_grandmother_root,3,0
1,24,3,0,1,wc_vn_bellback,3,0
1,24,3,0,1,wc_vn_grandmother_root,3,71622
1,24,3,0,1,wc_vn_cragstoat,3,210600
1,24,3,0,1,wc_vn_cragstoat,3,210600
1,24,3,0,1,wc_vn_bellback,3,0
1,24,3,0,1,wc_vn_snapvine,3,226800
1,24,3,0,1,wc_vn_grandmother_root,3,226800
1,25,0,0,0,wc_vn_bellback,3,149907
1,25,0,0,0,wc_vn_grandmother_root,3,226800
1,25,0,0,0,wc_vn_cragstoat,3,210600
1,25,0,0,0,wc_vn_bellback,3,307800
1,25,0,0,0,wc_vn_grandmother_root,3,226800
1,25,0,0,0,wc_vn_grandmother_root,3,226800
1,25,0,0,0,wc_vn_snapvine,3,226800
1,25,0,0,1,wc_vn_n_slate_ram,1,0
1,25,0,0,1,wc_vn_n_glass_moth,1,0
1,25,0,0,1,wc_vn_n_root_sentinel,1,0
1,25,0,0,1,wc_vn_n_hollow_bellkeeper,1,0
1,25,1,0,0,wc_vn_cragstoat,3,47123
1,25,1,0,0,wc_vn_grandmother_root,3,146259
1,25,1,0,0,wc_vn_snapvine,3,226800
1,25,1,0,0,wc_vn_bellback,3,307800
1,25,1,0,0,wc_vn_bellback,3,307800
1,25,1,0,0,wc_vn_cragstoat,3,210600
1,25,1,0,0,wc_vn_snapvine,3,226800
1,25,1,0,1,wc_vn_n_slate_ram,1,0
1,25,1,0,1,wc_vn_n_glass_moth,1,0
1,25,1,0,1,wc_vn_n_root_sentinel,1,0
1,25,1,0,1,wc_vn_n_hollow_bellkeeper,1,0
1,25,2,0,0,wc_vn_cragstoat,3,210600
1,25,2,0,0,wc_vn_grandmother_root,3,226800
1,25,2,0,0,wc_vn_bellback,3,179724
1,25,2,0,0,wc_vn_cragstoat,3,210600
1,25,2,0,0,wc_vn_bellback,3,307800
1,25,2,0,0,wc_vn_snapvine,3,226800
1,25,2,0,0,wc_vn_grandmother_root,3,226800
1,25,2,0,1,wc_vn_n_slate_ram,1,0
1,25,2,0,1,wc_vn_n_glass_moth,1,0
1,25,2,0,1,wc_vn_n_root_sentinel,1,0
1,25,2,0,1,wc_vn_n_hollow_bellkeeper,1,0
1,25,3,0,0,wc_vn_cragstoat,3,0
1,25,3,0,0,wc_vn_grandmother_root,3,226800
1,25,3,0,0,wc_vn_bellback,3,178170
1,25,3,0,0,wc_vn_snapvine,2,126000
1,25,3,0,0,wc_vn_grandmother_root,3,226800
1,25,3,0,0,wc_vn_cragstoat,3,85383
1,25,3,0,0,wc_vn_grandmother_root,3,226800
1,25,3,0,1,wc_vn_n_slate_ram,1,0
1,25,3,0,1,wc_vn_n_glass_moth,1,0
1,25,3,0,1,wc_vn_n_root_sentinel,1,0
1,25,3,0,1,wc_vn_n_hollow_bellkeeper,1,0
1,25,4,0,0,wc_vn_grandmother_root,3,226800
1,25,4,0,0,wc_vn_bellback,3,234280
1,25,4,0,0,wc_vn_snapvine,3,226800
1,25,4,0,0,wc_vn_grandmother_root,3,226800
1,25,4,0,0,wc_vn_cragstoat,3,210600
1,25,4,0,0,wc_vn_bellback,3,307800
1,25,4,0,0,wc_vn_grandmother_root,3,226800
1,25,4,0,1,wc_vn_n_slate_ram,1,0
1,25,4,0,1,wc_vn_n_glass_moth,1,0
1,25,4,0,1,wc_vn_n_root_sentinel,1,0
1,25,4,0,1,wc_vn_n_hollow_bellkeeper,1,0
1,25,5,0,0,wc_vn_grandmother_root,3,226800
1,25,5,0,0,wc_vn_snapvine,3,226800
1,25,5,0,0,wc_vn_cragstoat,3,210600
1,25,5,0,0,wc_vn_bellback,3,307800
1,25,5,0,0,wc_vn_bellback,3,190869
1,25,5,0,0,wc_vn_grandmother_root,3,226800
1,25,5,0,0,wc_vn_cragstoat,3,0
1,25,5,0,1,wc_vn_n_slate_ram,1,0
1,25,5,0,1,wc_vn_n_glass_moth,1,0
1,25,5,0,1,wc_vn_n_root_sentinel,1,0
1,25,5,0,1,wc_vn_n_hollow_bellkeeper,1,0
1,25,6,0,0,wc_vn_cragstoat,3,185209
1,25,6,0,0,wc_vn_bellback,3,307800
1,25,6,0,0,wc_vn_cragstoat,3,210600
1,25,6,0,0,wc_vn_bellback,3,116093
1,25,6,0,0,wc_vn_grandmother_root,3,226800
1,25,6,0,0,wc_vn_grandmother_root,3,226800
1,25,6,0,0,wc_vn_cragstoat,3,210600
1,25,6,0,1,wc_vn_n_slate_ram,1,0
1,25,6,0,1,wc_vn_n_glass_moth,1,0
1,25,6,0,1,wc_vn_n_root_sentinel,1,0
1,25,6,0,1,wc_vn_n_hollow_bellkeeper,1,0
1,25,7,0,0,wc_vn_bellback,3,307800
1,25,7,0,0,wc_vn_grandmother_root,3,226800
1,25,7,0,0,wc_vn_cragstoat,3,210600
1,25,7,0,0,wc_vn_bellback,3,307800
1,25,7,0,0,wc_vn_snapvine,3,110342
1,25,7,0,0,wc_vn_grandmother_root,3,226800
1,25,7,0,0,wc_vn_bellback,3,307800
1,25,7,0,1,wc_vn_n_slate_ram,1,0
1,25,7,0,1,wc_vn_n_glass_moth,1,0
1,25,7,0,1,wc_vn_n_root_sentinel,1,0
1,25,7,0,1,wc_vn_n_hollow_bellkeeper,1,0
1,26,0,0,0,wc_vn_bellback,3,307800
1,26,0,0,0,wc_vn_grandmother_root,3,226800
1,26,0,0,0,wc_vn_cragstoat,3,164896
1,26,0,0,0,wc_vn_bellback,3,0
1,26,0,0,0,wc_vn_grandmother_root,3,0
1,26,0,0,0,wc_vn_grandmother_root,3,226800
1,26,0,0,0,wc_vn_snapvine,3,226800
1,26,0,0,1,wc_vn_cragstoat,3,0
1,26,0,0,1,wc_vn_bellback,3,0
1,26,0,0,1,wc_vn_snapvine,3,0
1,26,0,0,1,wc_vn_grandmother_root,3,0
1,26,0,0,1,wc_vn_bellback,3,0
1,26,0,0,1,wc_vn_cragstoat,3,0
1,26,0,0,1,wc_vn_grandmother_root,3,0
1,26,1,0,0,wc_vn_cragstoat,3,210600
1,26,1,0,0,wc_vn_grandmother_root,3,29814
1,26,1,0,0,wc_vn_snapvine,3,0
1,26,1,0,0,wc_vn_bellback,3,119789
1,26,1,0,0,wc_vn_bellback,3,0
1,26,1,0,0,wc_vn_cragstoat,3,55640
1,26,1,0,0,wc_vn_snapvine,3,162192
1,26,1,0,1,wc_vn_grandmother_root,3,0
1,26,1,0,1,wc_vn_snapvine,3,0
1,26,1,0,1,wc_vn_cragstoat,3,0
1,26,1,0,1,wc_vn_bellback,3,0
1,26,1,0,1,wc_vn_grandmother_root,3,0
1,26,1,0,1,wc_vn_cragstoat,3,0
1,26,1,0,1,wc_vn_snapvine,3,0
1,26,2,0,0,wc_vn_cragstoat,3,0
1,26,2,0,0,wc_vn_grandmother_root,3,0
1,26,2,0,0,wc_vn_bellback,3,0
1,26,2,0,0,wc_vn_cragstoat,3,0
1,26,2,0,0,wc_vn_bellback,3,0
1,26,2,0,0,wc_vn_snapvine,3,0
1,26,2,0,0,wc_vn_grandmother_root,3,0
1,26,2,0,1,wc_vn_grandmother_root,3,226800
1,26,2,0,1,wc_vn_bellback,3,256350
1,26,2,0,1,wc_vn_snapvine,3,226800
1,26,2,0,1,wc_vn_grandmother_root,3,226800
1,26,2,0,1,wc_vn_cragstoat,3,210600
1,26,2,0,1,wc_vn_bellback,3,0
1,26,2,0,1,wc_vn_grandmother_root,3,220058
1,26,3,0,0,wc_vn_cragstoat,3,0
1,26,3,0,0,wc_vn_bellback,3,0
1,26,3,0,0,wc_vn_cragstoat,3,0
1,26,3,0,0,wc_vn_bellback,3,0
1,26,3,0,0,wc_vn_grandmother_root,3,0
1,26,3,0,0,wc_vn_cragstoat,3,0
1,26,3,0,0,wc_vn_snapvine,3,0
1,26,3,0,1,wc_vn_bellback,3,307800
1,26,3,0,1,wc_vn_grandmother_root,3,198694
1,26,3,0,1,wc_vn_cragstoat,3,0
1,26,3,0,1,wc_vn_bellback,3,172063
1,26,3,0,1,wc_vn_snapvine,3,98802
1,26,3,0,1,wc_vn_grandmother_root,3,80381
1,26,3,0,1,wc_vn_bellback,3,97813
1,27,0,0,0,wc_vn_grandmother_root,3,210600
1,27,0,0,0,wc_vn_bellback,3,307800
1,27,0,0,0,wc_vn_snapvine,3,226800
1,27,0,0,0,wc_vn_grandmother_root,3,226800
1,27,0,0,0,wc_vn_cragstoat,3,0
1,27,0,0,0,wc_vn_bellback,3,0
1,27,0,0,0,wc_vn_grandmother_root,3,226800
1,27,0,0,1,wc_vn_bellback,3,0
1,27,0,0,1,wc_vn_grandmother_root,3,0
1,27,0,0,1,wc_vn_cragstoat,3,0
1,27,0,0,1,wc_vn_bellback,3,0
1,27,0,0,1,wc_vn_snapvine,3,0
1,27,0,0,1,wc_vn_grandmother_root,3,0
1,27,0,0,1,wc_vn_bellback,3,0
1,27,1,0,0,wc_vn_bellback,3,0
1,27,1,0,0,wc_vn_grandmother_root,3,0
1,27,1,0,0,wc_vn_cragstoat,3,0
1,27,1,0,0,wc_vn_bellback,3,0
1,27,1,0,0,wc_vn_grandmother_root,3,0
1,27,1,0,0,wc_vn_grandmother_root,3,0
1,27,1,0,0,wc_vn_snapvine,3,0
1,27,1,0,1,wc_vn_cragstoat,3,147210
1,27,1,0,1,wc_vn_bellback,3,269726
1,27,1,0,1,wc_vn_cragstoat,3,0
1,27,1,0,1,wc_vn_bellback,3,172363
1,27,1,0,1,wc_vn_grandmother_root,3,0
1,27,1,0,1,wc_vn_cragstoat,3,0
1,27,1,0,1,wc_vn_snapvine,3,226800
1,27,2,0,0,wc_vn_cragstoat,3,210600
1,27,2,0,0,wc_vn_grandmother_root,3,226800
1,27,2,0,0,wc_vn_snapvine,3,216920
1,27,2,0,0,wc_vn_bellback,3,0
1,27,2,0,0,wc_vn_bellback,3,207406
1,27,2,0,0,wc_vn_cragstoat,3,68269
1,27,2,0,0,wc_vn_snapvine,3,0
1,27,2,0,1,wc_vn_cragstoat,3,0
1,27,2,0,1,wc_vn_bellback,3,0
1,27,2,0,1,wc_vn_snapvine,3,0
1,27,2,0,1,wc_vn_grandmother_root,3,0
1,27,2,0,1,wc_vn_bellback,3,0
1,27,2,0,1,wc_vn_cragstoat,3,0
1,27,2,0,1,wc_vn_grandmother_root,3,0
1,27,3,0,0,wc_vn_cragstoat,3,0
1,27,3,0,0,wc_vn_grandmother_root,3,0
1,27,3,0,0,wc_vn_bellback,3,0
1,27,3,0,0,wc_vn_cragstoat,3,0
1,27,3,0,0,wc_vn_bellback,3,0
1,27,3,0,0,wc_vn_snapvine,3,0
1,27,3,0,0,wc_vn_grandmother_root,3,0
1,27,3,0,1,wc_vn_bellback,3,307800
1,27,3,0,1,wc_vn_grandmother_root,3,185031
1,27,3,0,1,wc_vn_cragstoat,3,0
1,27,3,0,1,wc_vn_bellback,3,307800
1,27,3,0,1,wc_vn_snapvine,3,0
1,27,3,0,1,wc_vn_grandmother_root,3,50660
1,27,3,0,1,wc_vn_bellback,3,0
1,28,0,0,0,wc_vn_bellback,3,307800
1,28,0,0,0,wc_vn_grandmother_root,3,140398
1,28,0,0,0,wc_vn_cragstoat,3,0
1,28,0,0,0,wc_vn_bellback,3,123802
1,28,0,0,0,wc_vn_snapvine,3,226800
1,28,0,0,0,wc_vn_grandmother_root,3,19148
1,28,0,0,0,wc_vn_bellback,3,0
1,28,0,0,1,wc_vn_cragstoat,3,0
1,28,0,0,1,wc_vn_snapvine,3,0
1,28,0,0,1,wc_vn_bellback,3,0
1,28,0,0,1,wc_vn_bellback,3,0
1,28,0,0,1,wc_vn_cragstoat,3,0
1,28,0,0,1,wc_vn_snapvine,3,0
1,28,0,0,1,wc_vn_snapvine,2,0
1,28,1,1,0,wc_vn_bellback,3,307800
1,28,1,1,0,wc_vn_grandmother_root,3,77224
1,28,1,1,0,wc_vn_cragstoat,3,115936
1,28,1,1,0,wc_vn_bellback,3,0
1,28,1,1,0,wc_vn_grandmother_root,3,0
1,28,1,1,0,wc_vn_grandmother_root,3,0
1,28,1,1,0,wc_vn_snapvine,3,0
1,28,1,1,1,wc_vn_cragstoat,3,0
1,28,1,1,1,wc_vn_grandmother_root,3,0
1,28,1,1,1,wc_vn_bellback,3,0
1,28,1,1,1,wc_vn_cragstoat,3,34793
1,28,1,1,1,wc_vn_bellback,3,0
1,28,1,1,1,wc_vn_snapvine,3,0
1,28,1,1,1,wc_vn_grandmother_root,3,21748
1,28,2,0,0,wc_vn_cragstoat,3,0
1,28,2,0,0,wc_vn_snapvine,3,0
1,28,2,0,0,wc_vn_bellback,3,0
1,28,2,0,0,wc_vn_bellback,3,0
1,28,2,0,0,wc_vn_cragstoat,3,0
1,28,2,0,0,wc_vn_snapvine,3,0
1,28,2,0,0,wc_vn_snapvine,2,0
1,28,2,0,1,wc_vn_cragstoat,3,6677
1,28,2,0,1,wc_vn_bellback,3,0
1,28,2,0,1,wc_vn_cragstoat,3,89732
1,28,2,0,1,wc_vn_bellback,3,243096
1,28,2,0,1,wc_vn_grandmother_root,3,0
1,28,2,0,1,wc_vn_cragstoat,3,175817
1,28,2,0,1,wc_vn_snapvine,3,0
1,28,3,0,0,wc_vn_cragstoat,3,0
1,28,3,0,0,wc_vn_bellback,3,0
1,28,3,0,0,wc_vn_snapvine,3,0
1,28,3,0,0,wc_vn_grandmother_root,3,0
1,28,3,0,0,wc_vn_bellback,3,0
1,28,3,0,0,wc_vn_cragstoat,3,0
1,28,3,0,0,wc_vn_grandmother_root,3,0
1,28,3,0,1,wc_vn_grandmother_root,3,226800
1,28,3,0,1,wc_vn_bellback,3,0
1,28,3,0,1,wc_vn_snapvine,3,156236
1,28,3,0,1,wc_vn_grandmother_root,3,171000
1,28,3,0,1,wc_vn_cragstoat,3,203426
1,28,3,0,1,wc_vn_bellback,3,271560
1,28,3,0,1,wc_vn_grandmother_root,3,226800
1,29,0,0,0,wc_vn_bellback,3,307800
1,29,0,0,0,wc_vn_grandmother_root,3,226800
1,29,0,0,0,wc_vn_cragstoat,3,210600
1,29,0,0,0,wc_vn_bellback,3,0
1,29,0,0,0,wc_vn_grandmother_root,3,118884
1,29,0,0,0,wc_vn_grandmother_root,3,0
1,29,0,0,0,wc_vn_snapvine,3,158955
1,29,0,0,1,wc_vn_cragstoat,3,0
1,29,0,0,1,wc_vn_bellback,3,0
1,29,0,0,1,wc_vn_snapvine,3,0
1,29,0,0,1,wc_vn_grandmother_root,3,0
1,29,0,0,1,wc_vn_bellback,3,0
1,29,0,0,1,wc_vn_cragstoat,3,0
1,29,0,0,1,wc_vn_grandmother_root,3,0
1,29,1,0,0,wc_vn_cragstoat,3,0
1,29,1,0,0,wc_vn_grandmother_root,3,193950
1,29,1,0,0,wc_vn_bellback,3,0
1,29,1,0,0,wc_vn_cragstoat,3,0
1,29,1,0,0,wc_vn_bellback,3,157500
1,29,1,0,0,wc_vn_snapvine,3,226800
1,29,1,0,0,wc_vn_grandmother_root,3,226800
1,29,1,0,1,wc_vn_bellback,3,0
1,29,1,0,1,wc_vn_grandmother_root,3,0
1,29,1,0,1,wc_vn_cragstoat,3,0
1,29,1,0,1,wc_vn_bellback,3,0
1,29,1,0,1,wc_vn_snapvine,3,0
1,29,1,0,1,wc_vn_grandmother_root,3,0
1,29,1,0,1,wc_vn_bellback,3,0
1,29,2,0,0,wc_vn_grandmother_root,3,226800
1,29,2,0,0,wc_vn_bellback,3,0
1,29,2,0,0,wc_vn_snapvine,3,219760
1,29,2,0,0,wc_vn_grandmother_root,3,203400
1,29,2,0,0,wc_vn_cragstoat,3,210600
1,29,2,0,0,wc_vn_bellback,3,0
1,29,2,0,0,wc_vn_grandmother_root,3,226800
1,29,2,0,1,wc_vn_cragstoat,3,0
1,29,2,0,1,wc_vn_bellback,3,0
1,29,2,0,1,wc_vn_cragstoat,3,0
1,29,2,0,1,wc_vn_bellback,3,0
1,29,2,0,1,wc_vn_grandmother_root,3,0
1,29,2,0,1,wc_vn_cragstoat,3,0
1,29,2,0,1,wc_vn_snapvine,3,0
1,30,0,0,0,wc_vn_bellback,3,307800
1,30,0,0,0,wc_vn_grandmother_root,3,214527
1,30,0,0,0,wc_vn_bellback,3,307800
1,30,0,0,0,wc_vn_grandmother_root,3,93840
1,30,0,0,0,wc_vn_grandmother_root,3,226800
1,30,0,0,0,wc_vn_snapvine,3,226800
1,30,0,0,0,wc_vn_grandmother_root,3,226800
1,30,0,0,1,wc_vn_n_slate_ram,1,0
1,30,0,0,1,wc_vn_n_glass_moth,1,0
1,30,0,0,1,wc_vn_n_root_sentinel,1,0
1,30,0,0,1,wc_vn_n_hollow_bellkeeper,1,0
1,30,1,0,0,wc_vn_cragstoat,3,210600
1,30,1,0,0,wc_vn_grandmother_root,3,226800
1,30,1,0,0,wc_vn_bellback,3,147463
1,30,1,0,0,wc_vn_cragstoat,3,210600
1,30,1,0,0,wc_vn_bellback,3,242629
1,30,1,0,0,wc_vn_snapvine,3,226800
1,30,1,0,0,wc_vn_grandmother_root,3,226800
1,30,1,0,1,wc_vn_n_slate_ram,1,0
1,30,1,0,1,wc_vn_n_glass_moth,1,0
1,30,1,0,1,wc_vn_n_root_sentinel,1,0
1,30,1,0,1,wc_vn_n_hollow_bellkeeper,1,0
1,30,2,0,0,wc_vn_cragstoat,3,166776
1,30,2,0,0,wc_vn_bellback,3,297130
1,30,2,0,0,wc_vn_snapvine,3,197062
1,30,2,0,0,wc_vn_grandmother_root,3,226800
1,30,2,0,0,wc_vn_bellback,3,307800
1,30,2,0,0,wc_vn_cragstoat,3,0
1,30,2,0,0,wc_vn_grandmother_root,3,226800
1,30,2,0,1,wc_vn_n_slate_ram,1,0
1,30,2,0,1,wc_vn_n_glass_moth,1,0
1,30,2,0,1,wc_vn_n_root_sentinel,1,0
1,30,2,0,1,wc_vn_n_hollow_bellkeeper,1,0
1,30,3,0,0,wc_vn_grandmother_root,3,226800
1,30,3,0,0,wc_vn_bellback,3,0
1,30,3,0,0,wc_vn_snapvine,3,226800
1,30,3,0,0,wc_vn_grandmother_root,3,226800
1,30,3,0,0,wc_vn_cragstoat,3,210600
1,30,3,0,0,wc_vn_bellback,3,288385
1,30,3,0,0,wc_vn_grandmother_root,3,226800
1,30,3,0,1,wc_vn_n_slate_ram,1,0
1,30,3,0,1,wc_vn_n_glass_moth,1,0
1,30,3,0,1,wc_vn_n_root_sentinel,1,0
1,30,3,0,1,wc_vn_n_hollow_bellkeeper,1,0
1,30,4,0,0,wc_vn_cragstoat,3,210600
1,30,4,0,0,wc_vn_bellback,3,104463
1,30,4,0,0,wc_vn_cragstoat,3,210600
1,30,4,0,0,wc_vn_bellback,3,307800
1,30,4,0,0,wc_vn_grandmother_root,3,217800
1,30,4,0,0,wc_vn_cragstoat,3,173036
1,30,4,0,0,wc_vn_snapvine,3,226800
1,30,4,0,1,wc_vn_n_slate_ram,1,0
1,30,4,0,1,wc_vn_n_glass_moth,1,0
1,30,4,0,1,wc_vn_n_root_sentinel,1,0
1,30,4,0,1,wc_vn_n_hollow_bellkeeper,1,0
1,30,5,0,0,wc_vn_bellback,3,291549
1,30,5,0,0,wc_vn_grandmother_root,3,226800
1,30,5,0,0,wc_vn_bellback,3,307800
1,30,5,0,0,wc_vn_snapvine,3,226800
1,30,5,0,0,wc_vn_grandmother_root,3,226800
1,30,5,0,0,wc_vn_bellback,3,307800
1,30,5,0,0,wc_vn_grandmother_root,3,158068
1,30,5,0,1,wc_vn_n_slate_ram,1,0
1,30,5,0,1,wc_vn_n_glass_moth,1,0
1,30,5,0,1,wc_vn_n_root_sentinel,1,0
1,30,5,0,1,wc_vn_n_hollow_bellkeeper,1,0
1,31,0,1,0,wc_vn_bellback,3,264019
1,31,0,1,0,wc_vn_grandmother_root,3,175196
1,31,0,1,0,wc_vn_bellback,3,0
1,31,0,1,0,wc_vn_grandmother_root,3,226800
1,31,0,1,0,wc_vn_grandmother_root,3,143467
1,31,0,1,0,wc_vn_snapvine,3,168713
1,31,0,1,0,wc_vn_grandmother_root,3,0
1,31,0,1,1,wc_vn_grandmother_root,3,226800
1,31,0,1,1,wc_vn_bellback,3,262710
1,31,0,1,1,wc_vn_snapvine,3,128932
1,31,0,1,1,wc_vn_grandmother_root,3,226800
1,31,0,1,1,wc_vn_bellback,3,307663
1,31,0,1,1,wc_vn_grandmother_root,3,226800
1,31,0,1,1,wc_vn_grandmother_root,3,226800
1,31,1,1,0,wc_vn_cragstoat,3,0
1,31,1,1,0,wc_vn_grandmother_root,3,226800
1,31,1,1,0,wc_vn_bellback,3,0
1,31,1,1,0,wc_vn_cragstoat,3,40736
1,31,1,1,0,wc_vn_bellback,3,0
1,31,1,1,0,wc_vn_snapvine,3,0
1,31,1,1,0,wc_vn_grandmother_root,3,226800
1,31,1,1,1,wc_vn_cragstoat,3,0
1,31,1,1,1,wc_vn_bellback,3,0
1,31,1,1,1,wc_vn_snapvine,3,0
1,31,1,1,1,wc_vn_grandmother_root,3,0
1,31,1,1,1,wc_vn_bellback,3,217080
1,31,1,1,1,wc_vn_cragstoat,3,0
1,31,1,1,1,wc_vn_grandmother_root,3,0
1,31,2,0,0,wc_vn_cragstoat,3,0
1,31,2,0,0,wc_vn_bellback,3,0
1,31,2,0,0,wc_vn_cragstoat,3,0
1,31,2,0,0,wc_vn_bellback,3,0
1,31,2,0,0,wc_vn_bellback,3,0
1,31,2,0,0,wc_vn_cragstoat,3,0
1,31,2,0,0,wc_vn_snapvine,3,0
1,31,2,0,1,wc_vn_bellback,3,307800
1,31,2,0,1,wc_vn_grandmother_root,3,226800
1,31,2,0,1,wc_vn_bellback,3,226200
1,31,2,0,1,wc_vn_snapvine,3,77672
1,31,2,0,1,wc_vn_grandmother_root,3,114745
1,31,2,0,1,wc_vn_bellback,3,0
1,31,2,0,1,wc_vn_grandmother_root,3,0
1,32,0,1,0,wc_vn_bellback,3,297720
1,32,0,1,0,wc_vn_grandmother_root,3,217754
1,32,0,1,0,wc_vn_bellback,3,307800
1,32,0,1,0,wc_vn_grandmother_root,3,226800
1,32,0,1,0,wc_vn_grandmother_root,3,0
1,32,0,1,0,wc_vn_snapvine,3,0
1,32,0,1,0,wc_vn_grandmother_root,3,210027
1,32,0,1,1,wc_vn_bellback,3,0
1,32,0,1,1,wc_vn_grandmother_root,3,171703
1,32,0,1,1,wc_vn_bellback,3,0
1,32,0,1,1,wc_vn_snapvine,3,174324
1,32,0,1,1,wc_vn_grandmother_root,3,226800
1,32,0,1,1,wc_vn_bellback,3,0
1,32,0,1,1,wc_vn_grandmother_root,3,0
1,32,1,1,0,wc_vn_cragstoat,3,0
1,32,1,1,0,wc_vn_grandmother_root,3,70690
1,32,1,1,0,wc_vn_bellback,3,0
1,32,1,1,0,wc_vn_cragstoat,3,0
1,32,1,1,0,wc_vn_bellback,3,0
1,32,1,1,0,wc_vn_snapvine,3,161573
1,32,1,1,0,wc_vn_grandmother_root,3,179306
1,32,1,1,1,wc_vn_grandmother_root,3,219108
1,32,1,1,1,wc_vn_bellback,3,0
1,32,1,1,1,wc_vn_snapvine,3,226800
1,32,1,1,1,wc_vn_grandmother_root,3,226800
1,32,1,1,1,wc_vn_bellback,3,142705
1,32,1,1,1,wc_vn_grandmother_root,3,226800
1,32,1,1,1,wc_vn_grandmother_root,3,221845
1,32,2,0,0,wc_vn_cragstoat,3,0
1,32,2,0,0,wc_vn_bellback,3,0
1,32,2,0,0,wc_vn_snapvine,3,195808
1,32,2,0,0,wc_vn_grandmother_root,3,54526
1,32,2,0,0,wc_vn_bellback,3,307800
1,32,2,0,0,wc_vn_cragstoat,3,0
1,32,2,0,0,wc_vn_grandmother_root,3,226800
1,32,2,0,1,wc_vn_cragstoat,3,0
1,32,2,0,1,wc_vn_bellback,3,0
1,32,2,0,1,wc_vn_cragstoat,3,0
1,32,2,0,1,wc_vn_bellback,3,0
1,32,2,0,1,wc_vn_bellback,3,0
1,32,2,0,1,wc_vn_cragstoat,3,0
1,32,2,0,1,wc_vn_snapvine,3,0
1,33,0,1,0,wc_vn_bellback,3,0
1,33,0,1,0,wc_vn_grandmother_root,3,226800
1,33,0,1,0,wc_vn_cragstoat,3,0
1,33,0,1,0,wc_vn_bellback,3,120900
1,33,0,1,0,wc_vn_grandmother_root,3,226800
1,33,0,1,0,wc_vn_grandmother_root,3,150563
1,33,0,1,0,wc_vn_snapvine,3,226800
1,33,0,1,0,wc_vn_grandmother_root,3,226800
1,33,0,1,1,wc_vn_cragstoat,3,0
1,33,0,1,1,wc_vn_grandmother_root,3,218140
1,33,0,1,1,wc_vn_bellback,3,0
1,33,0,1,1,wc_vn_cragstoat,3,0
1,33,0,1,1,wc_vn_bellback,3,0
1,33,0,1,1,wc_vn_snapvine,3,0
1,33,0,1,1,wc_vn_grandmother_root,3,122263
1,33,0,1,1,wc_vn_bellback,3,174300
1,33,1,1,0,wc_vn_cragstoat,3,0
1,33,1,1,0,wc_vn_bellback,3,0
1,33,1,1,0,wc_vn_snapvine,3,0
1,33,1,1,0,wc_vn_grandmother_root,3,0
1,33,1,1,0,wc_vn_bellback,3,0
1,33,1,1,0,wc_vn_cragstoat,3,0
1,33,1,1,0,wc_vn_grandmother_root,3,166483
1,33,1,1,0,wc_vn_grandmother_root,3,0
1,33,1,1,1,wc_vn_bellback,3,0
1,33,1,1,1,wc_vn_grandmother_root,3,0
1,33,1,1,1,wc_vn_bellback,3,306512
1,33,1,1,1,wc_vn_snapvine,3,39476
1,33,1,1,1,wc_vn_grandmother_root,3,226800
1,33,1,1,1,wc_vn_bellback,3,0
1,33,1,1,1,wc_vn_cragstoat,3,210600
1,33,1,1,1,wc_vn_grandmother_root,3,226800
1,33,2,0,0,wc_vn_grandmother_root,3,226800
1,33,2,0,0,wc_vn_cragstoat,3,179404
1,33,2,0,0,wc_vn_bellback,3,255528
1,33,2,0,0,wc_vn_snapvine,3,226800
1,33,2,0,0,wc_vn_grandmother_root,3,226800
1,33,2,0,0,wc_vn_bellback,3,307800
1,33,2,0,0,wc_vn_grandmother_root,3,226800
1,33,2,0,0,wc_vn_grandmother_root,3,226800
1,33,2,0,1,wc_vn_cragstoat,3,0
1,33,2,0,1,wc_vn_bellback,3,0
1,33,2,0,1,wc_vn_cragstoat,3,0
1,33,2,0,1,wc_vn_bellback,3,0
1,33,2,0,1,wc_vn_grandmother_root,3,0
1,33,2,0,1,wc_vn_bellback,3,0
1,33,2,0,1,wc_vn_cragstoat,3,0
1,33,2,0,1,wc_vn_snapvine,3,0
1,34,0,0,0,wc_vn_cragstoat,3,0
1,34,0,0,0,wc_vn_bellback,3,0
1,34,0,0,0,wc_vn_snapvine,3,0
1,34,0,0,0,wc_vn_grandmother_root,3,0
1,34,0,0,0,wc_vn_bellback,3,0
1,34,0,0,0,wc_vn_cragstoat,3,0
1,34,0,0,0,wc_vn_grandmother_root,3,0
1,34,0,0,0,wc_vn_grandmother_root,3,0
1,34,0,0,1,wc_vn_grandmother_root,3,226800
1,34,0,0,1,wc_vn_cragstoat,3,210600
1,34,0,0,1,wc_vn_bellback,3,242400
1,34,0,0,1,wc_vn_snapvine,3,156236
1,34,0,0,1,wc_vn_grandmother_root,3,226800
1,34,0,0,1,wc_vn_bellback,3,307800
1,34,0,0,1,wc_vn_grandmother_root,3,226800
1,34,0,0,1,wc_vn_grandmother_root,3,226800
1,34,1,1,0,wc_vn_bellback,3,190350
1,34,1,1,0,wc_vn_grandmother_root,3,0
1,34,1,1,0,wc_vn_cragstoat,3,0
1,34,1,1,0,wc_vn_bellback,3,0
1,34,1,1,0,wc_vn_grandmother_root,3,0
1,34,1,1,0,wc_vn_grandmother_root,3,0
1,34,1,1,0,wc_vn_snapvine,3,0
1,34,1,1,0,wc_vn_grandmother_root,3,0
1,34,1,1,1,wc_vn_grandmother_root,3,226800
1,34,1,1,1,wc_vn_cragstoat,3,100492
1,34,1,1,1,wc_vn_bellback,3,307800
1,34,1,1,1,wc_vn_snapvine,3,163562
1,34,1,1,1,wc_vn_grandmother_root,3,226800
1,34,1,1,1,wc_vn_bellback,3,0
1,34,1,1,1,wc_vn_grandmother_root,3,226800
1,34,1,1,1,wc_vn_grandmother_root,3,226800
1,34,2,0,0,wc_vn_cragstoat,3,0
1,34,2,0,0,wc_vn_grandmother_root,3,0
1,34,2,0,0,wc_vn_bellback,3,0
1,34,2,0,0,wc_vn_cragstoat,3,0
1,34,2,0,0,wc_vn_bellback,3,0
1,34,2,0,0,wc_vn_snapvine,3,0
1,34,2,0,0,wc_vn_grandmother_root,3,0
1,34,2,0,0,wc_vn_bellback,3,0
1,34,2,0,1,wc_vn_bellback,3,266250
1,34,2,0,1,wc_vn_grandmother_root,3,209053
1,34,2,0,1,wc_vn_bellback,3,130200
1,34,2,0,1,wc_vn_snapvine,3,201519
1,34,2,0,1,wc_vn_grandmother_root,3,0
1,34,2,0,1,wc_vn_bellback,3,188722
1,34,2,0,1,wc_vn_cragstoat,3,210600
1,34,2,0,1,wc_vn_grandmother_root,3,0
1,35,0,0,0,wc_vn_bellback,3,307800
1,35,0,0,0,wc_vn_grandmother_root,3,62467
1,35,0,0,0,wc_vn_cragstoat,3,210600
1,35,0,0,0,wc_vn_bellback,3,307800
1,35,0,0,0,wc_vn_grandmother_root,3,226800
1,35,0,0,0,wc_vn_grandmother_root,3,226800
1,35,0,0,0,wc_vn_snapvine,3,226800
1,35,0,0,0,wc_vn_grandmother_root,3,226800
1,35,0,0,1,wc_vn_n_slate_ram,1,0
1,35,0,0,1,wc_vn_n_glass_moth,1,0
1,35,0,0,1,wc_vn_n_root_sentinel,1,0
1,35,0,0,1,wc_vn_n_hollow_bellkeeper,1,0
1,35,1,0,0,wc_vn_cragstoat,3,110940
1,35,1,0,0,wc_vn_grandmother_root,3,34990
1,35,1,0,0,wc_vn_bellback,3,259950
1,35,1,0,0,wc_vn_cragstoat,3,210600
1,35,1,0,0,wc_vn_bellback,3,307800
1,35,1,0,0,wc_vn_snapvine,3,226800
1,35,1,0,0,wc_vn_grandmother_root,3,226800
1,35,1,0,0,wc_vn_bellback,3,307800
1,35,1,0,1,wc_vn_n_slate_ram,1,0
1,35,1,0,1,wc_vn_n_glass_moth,1,0
1,35,1,0,1,wc_vn_n_root_sentinel,1,0
1,35,1,0,1,wc_vn_n_hollow_bellkeeper,1,0
1,35,2,0,0,wc_vn_grandmother_root,3,217618
1,35,2,0,0,wc_vn_cragstoat,3,210600
1,35,2,0,0,wc_vn_bellback,3,264983
1,35,2,0,0,wc_vn_snapvine,3,226800
1,35,2,0,0,wc_vn_grandmother_root,3,226800
1,35,2,0,0,wc_vn_bellback,3,0
1,35,2,0,0,wc_vn_grandmother_root,3,226800
1,35,2,0,0,wc_vn_grandmother_root,3,226800
1,35,2,0,1,wc_vn_n_slate_ram,1,0
1,35,2,0,1,wc_vn_n_glass_moth,1,0
1,35,2,0,1,wc_vn_n_root_sentinel,1,0
1,35,2,0,1,wc_vn_n_hollow_bellkeeper,1,0
1,35,3,0,0,wc_vn_bellback,3,307800
1,35,3,0,0,wc_vn_grandmother_root,3,187710
1,35,3,0,0,wc_vn_bellback,3,307800
1,35,3,0,0,wc_vn_snapvine,3,226800
1,35,3,0,0,wc_vn_grandmother_root,3,117344
1,35,3,0,0,wc_vn_bellback,3,307800
1,35,3,0,0,wc_vn_cragstoat,3,210600
1,35,3,0,0,wc_vn_grandmother_root,3,0
1,35,3,0,1,wc_vn_n_slate_ram,1,0
1,35,3,0,1,wc_vn_n_glass_moth,1,0
1,35,3,0,1,wc_vn_n_root_sentinel,1,0
1,35,3,0,1,wc_vn_n_hollow_bellkeeper,1,0
1,36,0,1,0,wc_vn_bellback,3,0
1,36,0,1,0,wc_vn_grandmother_root,3,226800
1,36,0,1,0,wc_vn_cragstoat,3,0
1,36,0,1,0,wc_vn_bellback,3,0
1,36,0,1,0,wc_vn_grandmother_root,3,0
1,36,0,1,0,wc_vn_grandmother_root,3,0
1,36,0,1,0,wc_vn_snapvine,3,0
1,36,0,1,0,wc_vn_grandmother_root,3,0
1,36,0,1,1,wc_vn_cragstoat,3,210600
1,36,0,1,1,wc_vn_grandmother_root,3,226800
1,36,0,1,1,wc_vn_bellback,3,297900
1,36,0,1,1,wc_vn_cragstoat,3,0
1,36,0,1,1,wc_vn_bellback,3,0
1,36,0,1,1,wc_vn_snapvine,3,184540
1,36,0,1,1,wc_vn_grandmother_root,3,10888
1,36,0,1,1,wc_vn_bellback,3,0
1,36,1,1,0,wc_vn_grandmother_root,3,0
1,36,1,1,0,wc_vn_cragstoat,3,210600
1,36,1,1,0,wc_vn_bellback,3,0
1,36,1,1,0,wc_vn_snapvine,3,189192
1,36,1,1,0,wc_vn_grandmother_root,3,150738
1,36,1,1,0,wc_vn_bellback,3,0
1,36,1,1,0,wc_vn_grandmother_root,3,101290
1,36,1,1,0,wc_vn_grandmother_root,3,226800
1,36,1,1,1,wc_vn_bellback,3,0
1,36,1,1,1,wc_vn_grandmother_root,3,0
1,36,1,1,1,wc_vn_bellback,3,119959
1,36,1,1,1,wc_vn_snapvine,3,226800
1,36,1,1,1,wc_vn_grandmother_root,3,0
1,36,1,1,1,wc_vn_bellback,3,0
1,36,1,1,1,wc_vn_cragstoat,3,210600
1,36,1,1,1,wc_vn_grandmother_root,3,25511
1,37,0,0,0,wc_vn_bellback,3,0
1,37,0,0,0,wc_vn_grandmother_root,3,0
1,37,0,0,0,wc_vn_cragstoat,3,0
1,37,0,0,0,wc_vn_bellback,3,0
1,37,0,0,0,wc_vn_grandmother_root,3,0
1,37,0,0,0,wc_vn_grandmother_root,3,0
1,37,0,0,0,wc_vn_snapvine,3,0
1,37,0,0,0,wc_vn_grandmother_root,3,0
1,37,0,0,1,wc_vn_bellback,3,0
1,37,0,0,1,wc_vn_grandmother_root,3,226800
1,37,0,0,1,wc_vn_bellback,3,307800
1,37,0,0,1,wc_vn_snapvine,3,43999
1,37,0,0,1,wc_vn_grandmother_root,3,0
1,37,0,0,1,wc_vn_bellback,3,197400
1,37,0,0,1,wc_vn_cragstoat,3,0
1,37,0,0,1,wc_vn_grandmother_root,3,0
1,37,1,0,0,wc_vn_cragstoat,3,210600
1,37,1,0,0,wc_vn_grandmother_root,3,217350
1,37,1,0,0,wc_vn_bellback,3,0
1,37,1,0,0,wc_vn_cragstoat,3,146352
1,37,1,0,0,wc_vn_bellback,3,0
1,37,1,0,0,wc_vn_snapvine,3,0
1,37,1,0,0,wc_vn_grandmother_root,3,226800
1,37,1,0,0,wc_vn_bellback,3,0
1,37,1,0,1,wc_vn_grandmother_root,3,0
1,37,1,0,1,wc_vn_cragstoat,3,0
1,37,1,0,1,wc_vn_bellback,3,0
1,37,1,0,1,wc_vn_snapvine,3,0
1,37,1,0,1,wc_vn_grandmother_root,3,0
1,37,1,0,1,wc_vn_bellback,3,0
1,37,1,0,1,wc_vn_grandmother_root,3,0
1,37,1,0,1,wc_vn_grandmother_root,3,0
1,38,0,0,0,wc_vn_bellback,3,0
1,38,0,0,0,wc_vn_grandmother_root,3,0
1,38,0,0,0,wc_vn_cragstoat,3,0
1,38,0,0,0,wc_vn_bellback,3,0
1,38,0,0,0,wc_vn_grandmother_root,3,0
1,38,0,0,0,wc_vn_grandmother_root,3,0
1,38,0,0,0,wc_vn_snapvine,3,0
1,38,0,0,0,wc_vn_grandmother_root,3,0
1,38,0,0,1,wc_vn_cragstoat,3,0
1,38,0,0,1,wc_vn_grandmother_root,3,0
1,38,0,0,1,wc_vn_bellback,3,0
1,38,0,0,1,wc_vn_cragstoat,3,60995
1,38,0,0,1,wc_vn_bellback,3,189000
1,38,0,0,1,wc_vn_snapvine,3,226800
1,38,0,0,1,wc_vn_grandmother_root,3,226800
1,38,0,0,1,wc_vn_bellback,3,307800
1,38,1,1,0,wc_vn_grandmother_root,3,226800
1,38,1,1,0,wc_vn_cragstoat,3,0
1,38,1,1,0,wc_vn_bellback,3,152100
1,38,1,1,0,wc_vn_snapvine,3,226800
1,38,1,1,0,wc_vn_grandmother_root,3,226800
1,38,1,1,0,wc_vn_bellback,3,302863
1,38,1,1,0,wc_vn_grandmother_root,3,226800
1,38,1,1,0,wc_vn_grandmother_root,3,226800
1,38,1,1,1,wc_vn_bellback,3,0
1,38,1,1,1,wc_vn_grandmother_root,3,0
1,38,1,1,1,wc_vn_bellback,3,0
1,38,1,1,1,wc_vn_snapvine,3,226800
1,38,1,1,1,wc_vn_grandmother_root,3,0
1,38,1,1,1,wc_vn_bellback,3,249919
1,38,1,1,1,wc_vn_cragstoat,3,0
1,38,1,1,1,wc_vn_grandmother_root,3,226800
1,39,0,1,0,wc_vn_bellback,3,0
1,39,0,1,0,wc_vn_grandmother_root,3,87979
1,39,0,1,0,wc_vn_cragstoat,3,0
1,39,0,1,0,wc_vn_bellback,3,0
1,39,0,1,0,wc_vn_grandmother_root,3,0
1,39,0,1,0,wc_vn_grandmother_root,3,0
1,39,0,1,0,wc_vn_snapvine,3,0
1,39,0,1,0,wc_vn_grandmother_root,3,147420
1,39,0,1,1,wc_vn_grandmother_root,3,226800
1,39,0,1,1,wc_vn_cragstoat,3,200726
1,39,0,1,1,wc_vn_bellback,3,307800
1,39,0,1,1,wc_vn_snapvine,3,226800
1,39,0,1,1,wc_vn_grandmother_root,3,209825
1,39,0,1,1,wc_vn_bellback,3,307800
1,39,0,1,1,wc_vn_grandmother_root,3,226800
1,39,0,1,1,wc_vn_grandmother_root,3,226800
1,39,1,1,0,wc_vn_cragstoat,3,0
1,39,1,1,0,wc_vn_grandmother_root,3,226800
1,39,1,1,0,wc_vn_bellback,3,0
1,39,1,1,0,wc_vn_cragstoat,3,135660
1,39,1,1,0,wc_vn_bellback,3,56473
1,39,1,1,0,wc_vn_snapvine,3,0
1,39,1,1,0,wc_vn_grandmother_root,3,0
1,39,1,1,0,wc_vn_bellback,3,307800
1,39,1,1,1,wc_vn_bellback,3,0
1,39,1,1,1,wc_vn_grandmother_root,3,0
1,39,1,1,1,wc_vn_bellback,3,0
1,39,1,1,1,wc_vn_snapvine,3,0
1,39,1,1,1,wc_vn_grandmother_root,3,155258
1,39,1,1,1,wc_vn_bellback,3,235800
1,39,1,1,1,wc_vn_cragstoat,3,0
1,39,1,1,1,wc_vn_grandmother_root,3,0
1,40,0,0,0,wc_vn_cragstoat,3,210600
1,40,0,0,0,wc_vn_grandmother_root,3,226800
1,40,0,0,0,wc_vn_bellback,3,307800
1,40,0,0,0,wc_vn_cragstoat,3,210600
1,40,0,0,0,wc_vn_bellback,3,0
1,40,0,0,0,wc_vn_snapvine,3,226800
1,40,0,0,0,wc_vn_grandmother_root,3,226800
1,40,0,0,0,wc_vn_bellback,3,179748
1,40,0,0,1,wc_vn_n_slate_ram,1,0
1,40,0,0,1,wc_vn_n_glass_moth,1,0
1,40,0,0,1,wc_vn_n_root_sentinel,1,0
1,40,0,0,1,wc_vn_n_hollow_bellkeeper,1,0
1,40,1,0,0,wc_vn_grandmother_root,3,226800
1,40,1,0,0,wc_vn_cragstoat,3,210600
1,40,1,0,0,wc_vn_bellback,3,307800
1,40,1,0,0,wc_vn_snapvine,3,226800
1,40,1,0,0,wc_vn_grandmother_root,3,226800
1,40,1,0,0,wc_vn_bellback,3,291504
1,40,1,0,0,wc_vn_grandmother_root,3,152550
1,40,1,0,0,wc_vn_grandmother_root,3,226800
1,40,1,0,1,wc_vn_n_slate_ram,1,0
1,40,1,0,1,wc_vn_n_glass_moth,1,0
1,40,1,0,1,wc_vn_n_root_sentinel,1,0
1,40,1,0,1,wc_vn_n_hollow_bellkeeper,1,0
1,40,2,0,0,wc_vn_bellback,3,303060
1,40,2,0,0,wc_vn_grandmother_root,3,0
1,40,2,0,0,wc_vn_bellback,3,307800
1,40,2,0,0,wc_vn_snapvine,3,226800
1,40,2,0,0,wc_vn_grandmother_root,3,0
1,40,2,0,0,wc_vn_bellback,3,307800
1,40,2,0,0,wc_vn_cragstoat,3,206448
1,40,2,0,0,wc_vn_grandmother_root,3,162800
1,40,2,0,1,wc_vn_n_slate_ram,1,0
1,40,2,0,1,wc_vn_n_glass_moth,1,0
1,40,2,0,1,wc_vn_n_root_sentinel,1,0
1,40,2,0,1,wc_vn_n_hollow_bellkeeper,1,0
1,41,0,1,0,wc_vn_cragstoat,3,0
1,41,0,1,0,wc_vn_grandmother_root,3,95890
1,41,0,1,0,wc_vn_bellback,3,0
1,41,0,1,0,wc_vn_cragstoat,3,0
1,41,0,1,0,wc_vn_bellback,3,101550
1,41,0,1,0,wc_vn_snapvine,3,53371
1,41,0,1,0,wc_vn_grandmother_root,3,214429
1,41,0,1,0,wc_vn_bellback,3,0
1,41,0,1,1,wc_vn_grandmother_root,3,226800
1,41,0,1,1,wc_vn_cragstoat,3,0
1,41,0,1,1,wc_vn_bellback,3,182580
1,41,0,1,1,wc_vn_snapvine,3,226800
1,41,0,1,1,wc_vn_grandmother_root,3,226800
1,41,0,1,1,wc_vn_bellback,3,282013
1,41,0,1,1,wc_vn_grandmother_root,3,226800
1,41,0,1,1,wc_vn_grandmother_root,3,226800
1,41,1,1,0,wc_vn_grandmother_root,3,0
1,41,1,1,0,wc_vn_cragstoat,3,81653
1,41,1,1,0,wc_vn_bellback,3,0
1,41,1,1,0,wc_vn_snapvine,3,25365
1,41,1,1,0,wc_vn_grandmother_root,3,0
1,41,1,1,0,wc_vn_bellback,3,0
1,41,1,1,0,wc_vn_grandmother_root,3,0
1,41,1,1,0,wc_vn_grandmother_root,3,114224
1,41,1,1,1,wc_vn_bellback,3,150019
1,41,1,1,1,wc_vn_grandmother_root,3,210664
1,41,1,1,1,wc_vn_bellback,3,0
1,41,1,1,1,wc_vn_snapvine,3,92503
1,41,1,1,1,wc_vn_grandmother_root,3,226800
1,41,1,1,1,wc_vn_bellback,3,307800
1,41,1,1,1,wc_vn_cragstoat,3,187633
1,41,1,1,1,wc_vn_grandmother_root,3,226800
1,42,0,1,0,wc_vn_grandmother_root,3,226800
1,42,0,1,0,wc_vn_cragstoat,3,0
1,42,0,1,0,wc_vn_bellback,3,217140
1,42,0,1,0,wc_vn_snapvine,3,226800
1,42,0,1,0,wc_vn_grandmother_root,3,226800
1,42,0,1,0,wc_vn_bellback,3,307800
1,42,0,1,0,wc_vn_grandmother_root,3,226800
1,42,0,1,0,wc_vn_grandmother_root,3,197592
1,42,0,1,1,wc_vn_cragstoat,3,0
1,42,0,1,1,wc_vn_grandmother_root,3,202500
1,42,0,1,1,wc_vn_bellback,3,0
1,42,0,1,1,wc_vn_cragstoat,3,0
1,42,0,1,1,wc_vn_bellback,3,0
1,42,0,1,1,wc_vn_snapvine,3,0
1,42,0,1,1,wc_vn_grandmother_root,3,59068
1,42,0,1,1,wc_vn_bellback,3,0
1,42,1,0,0,wc_vn_cragstoat,3,29418
1,42,1,0,0,wc_vn_grandmother_root,3,226800
1,42,1,0,0,wc_vn_bellback,3,0
1,42,1,0,0,wc_vn_cragstoat,3,20830
1,42,1,0,0,wc_vn_bellback,3,177313
1,42,1,0,0,wc_vn_snapvine,3,208135
1,42,1,0,0,wc_vn_grandmother_root,3,226800
1,42,1,0,0,wc_vn_bellback,3,0
1,42,1,0,1,wc_vn_bellback,3,0
1,42,1,0,1,wc_vn_grandmother_root,3,0
1,42,1,0,1,wc_vn_bellback,3,0
1,42,1,0,1,wc_vn_snapvine,3,0
1,42,1,0,1,wc_vn_grandmother_root,3,0
1,42,1,0,1,wc_vn_bellback,3,0
1,42,1,0,1,wc_vn_cragstoat,3,0
1,42,1,0,1,wc_vn_grandmother_root,3,0
1,43,0,1,0,wc_vn_cragstoat,3,0
1,43,0,1,0,wc_vn_grandmother_root,3,0
1,43,0,1,0,wc_vn_bellback,3,0
1,43,0,1,0,wc_vn_cragstoat,3,0
1,43,0,1,0,wc_vn_bellback,3,0
1,43,0,1,0,wc_vn_snapvine,3,49710
1,43,0,1,0,wc_vn_grandmother_root,3,0
1,43,0,1,0,wc_vn_bellback,3,0
1,43,0,1,1,wc_vn_bellback,3,295560
1,43,0,1,1,wc_vn_grandmother_root,3,226800
1,43,0,1,1,wc_vn_bellback,3,307800
1,43,0,1,1,wc_vn_snapvine,3,175454
1,43,0,1,1,wc_vn_grandmother_root,3,0
1,43,0,1,1,wc_vn_bellback,3,0
1,43,0,1,1,wc_vn_cragstoat,3,0
1,43,0,1,1,wc_vn_grandmother_root,3,226800
1,43,1,0,0,wc_vn_grandmother_root,3,226800
1,43,1,0,0,wc_vn_cragstoat,3,210600
1,43,1,0,0,wc_vn_bellback,3,307800
1,43,1,0,0,wc_vn_snapvine,3,226800
1,43,1,0,0,wc_vn_grandmother_root,3,226800
1,43,1,0,0,wc_vn_bellback,3,307800
1,43,1,0,0,wc_vn_grandmother_root,3,226800
1,43,1,0,0,wc_vn_grandmother_root,3,226800
1,43,1,0,1,wc_vn_bellback,3,0
1,43,1,0,1,wc_vn_grandmother_root,3,0
1,43,1,0,1,wc_vn_bellback,3,0
1,43,1,0,1,wc_vn_snapvine,3,0
1,43,1,0,1,wc_vn_grandmother_root,3,0
1,43,1,0,1,wc_vn_bellback,3,0
1,43,1,0,1,wc_vn_cragstoat,3,0
1,43,1,0,1,wc_vn_grandmother_root,3,0
