experiment,seed,round,seat,winner,timeout,health_after,damage,reward
5,1,1,0,0,0,60,0,2
5,1,1,1,0,0,60,0,2
5,1,1,2,0,0,60,0,2
5,1,1,3,0,0,60,0,2
5,1,1,4,0,0,60,0,2
5,1,1,5,0,0,60,0,2
5,1,1,6,0,0,60,0,2
5,1,1,7,0,0,60,0,2
5,1,2,0,0,0,60,0,2
5,1,2,1,0,0,60,0,2
5,1,2,2,0,0,60,0,2
5,1,2,3,0,0,60,0,2
5,1,2,4,0,0,60,0,2
5,1,2,5,0,0,60,0,2
5,1,2,6,0,0,60,0,2
5,1,2,7,0,0,60,0,2
5,1,3,0,0,0,60,0,2
5,1,3,1,0,0,60,0,2
5,1,3,2,0,0,60,0,2
5,1,3,3,0,0,60,0,2
5,1,3,4,0,0,60,0,2
5,1,3,5,0,0,60,0,2
5,1,3,6,0,0,60,0,2
5,1,3,7,0,0,60,0,2
5,1,5,0,0,0,56,0,2
5,1,5,1,0,0,54,0,2
5,1,5,2,0,0,60,0,2
5,1,5,3,0,0,60,0,2
5,1,5,4,0,0,56,0,2
5,1,5,5,0,0,54,0,2
5,1,5,6,0,0,60,0,2
5,1,5,7,0,0,60,0,2
5,1,10,0,0,0,56,0,2
5,1,10,1,0,0,38,0,2
5,1,10,2,0,0,38,0,2
5,1,10,3,0,0,48,0,2
5,1,10,4,0,0,43,0,2
5,1,10,5,0,0,42,0,2
5,1,10,6,0,0,51,0,2
5,1,10,7,0,0,60,0,2
5,1,15,0,0,0,44,0,2
5,1,15,1,0,0,11,0,2
5,1,15,2,0,0,5,0,2
5,1,15,3,0,0,23,0,2
5,1,15,4,0,0,43,0,2
5,1,15,5,0,0,26,0,2
5,1,15,6,0,0,51,0,2
5,1,15,7,0,0,60,0,2
5,1,20,0,1,0,31,2,0
5,1,20,4,1,0,7,2,0
5,1,20,5,0,0,26,0,2
5,1,20,6,0,0,28,0,2
5,1,20,7,0,0,60,0,2
5,1,25,5,0,0,17,0,2
5,1,25,7,0,0,60,0,2
5,2,1,0,0,0,60,0,2
5,2,1,1,0,0,60,0,2
5,2,1,2,0,0,60,0,2
5,2,1,3,0,0,60,0,2
5,2,1,4,0,0,60,0,2
5,2,1,5,0,0,60,0,2
5,2,1,6,0,0,60,0,2
5,2,1,7,0,0,60,0,2
5,2,2,0,0,0,60,0,2
5,2,2,1,0,0,60,0,2
5,2,2,2,0,0,60,0,2
5,2,2,3,0,0,60,0,2
5,2,2,4,0,0,60,0,2
5,2,2,5,0,0,60,0,2
5,2,2,6,0,0,60,0,2
5,2,2,7,0,0,60,0,2
5,2,3,0,0,0,60,0,2
5,2,3,1,0,0,60,0,2
5,2,3,2,0,0,60,0,2
5,2,3,3,0,0,60,0,2
5,2,3,4,0,0,60,0,2
5,2,3,5,0,0,60,0,2
5,2,3,6,0,0,60,0,2
5,2,3,7,0,0,60,0,2
5,2,5,0,0,0,54,0,2
5,2,5,1,0,0,60,0,2
5,2,5,2,0,0,60,0,2
5,2,5,3,0,0,60,0,2
5,2,5,4,0,0,55,0,2
5,2,5,5,0,0,60,0,2
5,2,5,6,0,0,54,0,2
5,2,5,7,0,0,56,0,2
5,2,10,0,0,0,39,0,2
5,2,10,1,0,0,48,0,2
5,2,10,2,0,0,45,0,2
5,2,10,3,0,0,54,0,2
5,2,10,4,0,0,38,0,2
5,2,10,5,0,0,46,0,2
5,2,10,6,0,0,42,0,2
5,2,10,7,0,0,56,0,2
5,2,15,0,0,0,17,0,2
5,2,15,1,0,0,32,0,2
5,2,15,2,0,0,18,0,2
5,2,15,3,0,0,54,0,2
5,2,15,4,0,0,8,0,2
5,2,15,5,0,0,32,0,2
5,2,15,6,0,0,39,0,2
5,2,15,7,0,0,56,0,2
5,2,20,1,1,0,16,2,0
5,2,20,3,0,0,54,0,2
5,2,20,5,0,0,15,0,2
5,2,20,6,1,0,2,2,0
5,2,20,7,0,0,56,0,2
5,2,25,3,0,0,39,0,2
5,2,25,7,0,0,56,0,2
5,2,30,3,0,0,23,0,2
5,2,30,7,0,0,42,0,2
5,3,1,0,0,0,60,0,2
5,3,1,1,0,0,60,0,2
5,3,1,2,0,0,60,0,2
5,3,1,3,0,0,60,0,2
5,3,1,4,0,0,60,0,2
5,3,1,5,0,0,60,0,2
5,3,1,6,0,0,60,0,2
5,3,1,7,0,0,60,0,2
5,3,2,0,0,0,60,0,2
5,3,2,1,0,0,60,0,2
5,3,2,2,0,0,60,0,2
5,3,2,3,0,0,60,0,2
5,3,2,4,0,0,60,0,2
5,3,2,5,0,0,60,0,2
5,3,2,6,0,0,60,0,2
5,3,2,7,0,0,60,0,2
5,3,3,0,0,0,60,0,2
5,3,3,1,0,0,60,0,2
5,3,3,2,0,0,60,0,2
5,3,3,3,0,0,60,0,2
5,3,3,4,0,0,60,0,2
5,3,3,5,0,0,60,0,2
5,3,3,6,0,0,60,0,2
5,3,3,7,0,0,60,0,2
5,3,5,0,0,0,60,0,2
5,3,5,1,0,0,53,0,2
5,3,5,2,0,0,60,0,2
5,3,5,3,0,0,53,0,2
5,3,5,4,0,0,60,0,2
5,3,5,5,0,0,55,0,2
5,3,5,6,0,0,56,0,2
5,3,5,7,0,0,60,0,2
5,3,10,0,0,0,60,0,2
5,3,10,1,0,0,44,0,2
5,3,10,2,0,0,40,0,2
5,3,10,3,0,0,26,0,2
5,3,10,4,0,0,48,0,2
5,3,10,5,0,0,55,0,2
5,3,10,6,0,0,36,0,2
5,3,10,7,0,0,55,0,2
5,3,15,0,0,0,31,0,2
5,3,15,1,0,0,29,0,2
5,3,15,2,0,0,33,0,2
5,3,15,3,0,0,12,0,2
5,3,15,4,0,0,24,0,2
5,3,15,5,0,0,55,0,2
5,3,15,6,1,0,5,2,0
5,3,15,7,0,0,55,0,2
5,3,20,0,1,0,8,2,0
5,3,20,1,1,0,10,2,0
5,3,20,2,1,0,22,2,0
5,3,20,5,0,0,55,0,2
5,3,20,7,0,0,41,0,2
5,3,25,5,0,0,46,0,2
5,3,25,7,0,0,41,0,2
5,3,30,5,0,0,22,0,2
5,3,30,7,0,0,34,0,2
5,4,1,0,0,0,60,0,2
5,4,1,1,0,0,60,0,2
5,4,1,2,0,0,60,0,2
5,4,1,3,0,0,60,0,2
5,4,1,4,0,0,60,0,2
5,4,1,5,0,0,60,0,2
5,4,1,6,0,0,60,0,2
5,4,1,7,0,0,60,0,2
5,4,2,0,0,0,60,0,2
5,4,2,1,0,0,60,0,2
5,4,2,2,0,0,60,0,2
5,4,2,3,0,0,60,0,2
5,4,2,4,0,0,60,0,2
5,4,2,5,0,0,60,0,2
5,4,2,6,0,0,60,0,2
5,4,2,7,0,0,60,0,2
5,4,3,0,0,0,60,0,2
5,4,3,1,0,0,60,0,2
5,4,3,2,0,0,60,0,2
5,4,3,3,0,0,60,0,2
5,4,3,4,0,0,60,0,2
5,4,3,5,0,0,60,0,2
5,4,3,6,0,0,60,0,2
5,4,3,7,0,0,60,0,2
5,4,5,0,0,0,55,0,2
5,4,5,1,0,0,60,0,2
5,4,5,2,0,0,56,0,2
5,4,5,3,0,0,60,0,2
5,4,5,4,0,0,60,0,2
5,4,5,5,0,0,53,0,2
5,4,5,6,0,0,60,0,2
5,4,5,7,0,0,54,0,2
5,4,10,0,0,0,55,0,2
5,4,10,1,0,0,60,0,2
5,4,10,2,0,0,56,0,2
5,4,10,3,0,0,42,0,2
5,4,10,4,0,0,34,0,2
5,4,10,5,0,0,36,0,2
5,4,10,6,0,0,41,0,2
5,4,10,7,0,0,37,0,2
5,4,15,0,0,0,51,0,2
5,4,15,1,0,0,60,0,2
5,4,15,2,0,0,51,0,2
5,4,15,3,0,0,11,0,2
5,4,15,4,0,0,17,0,2
5,4,15,5,0,0,6,0,2
5,4,15,6,0,0,29,0,2
5,4,15,7,0,0,31,0,2
5,4,20,0,0,0,40,0,2
5,4,20,1,0,0,60,0,2
5,4,20,2,0,0,45,0,2
5,4,20,6,1,0,20,2,0
5,4,20,7,1,0,0,2,0
5,4,25,1,0,0,29,0,2
5,4,25,2,0,0,36,0,2
5,4,25,6,0,0,20,0,2
5,4,30,1,0,0,2,0,2
5,4,30,2,0,0,36,0,2
5,4,30,6,0,0,12,0,2
5,5,1,0,0,0,60,0,2
5,5,1,1,0,0,60,0,2
5,5,1,2,0,0,60,0,2
5,5,1,3,0,0,60,0,2
5,5,1,4,0,0,60,0,2
5,5,1,5,0,0,60,0,2
5,5,1,6,0,0,60,0,2
5,5,1,7,0,0,60,0,2
5,5,2,0,0,0,60,0,2
5,5,2,1,0,0,60,0,2
5,5,2,2,0,0,60,0,2
5,5,2,3,0,0,60,0,2
5,5,2,4,0,0,60,0,2
5,5,2,5,0,0,60,0,2
5,5,2,6,0,0,60,0,2
5,5,2,7,0,0,60,0,2
5,5,3,0,0,0,60,0,2
5,5,3,1,0,0,60,0,2
5,5,3,2,0,0,60,0,2
5,5,3,3,0,0,60,0,2
5,5,3,4,0,0,60,0,2
5,5,3,5,0,0,60,0,2
5,5,3,6,0,0,60,0,2
5,5,3,7,0,0,60,0,2
5,5,5,0,0,0,56,0,2
5,5,5,1,0,0,57,0,2
5,5,5,2,0,0,56,0,2
5,5,5,3,0,0,55,0,2
5,5,5,4,0,0,60,0,2
5,5,5,5,0,0,60,0,2
5,5,5,6,0,0,60,0,2
5,5,5,7,0,0,60,0,2
5,5,10,0,0,0,51,0,2
5,5,10,1,0,0,41,0,2
5,5,10,2,0,0,56,0,2
5,5,10,3,0,0,33,0,2
5,5,10,4,0,0,50,0,2
5,5,10,5,0,0,49,0,2
5,5,10,6,0,0,44,0,2
5,5,10,7,0,0,60,0,2
5,5,15,0,0,0,41,0,2
5,5,15,1,0,0,24,0,2
5,5,15,2,0,0,56,0,2
5,5,15,3,0,0,6,0,2
5,5,15,4,0,0,42,0,2
5,5,15,5,0,0,49,0,2
5,5,15,6,0,0,15,0,2
5,5,15,7,0,0,41,0,2
5,5,20,0,0,0,27,0,2
5,5,20,2,0,0,48,0,2
5,5,20,4,1,0,32,2,0
5,5,20,5,0,0,42,0,2
5,5,20,7,0,0,27,0,2
5,5,25,2,0,0,48,0,2
5,5,25,4,0,0,14,0,2
5,5,25,5,0,0,26,0,2
5,5,25,7,0,0,19,0,2
5,5,30,2,0,0,48,0,2
5,5,30,5,0,0,7,0,2
5,6,1,0,0,0,60,0,2
5,6,1,1,0,0,60,0,2
5,6,1,2,0,0,60,0,2
5,6,1,3,0,0,60,0,2
5,6,1,4,0,0,60,0,2
5,6,1,5,0,0,60,0,2
5,6,1,6,0,0,60,0,2
5,6,1,7,0,0,60,0,2
5,6,2,0,0,0,60,0,2
5,6,2,1,0,0,60,0,2
5,6,2,2,0,0,60,0,2
5,6,2,3,0,0,60,0,2
5,6,2,4,0,0,60,0,2
5,6,2,5,0,0,60,0,2
5,6,2,6,0,0,60,0,2
5,6,2,7,0,0,60,0,2
5,6,3,0,0,0,60,0,2
5,6,3,1,0,0,60,0,2
5,6,3,2,0,0,60,0,2
5,6,3,3,0,0,60,0,2
5,6,3,4,0,0,60,0,2
5,6,3,5,0,0,60,0,2
5,6,3,6,0,0,60,0,2
5,6,3,7,0,0,60,0,2
5,6,5,0,0,0,60,0,2
5,6,5,1,0,0,53,0,2
5,6,5,2,0,0,55,0,2
5,6,5,3,0,0,60,0,2
5,6,5,4,0,0,56,0,2
5,6,5,5,0,0,60,0,2
5,6,5,6,0,0,53,0,2
5,6,5,7,0,0,60,0,2
5,6,10,0,0,0,60,0,2
5,6,10,1,0,0,41,0,2
5,6,10,2,0,0,32,0,2
5,6,10,3,0,0,49,0,2
5,6,10,4,0,0,50,0,2
5,6,10,5,0,0,54,0,2
5,6,10,6,0,0,26,0,2
5,6,10,7,0,0,51,0,2
5,6,15,0,0,0,60,0,2
5,6,15,1,0,0,25,0,2
5,6,15,2,0,0,15,0,2
5,6,15,3,0,0,26,0,2
5,6,15,4,0,0,25,0,2
5,6,15,5,0,0,54,0,2
5,6,15,7,0,0,46,0,2
5,6,20,0,0,0,55,0,2
5,6,20,3,1,0,4,2,0
5,6,20,4,1,0,10,2,0
5,6,20,5,0,0,44,0,2
5,6,20,7,0,0,40,0,2
5,6,25,0,0,0,55,0,2
5,6,25,5,0,0,8,0,2
5,6,25,7,1,1,19,2,0
5,6,30,0,0,0,38,0,2
5,6,30,5,0,0,8,0,2
5,7,1,0,0,0,60,0,2
5,7,1,1,0,0,60,0,2
5,7,1,2,0,0,60,0,2
5,7,1,3,0,0,60,0,2
5,7,1,4,0,0,60,0,2
5,7,1,5,0,0,60,0,2
5,7,1,6,0,0,60,0,2
5,7,1,7,0,0,60,0,2
5,7,2,0,0,0,60,0,2
5,7,2,1,0,0,60,0,2
5,7,2,2,0,0,60,0,2
5,7,2,3,0,0,60,0,2
5,7,2,4,0,0,60,0,2
5,7,2,5,0,0,60,0,2
5,7,2,6,0,0,60,0,2
5,7,2,7,0,0,60,0,2
5,7,3,0,0,0,60,0,2
5,7,3,1,0,0,60,0,2
5,7,3,2,0,0,60,0,2
5,7,3,3,0,0,60,0,2
5,7,3,4,0,0,60,0,2
5,7,3,5,0,0,60,0,2
5,7,3,6,0,0,60,0,2
5,7,3,7,0,0,60,0,2
5,7,5,0,0,0,55,0,2
5,7,5,1,0,0,54,0,2
5,7,5,2,0,0,60,0,2
5,7,5,3,0,0,54,0,2
5,7,5,4,0,0,60,0,2
5,7,5,5,0,0,60,0,2
5,7,5,6,0,0,56,0,2
5,7,5,7,0,0,60,0,2
5,7,10,0,0,0,52,0,2
5,7,10,1,0,0,37,0,2
5,7,10,2,0,0,55,0,2
5,7,10,3,0,0,40,0,2
5,7,10,4,0,0,43,0,2
5,7,10,5,0,0,55,0,2
5,7,10,6,0,0,40,0,2
5,7,10,7,0,0,54,0,2
5,7,15,0,0,0,40,0,2
5,7,15,1,0,0,34,0,2
5,7,15,2,0,0,48,0,2
5,7,15,3,0,0,34,0,2
5,7,15,4,0,0,11,0,2
5,7,15,5,0,0,50,0,2
5,7,15,6,0,0,11,0,2
5,7,15,7,0,0,42,0,2
5,7,20,0,0,0,29,0,2
5,7,20,1,0,0,34,0,2
5,7,20,2,0,1,22,0,2
5,7,20,3,0,0,28,0,2
5,7,20,5,0,0,25,0,2
5,7,20,7,0,0,35,0,2
5,7,25,0,0,0,14,0,2
5,7,25,1,0,0,25,0,2
5,7,25,3,0,0,28,0,2
5,7,25,5,0,0,6,0,2
5,7,25,7,0,0,11,0,2
5,7,30,1,0,0,10,0,2
5,7,30,3,0,0,20,0,2
5,8,1,0,0,0,60,0,2
5,8,1,1,0,0,60,0,2
5,8,1,2,0,0,60,0,2
5,8,1,3,0,0,60,0,2
5,8,1,4,0,0,60,0,2
5,8,1,5,0,0,60,0,2
5,8,1,6,0,0,60,0,2
5,8,1,7,0,0,60,0,2
5,8,2,0,0,0,60,0,2
5,8,2,1,0,0,60,0,2
5,8,2,2,0,0,60,0,2
5,8,2,3,0,0,60,0,2
5,8,2,4,0,0,60,0,2
5,8,2,5,0,0,60,0,2
5,8,2,6,0,0,60,0,2
5,8,2,7,0,0,60,0,2
5,8,3,0,0,0,60,0,2
5,8,3,1,0,0,60,0,2
5,8,3,2,0,0,60,0,2
5,8,3,3,0,0,60,0,2
5,8,3,4,0,0,60,0,2
5,8,3,5,0,0,60,0,2
5,8,3,6,0,0,60,0,2
5,8,3,7,0,0,60,0,2
5,8,5,0,0,0,60,0,2
5,8,5,1,0,0,57,0,2
5,8,5,2,0,0,60,0,2
5,8,5,3,0,0,60,0,2
5,8,5,4,0,0,57,0,2
5,8,5,5,0,0,60,0,2
5,8,5,6,0,0,54,0,2
5,8,5,7,0,0,55,0,2
5,8,10,0,0,0,38,0,2
5,8,10,1,0,0,34,0,2
5,8,10,2,0,0,57,0,2
5,8,10,3,0,0,60,0,2
5,8,10,4,0,0,51,0,2
5,8,10,5,0,0,52,0,2
5,8,10,6,0,0,45,0,2
5,8,10,7,0,0,45,0,2
5,8,15,0,0,0,28,0,2
5,8,15,1,0,0,5,0,2
5,8,15,2,0,0,57,0,2
5,8,15,3,0,0,52,0,2
5,8,15,4,0,0,19,0,2
5,8,15,5,0,0,44,0,2
5,8,15,6,0,0,30,0,2
5,8,15,7,0,0,30,0,2
5,8,20,0,0,0,21,0,2
5,8,20,2,0,0,57,0,2
5,8,20,3,0,0,35,0,2
5,8,20,5,0,0,38,0,2
5,8,20,6,1,0,5,2,0
5,8,20,7,1,0,0,2,0
5,8,25,2,0,0,50,0,2
5,8,25,3,0,0,7,0,2
5,8,25,5,0,0,38,0,2
5,8,30,2,0,0,35,0,2
5,8,30,5,0,0,14,0,2
5,9,1,0,0,0,60,0,2
5,9,1,1,0,0,60,0,2
5,9,1,2,0,0,60,0,2
5,9,1,3,0,0,60,0,2
5,9,1,4,0,0,60,0,2
5,9,1,5,0,0,60,0,2
5,9,1,6,0,0,60,0,2
5,9,1,7,0,0,60,0,2
5,9,2,0,0,0,60,0,2
5,9,2,1,0,0,60,0,2
5,9,2,2,0,0,60,0,2
5,9,2,3,0,0,60,0,2
5,9,2,4,0,0,60,0,2
5,9,2,5,0,0,60,0,2
5,9,2,6,0,0,60,0,2
5,9,2,7,0,0,60,0,2
5,9,3,0,0,0,60,0,2
5,9,3,1,0,0,60,0,2
5,9,3,2,0,0,60,0,2
5,9,3,3,0,0,60,0,2
5,9,3,4,0,0,60,0,2
5,9,3,5,0,0,60,0,2
5,9,3,6,0,0,60,0,2
5,9,3,7,0,0,60,0,2
5,9,5,0,0,0,55,0,2
5,9,5,1,0,0,60,0,2
5,9,5,2,0,0,60,0,2
5,9,5,3,0,0,60,0,2
5,9,5,4,0,0,56,0,2
5,9,5,5,0,0,60,0,2
5,9,5,6,0,0,55,0,2
5,9,5,7,0,0,55,0,2
5,9,10,0,0,0,36,0,2
5,9,10,1,0,0,50,0,2
5,9,10,2,0,0,53,0,2
5,9,10,3,0,0,56,0,2
5,9,10,4,0,0,38,0,2
5,9,10,5,0,0,47,0,2
5,9,10,6,0,0,45,0,2
5,9,10,7,0,0,51,0,2
5,9,15,0,0,0,20,0,2
5,9,15,1,0,0,45,0,2
5,9,15,2,0,0,25,0,2
5,9,15,3,0,0,42,0,2
5,9,15,4,0,0,11,0,2
5,9,15,5,0,0,30,0,2
5,9,15,6,0,0,45,0,2
5,9,15,7,0,0,51,0,2
5,9,20,1,1,0,25,2,0
5,9,20,3,1,0,19,2,0
5,9,20,5,0,0,22,0,2
5,9,20,6,0,0,45,0,2
5,9,20,7,0,0,51,0,2
5,9,25,5,0,0,7,0,2
5,9,25,6,0,0,26,0,2
5,9,25,7,0,0,51,0,2
5,9,30,6,0,0,17,0,2
5,9,30,7,0,0,23,0,2
5,10,1,0,0,0,60,0,2
5,10,1,1,0,0,60,0,2
5,10,1,2,0,0,60,0,2
5,10,1,3,0,0,60,0,2
5,10,1,4,0,0,60,0,2
5,10,1,5,0,0,60,0,2
5,10,1,6,0,0,60,0,2
5,10,1,7,0,0,60,0,2
5,10,2,0,0,0,60,0,2
5,10,2,1,0,0,60,0,2
5,10,2,2,0,0,60,0,2
5,10,2,3,0,0,60,0,2
5,10,2,4,0,0,60,0,2
5,10,2,5,0,0,60,0,2
5,10,2,6,0,0,60,0,2
5,10,2,7,0,0,60,0,2
5,10,3,0,0,0,60,0,2
5,10,3,1,0,0,60,0,2
5,10,3,2,0,0,60,0,2
5,10,3,3,0,0,60,0,2
5,10,3,4,0,0,60,0,2
5,10,3,5,0,0,60,0,2
5,10,3,6,0,0,60,0,2
5,10,3,7,0,0,60,0,2
5,10,5,0,0,0,56,0,2
5,10,5,1,0,0,60,0,2
5,10,5,2,0,0,60,0,2
5,10,5,3,0,0,60,0,2
5,10,5,4,0,0,60,0,2
5,10,5,5,0,0,56,0,2
5,10,5,6,0,0,55,0,2
5,10,5,7,0,0,53,0,2
5,10,10,0,0,0,43,0,2
5,10,10,1,0,0,51,0,2
5,10,10,2,0,0,56,0,2
5,10,10,3,0,0,55,0,2
5,10,10,4,0,0,54,0,2
5,10,10,5,0,0,29,0,2
5,10,10,6,0,0,51,0,2
5,10,10,7,0,0,34,0,2
5,10,15,0,0,0,19,0,2
5,10,15,1,0,0,34,0,2
5,10,15,2,0,0,56,0,2
5,10,15,3,0,0,50,0,2
5,10,15,4,0,0,34,0,2
5,10,15,5,0,0,7,0,2
5,10,15,6,0,0,44,0,2
5,10,15,7,0,0,16,0,2
5,10,20,1,0,0,8,0,2
5,10,20,2,0,0,41,0,2
5,10,20,3,0,0,50,0,2
5,10,20,4,0,0,11,0,2
5,10,20,5,0,0,7,0,2
5,10,20,6,0,0,38,0,2
5,10,25,2,0,0,32,0,2
5,10,25,3,0,0,41,0,2
5,10,25,6,0,0,13,0,2
5,10,30,2,0,0,22,0,2
5,10,30,3,0,0,13,0,2
5,11,1,0,0,0,60,0,2
5,11,1,1,0,0,60,0,2
5,11,1,2,0,0,60,0,2
5,11,1,3,0,0,60,0,2
5,11,1,4,0,0,60,0,2
5,11,1,5,0,0,60,0,2
5,11,1,6,0,0,60,0,2
5,11,1,7,0,0,60,0,2
5,11,2,0,0,0,60,0,2
5,11,2,1,0,0,60,0,2
5,11,2,2,0,0,60,0,2
5,11,2,3,0,0,60,0,2
5,11,2,4,0,0,60,0,2
5,11,2,5,0,0,60,0,2
5,11,2,6,0,0,60,0,2
5,11,2,7,0,0,60,0,2
5,11,3,0,0,0,60,0,2
5,11,3,1,0,0,60,0,2
5,11,3,2,0,0,60,0,2
5,11,3,3,0,0,60,0,2
5,11,3,4,0,0,60,0,2
5,11,3,5,0,0,60,0,2
5,11,3,6,0,0,60,0,2
5,11,3,7,0,0,60,0,2
5,11,5,0,0,0,60,0,2
5,11,5,1,0,0,53,0,2
5,11,5,2,0,0,55,0,2
5,11,5,3,0,0,60,0,2
5,11,5,4,0,0,60,0,2
5,11,5,5,0,0,60,0,2
5,11,5,6,0,0,57,0,2
5,11,5,7,0,0,56,0,2
5,11,10,0,0,0,57,0,2
5,11,10,1,0,0,29,0,2
5,11,10,2,0,0,46,0,2
5,11,10,3,0,0,55,0,2
5,11,10,4,0,0,39,0,2
5,11,10,5,0,0,60,0,2
5,11,10,6,0,0,48,0,2
5,11,10,7,0,0,45,0,2
5,11,15,0,0,0,39,0,2
5,11,15,2,0,0,32,0,2
5,11,15,3,0,0,31,0,2
5,11,15,4,0,0,33,0,2
5,11,15,5,0,0,47,0,2
5,11,15,6,0,0,48,0,2
5,11,15,7,0,0,36,0,2
5,11,20,0,0,0,16,0,2
5,11,20,2,0,0,27,0,2
5,11,20,4,1,0,23,2,0
5,11,20,5,0,0,30,0,2
5,11,20,6,0,0,48,0,2
5,11,20,7,0,0,12,0,2
5,11,25,2,0,0,13,0,2
5,11,25,5,0,0,22,0,2
5,11,25,6,0,0,48,0,2
5,11,30,2,0,0,3,0,2
5,11,30,6,0,0,40,0,2
5,12,1,0,0,0,60,0,2
5,12,1,1,0,0,60,0,2
5,12,1,2,0,0,60,0,2
5,12,1,3,0,0,60,0,2
5,12,1,4,0,0,60,0,2
5,12,1,5,0,0,60,0,2
5,12,1,6,0,0,60,0,2
5,12,1,7,0,0,60,0,2
5,12,2,0,0,0,60,0,2
5,12,2,1,0,0,60,0,2
5,12,2,2,0,0,60,0,2
5,12,2,3,0,0,60,0,2
5,12,2,4,0,0,60,0,2
5,12,2,5,0,0,60,0,2
5,12,2,6,0,0,60,0,2
5,12,2,7,0,0,60,0,2
5,12,3,0,0,0,60,0,2
5,12,3,1,0,0,60,0,2
5,12,3,2,0,0,60,0,2
5,12,3,3,0,0,60,0,2
5,12,3,4,0,0,60,0,2
5,12,3,5,0,0,60,0,2
5,12,3,6,0,0,60,0,2
5,12,3,7,0,0,60,0,2
5,12,5,0,0,0,55,0,2
5,12,5,1,0,0,60,0,2
5,12,5,2,0,0,57,0,2
5,12,5,3,0,0,54,0,2
5,12,5,4,0,0,54,0,2
5,12,5,5,0,0,60,0,2
5,12,5,6,0,0,60,0,2
5,12,5,7,0,0,60,0,2
5,12,10,0,0,0,41,0,2
5,12,10,1,0,0,45,0,2
5,12,10,2,0,0,52,0,2
5,12,10,3,0,0,33,0,2
5,12,10,4,0,0,44,0,2
5,12,10,5,0,0,55,0,2
5,12,10,6,0,0,60,0,2
5,12,10,7,0,0,46,0,2
5,12,15,0,0,0,28,0,2
5,12,15,1,0,0,31,0,2
5,12,15,2,0,0,47,0,2
5,12,15,4,0,0,44,0,2
5,12,15,5,0,0,55,0,2
5,12,15,6,0,0,40,0,2
5,12,15,7,0,0,29,0,2
5,12,20,0,0,0,13,0,2
5,12,20,1,1,0,12,2,0
5,12,20,2,0,0,23,0,2
5,12,20,4,0,0,35,0,2
5,12,20,5,0,0,55,0,2
5,12,20,6,0,0,19,0,2
5,12,20,7,0,1,15,0,2
5,12,25,4,0,0,24,0,2
5,12,25,5,0,0,55,0,2
5,13,1,0,0,0,60,0,2
5,13,1,1,0,0,60,0,2
5,13,1,2,0,0,60,0,2
5,13,1,3,0,0,60,0,2
5,13,1,4,0,0,60,0,2
5,13,1,5,0,0,60,0,2
5,13,1,6,0,0,60,0,2
5,13,1,7,0,0,60,0,2
5,13,2,0,0,0,60,0,2
5,13,2,1,0,0,60,0,2
5,13,2,2,0,0,60,0,2
5,13,2,3,0,0,60,0,2
5,13,2,4,0,0,60,0,2
5,13,2,5,0,0,60,0,2
5,13,2,6,0,0,60,0,2
5,13,2,7,0,0,60,0,2
5,13,3,0,0,0,60,0,2
5,13,3,1,0,0,60,0,2
5,13,3,2,0,0,60,0,2
5,13,3,3,0,0,60,0,2
5,13,3,4,0,0,60,0,2
5,13,3,5,0,0,60,0,2
5,13,3,6,0,0,60,0,2
5,13,3,7,0,0,60,0,2
5,13,5,0,0,0,60,0,2
5,13,5,1,0,0,53,0,2
5,13,5,2,0,0,57,0,2
5,13,5,3,0,0,55,0,2
5,13,5,4,0,0,56,0,2
5,13,5,5,0,0,60,0,2
5,13,5,6,0,0,60,0,2
5,13,5,7,0,0,60,0,2
5,13,10,0,0,0,54,0,2
5,13,10,1,0,0,25,0,2
5,13,10,2,0,0,57,0,2
5,13,10,3,0,0,28,0,2
5,13,10,4,0,0,41,0,2
5,13,10,5,0,0,60,0,2
5,13,10,6,0,0,53,0,2
5,13,10,7,0,0,42,0,2
5,13,15,0,0,0,45,0,2
5,13,15,2,0,0,49,0,2
5,13,15,3,0,0,10,0,2
5,13,15,4,0,0,21,0,2
5,13,15,5,0,0,60,0,2
5,13,15,6,0,0,22,0,2
5,13,15,7,0,0,36,0,2
5,13,20,0,0,0,38,0,2
5,13,20,2,0,0,41,0,2
5,13,20,4,1,0,0,2,0
5,13,20,5,0,0,60,0,2
5,13,25,0,0,0,12,0,2
5,13,25,2,0,0,12,0,2
5,13,25,5,0,0,51,0,2
5,14,1,0,0,0,60,0,2
5,14,1,1,0,0,60,0,2
5,14,1,2,0,0,60,0,2
5,14,1,3,0,0,60,0,2
5,14,1,4,0,0,60,0,2
5,14,1,5,0,0,60,0,2
5,14,1,6,0,0,60,0,2
5,14,1,7,0,0,60,0,2
5,14,2,0,0,0,60,0,2
5,14,2,1,0,0,60,0,2
5,14,2,2,0,0,60,0,2
5,14,2,3,0,0,60,0,2
5,14,2,4,0,0,60,0,2
5,14,2,5,0,0,60,0,2
5,14,2,6,0,0,60,0,2
5,14,2,7,0,0,60,0,2
5,14,3,0,0,0,60,0,2
5,14,3,1,0,0,60,0,2
5,14,3,2,0,0,60,0,2
5,14,3,3,0,0,60,0,2
5,14,3,4,0,0,60,0,2
5,14,3,5,0,0,60,0,2
5,14,3,6,0,0,60,0,2
5,14,3,7,0,0,60,0,2
5,14,5,0,0,0,60,0,2
5,14,5,1,0,0,55,0,2
5,14,5,2,0,0,53,0,2
5,14,5,3,0,0,54,0,2
5,14,5,4,0,0,60,0,2
5,14,5,5,0,0,60,0,2
5,14,5,6,0,0,60,0,2
5,14,5,7,0,0,54,0,2
5,14,10,0,0,0,50,0,2
5,14,10,1,0,0,33,0,2
5,14,10,2,0,0,48,0,2
5,14,10,3,0,0,38,0,2
5,14,10,4,0,0,60,0,2
5,14,10,5,0,0,48,0,2
5,14,10,6,0,0,50,0,2
5,14,10,7,0,0,45,0,2
5,14,15,0,0,0,22,0,2
5,14,15,1,0,0,9,0,2
5,14,15,2,0,0,26,0,2
5,14,15,3,0,0,23,0,2
5,14,15,4,0,0,44,0,2
5,14,15,5,0,0,48,0,2
5,14,15,6,0,0,50,0,2
5,14,15,7,0,0,37,0,2
5,14,20,0,0,0,5,0,2
5,14,20,3,1,0,0,2,0
5,14,20,4,0,0,39,0,2
5,14,20,5,0,0,27,0,2
5,14,20,6,0,0,44,0,2
5,14,20,7,0,0,28,0,2
5,14,25,4,0,0,14,0,2
5,14,25,6,0,0,35,0,2
5,14,25,7,0,0,28,0,2
5,14,30,6,0,0,28,0,2
5,14,30,7,0,0,4,0,2
5,15,1,0,0,0,60,0,2
5,15,1,1,0,0,60,0,2
5,15,1,2,0,0,60,0,2
5,15,1,3,0,0,60,0,2
5,15,1,4,0,0,60,0,2
5,15,1,5,0,0,60,0,2
5,15,1,6,0,0,60,0,2
5,15,1,7,0,0,60,0,2
5,15,2,0,0,0,60,0,2
5,15,2,1,0,0,60,0,2
5,15,2,2,0,0,60,0,2
5,15,2,3,0,0,60,0,2
5,15,2,4,0,0,60,0,2
5,15,2,5,0,0,60,0,2
5,15,2,6,0,0,60,0,2
5,15,2,7,0,0,60,0,2
5,15,3,0,0,0,60,0,2
5,15,3,1,0,0,60,0,2
5,15,3,2,0,0,60,0,2
5,15,3,3,0,0,60,0,2
5,15,3,4,0,0,60,0,2
5,15,3,5,0,0,60,0,2
5,15,3,6,0,0,60,0,2
5,15,3,7,0,0,60,0,2
5,15,5,0,0,0,53,0,2
5,15,5,1,0,0,60,0,2
5,15,5,2,0,0,57,0,2
5,15,5,3,0,0,60,0,2
5,15,5,4,0,0,55,0,2
5,15,5,5,0,0,55,0,2
5,15,5,6,0,0,60,0,2
5,15,5,7,0,0,60,0,2
5,15,10,0,0,0,30,0,2
5,15,10,1,0,0,43,0,2
5,15,10,2,0,0,44,0,2
5,15,10,3,0,0,60,0,2
5,15,10,4,0,0,39,0,2
5,15,10,5,0,0,39,0,2
5,15,10,6,0,0,60,0,2
5,15,10,7,0,0,54,0,2
5,15,15,1,0,0,27,0,2
5,15,15,2,0,0,32,0,2
5,15,15,3,0,0,41,0,2
5,15,15,4,0,0,26,0,2
5,15,15,5,0,0,17,0,2
5,15,15,6,0,0,60,0,2
5,15,15,7,0,0,54,0,2
5,15,20,3,0,0,21,0,2
5,15,20,4,0,1,8,0,2
5,15,20,5,0,0,17,0,2
5,15,20,6,0,0,60,0,2
5,15,20,7,0,0,47,0,2
5,15,25,5,0,0,2,0,2
5,15,25,6,0,0,60,0,2
5,15,25,7,0,0,28,0,2
5,15,30,6,0,0,51,0,2
5,15,30,7,0,0,4,0,2
5,16,1,0,0,0,60,0,2
5,16,1,1,0,0,60,0,2
5,16,1,2,0,0,60,0,2
5,16,1,3,0,0,60,0,2
5,16,1,4,0,0,60,0,2
5,16,1,5,0,0,60,0,2
5,16,1,6,0,0,60,0,2
5,16,1,7,0,0,60,0,2
5,16,2,0,0,0,60,0,2
5,16,2,1,0,0,60,0,2
5,16,2,2,0,0,60,0,2
5,16,2,3,0,0,60,0,2
5,16,2,4,0,0,60,0,2
5,16,2,5,0,0,60,0,2
5,16,2,6,0,0,60,0,2
5,16,2,7,0,0,60,0,2
5,16,3,0,0,0,60,0,2
5,16,3,1,0,0,60,0,2
5,16,3,2,0,0,60,0,2
5,16,3,3,0,0,60,0,2
5,16,3,4,0,0,60,0,2
5,16,3,5,0,0,60,0,2
5,16,3,6,0,0,60,0,2
5,16,3,7,0,0,60,0,2
5,16,5,0,0,0,54,0,2
5,16,5,1,0,0,60,0,2
5,16,5,2,0,0,54,0,2
5,16,5,3,0,0,56,0,2
5,16,5,4,0,0,60,0,2
5,16,5,5,0,0,60,0,2
5,16,5,6,0,0,57,0,2
5,16,5,7,0,0,60,0,2
5,16,10,0,0,0,48,0,2
5,16,10,1,0,0,57,0,2
5,16,10,2,0,0,42,0,2
5,16,10,3,0,0,30,0,2
5,16,10,4,0,0,56,0,2
5,16,10,5,0,0,41,0,2
5,16,10,6,0,0,41,0,2
5,16,10,7,0,0,54,0,2
5,16,15,0,0,0,48,0,2
5,16,15,1,0,0,52,0,2
5,16,15,2,0,0,33,0,2
5,16,15,3,0,0,8,0,2
5,16,15,4,0,0,26,0,2
5,16,15,5,0,0,16,0,2
5,16,15,6,0,0,29,0,2
5,16,15,7,0,0,38,0,2
5,16,20,0,0,0,42,0,2
5,16,20,1,0,0,52,0,2
5,16,20,2,0,1,26,0,2
5,16,20,5,0,0,16,0,2
5,16,20,7,1,0,9,2,0
5,16,25,0,0,0,26,0,2
5,16,25,1,0,0,52,0,2
5,17,1,0,0,0,60,0,2
5,17,1,1,0,0,60,0,2
5,17,1,2,0,0,60,0,2
5,17,1,3,0,0,60,0,2
5,17,1,4,0,0,60,0,2
5,17,1,5,0,0,60,0,2
5,17,1,6,0,0,60,0,2
5,17,1,7,0,0,60,0,2
5,17,2,0,0,0,60,0,2
5,17,2,1,0,0,60,0,2
5,17,2,2,0,0,60,0,2
5,17,2,3,0,0,60,0,2
5,17,2,4,0,0,60,0,2
5,17,2,5,0,0,60,0,2
5,17,2,6,0,0,60,0,2
5,17,2,7,0,0,60,0,2
5,17,3,0,0,0,60,0,2
5,17,3,1,0,0,60,0,2
5,17,3,2,0,0,60,0,2
5,17,3,3,0,0,60,0,2
5,17,3,4,0,0,60,0,2
5,17,3,5,0,0,60,0,2
5,17,3,6,0,0,60,0,2
5,17,3,7,0,0,60,0,2
5,17,5,0,0,0,55,0,2
5,17,5,1,0,0,56,0,2
5,17,5,2,0,0,60,0,2
5,17,5,3,0,0,60,0,2
5,17,5,4,0,0,56,0,2
5,17,5,5,0,0,54,0,2
5,17,5,6,0,0,60,0,2
5,17,5,7,0,0,60,0,2
5,17,10,0,0,0,31,0,2
5,17,10,1,0,0,46,0,2
5,17,10,2,0,0,60,0,2
5,17,10,3,0,0,50,0,2
5,17,10,4,0,0,40,0,2
5,17,10,5,0,0,35,0,2
5,17,10,6,0,0,56,0,2
5,17,10,7,0,0,54,0,2
5,17,15,0,0,0,10,0,2
5,17,15,1,0,0,36,0,2
5,17,15,2,0,0,53,0,2
5,17,15,3,0,0,41,0,2
5,17,15,4,0,0,13,0,2
5,17,15,5,0,0,20,0,2
5,17,15,6,0,0,32,0,2
5,17,15,7,0,0,54,0,2
5,17,20,2,0,0,53,0,2
5,17,20,3,1,0,16,2,0
5,17,20,5,0,0,13,0,2
5,17,20,6,1,0,12,2,0
5,17,20,7,0,0,44,0,2
5,17,25,2,0,0,53,0,2
5,17,25,7,0,0,23,0,2
5,18,1,0,0,0,60,0,2
5,18,1,1,0,0,60,0,2
5,18,1,2,0,0,60,0,2
5,18,1,3,0,0,60,0,2
5,18,1,4,0,0,60,0,2
5,18,1,5,0,0,60,0,2
5,18,1,6,0,0,60,0,2
5,18,1,7,0,0,60,0,2
5,18,2,0,0,0,60,0,2
5,18,2,1,0,0,60,0,2
5,18,2,2,0,0,60,0,2
5,18,2,3,0,0,60,0,2
5,18,2,4,0,0,60,0,2
5,18,2,5,0,0,60,0,2
5,18,2,6,0,0,60,0,2
5,18,2,7,0,0,60,0,2
5,18,3,0,0,0,60,0,2
5,18,3,1,0,0,60,0,2
5,18,3,2,0,0,60,0,2
5,18,3,3,0,0,60,0,2
5,18,3,4,0,0,60,0,2
5,18,3,5,0,0,60,0,2
5,18,3,6,0,0,60,0,2
5,18,3,7,0,0,60,0,2
5,18,5,0,0,0,55,0,2
5,18,5,1,0,0,60,0,2
5,18,5,2,0,0,60,0,2
5,18,5,3,0,0,60,0,2
5,18,5,4,0,0,54,0,2
5,18,5,5,0,0,55,0,2
5,18,5,6,0,0,56,0,2
5,18,5,7,0,0,60,0,2
5,18,10,0,0,0,43,0,2
5,18,10,1,0,0,43,0,2
5,18,10,2,0,0,51,0,2
5,18,10,3,0,0,60,0,2
5,18,10,4,0,0,26,0,2
5,18,10,5,0,0,41,0,2
5,18,10,6,0,0,53,0,2
5,18,10,7,0,0,57,0,2
5,18,15,0,0,0,35,0,2
5,18,15,1,0,0,15,0,2
5,18,15,2,0,0,28,0,2
5,18,15,3,0,0,45,0,2
5,18,15,5,0,0,35,0,2
5,18,15,6,0,0,49,0,2
5,18,15,7,0,0,57,0,2
5,18,20,0,0,0,13,0,2
5,18,20,2,1,0,1,2,0
5,18,20,3,0,0,39,0,2
5,18,20,5,0,0,25,0,2
5,18,20,6,0,0,43,0,2
5,18,20,7,1,0,35,2,0
5,18,25,3,0,0,23,0,2
5,18,25,5,0,0,16,0,2
5,18,25,6,0,0,43,0,2
5,18,30,3,0,0,7,0,2
5,18,30,6,0,0,27,0,2
5,19,1,0,0,0,60,0,2
5,19,1,1,0,0,60,0,2
5,19,1,2,0,0,60,0,2
5,19,1,3,0,0,60,0,2
5,19,1,4,0,0,60,0,2
5,19,1,5,0,0,60,0,2
5,19,1,6,0,0,60,0,2
5,19,1,7,0,0,60,0,2
5,19,2,0,0,0,60,0,2
5,19,2,1,0,0,60,0,2
5,19,2,2,0,0,60,0,2
5,19,2,3,0,0,60,0,2
5,19,2,4,0,0,60,0,2
5,19,2,5,0,0,60,0,2
5,19,2,6,0,0,60,0,2
5,19,2,7,0,0,60,0,2
5,19,3,0,0,0,60,0,2
5,19,3,1,0,0,60,0,2
5,19,3,2,0,0,60,0,2
5,19,3,3,0,0,60,0,2
5,19,3,4,0,0,60,0,2
5,19,3,5,0,0,60,0,2
5,19,3,6,0,0,60,0,2
5,19,3,7,0,0,60,0,2
5,19,5,0,0,0,60,0,2
5,19,5,1,0,0,57,0,2
5,19,5,2,0,0,53,0,2
5,19,5,3,0,0,60,0,2
5,19,5,4,0,0,60,0,2
5,19,5,5,0,0,55,0,2
5,19,5,6,0,0,60,0,2
5,19,5,7,0,0,56,0,2
5,19,10,0,0,0,60,0,2
5,19,10,1,0,0,53,0,2
5,19,10,2,0,0,42,0,2
5,19,10,3,0,0,37,0,2
5,19,10,4,0,0,51,0,2
5,19,10,5,0,0,47,0,2
5,19,10,6,0,0,36,0,2
5,19,10,7,0,0,52,0,2
5,19,15,0,0,0,43,0,2
5,19,15,1,0,0,45,0,2
5,19,15,2,0,0,37,0,2
5,19,15,3,0,0,25,0,2
5,19,15,4,0,0,28,0,2
5,19,15,5,0,0,41,0,2
5,19,15,6,0,0,7,0,2
5,19,15,7,0,0,44,0,2
5,19,20,0,1,0,25,2,0
5,19,20,1,1,0,24,2,0
5,19,20,2,0,0,32,0,2
5,19,20,4,1,0,1,2,0
5,19,20,5,0,0,33,0,2
5,19,20,7,0,0,44,0,2
5,19,25,2,0,0,32,0,2
5,19,25,5,0,0,25,0,2
5,19,25,7,0,0,33,0,2
5,19,30,2,0,0,32,0,2
5,19,30,5,0,0,8,0,2
5,19,30,7,0,0,5,0,2
5,20,1,0,0,0,60,0,2
5,20,1,1,0,0,60,0,2
5,20,1,2,0,0,60,0,2
5,20,1,3,0,0,60,0,2
5,20,1,4,0,0,60,0,2
5,20,1,5,0,0,60,0,2
5,20,1,6,0,0,60,0,2
5,20,1,7,0,0,60,0,2
5,20,2,0,0,0,60,0,2
5,20,2,1,0,0,60,0,2
5,20,2,2,0,0,60,0,2
5,20,2,3,0,0,60,0,2
5,20,2,4,0,0,60,0,2
5,20,2,5,0,0,60,0,2
5,20,2,6,0,0,60,0,2
5,20,2,7,0,0,60,0,2
5,20,3,0,0,0,60,0,2
5,20,3,1,0,0,60,0,2
5,20,3,2,0,0,60,0,2
5,20,3,3,0,0,60,0,2
5,20,3,4,0,0,60,0,2
5,20,3,5,0,0,60,0,2
5,20,3,6,0,0,60,0,2
5,20,3,7,0,0,60,0,2
5,20,5,0,0,0,60,0,2
5,20,5,1,0,0,55,0,2
5,20,5,2,0,0,55,0,2
5,20,5,3,0,0,60,0,2
5,20,5,4,0,0,55,0,2
5,20,5,5,0,0,54,0,2
5,20,5,6,0,0,60,0,2
5,20,5,7,0,0,60,0,2
5,20,10,0,0,0,39,0,2
5,20,10,1,0,0,40,0,2
5,20,10,2,0,0,51,0,2
5,20,10,3,0,0,46,0,2
5,20,10,4,0,0,41,0,2
5,20,10,5,0,0,39,0,2
5,20,10,6,0,0,60,0,2
5,20,10,7,0,0,52,0,2
5,20,15,0,0,0,17,0,2
5,20,15,1,0,0,11,0,2
5,20,15,2,0,0,51,0,2
5,20,15,3,0,0,18,0,2
5,20,15,4,0,0,41,0,2
5,20,15,5,0,0,8,0,2
5,20,15,6,0,0,60,0,2
5,20,15,7,0,0,46,0,2
5,20,20,2,0,1,25,0,2
5,20,20,4,0,0,34,0,2
5,20,20,6,0,0,55,0,2
5,20,20,7,0,0,46,0,2
5,20,25,2,1,1,6,2,0
5,20,25,4,0,0,27,0,2
5,20,25,6,0,0,40,0,2
5,20,25,7,0,0,20,0,2
5,20,30,4,0,0,20,0,2
5,20,30,6,0,0,25,0,2
5,20,35,4,1,0,4,2,0
5,20,35,6,1,0,9,2,0
5,21,1,0,0,0,60,0,2
5,21,1,1,0,0,60,0,2
5,21,1,2,0,0,60,0,2
5,21,1,3,0,0,60,0,2
5,21,1,4,0,0,60,0,2
5,21,1,5,0,0,60,0,2
5,21,1,6,0,0,60,0,2
5,21,1,7,0,0,60,0,2
5,21,2,0,0,0,60,0,2
5,21,2,1,0,0,60,0,2
5,21,2,2,0,0,60,0,2
5,21,2,3,0,0,60,0,2
5,21,2,4,0,0,60,0,2
5,21,2,5,0,0,60,0,2
5,21,2,6,0,0,60,0,2
5,21,2,7,0,0,60,0,2
5,21,3,0,0,0,60,0,2
5,21,3,1,0,0,60,0,2
5,21,3,2,0,0,60,0,2
5,21,3,3,0,0,60,0,2
5,21,3,4,0,0,60,0,2
5,21,3,5,0,0,60,0,2
5,21,3,6,0,0,60,0,2
5,21,3,7,0,0,60,0,2
5,21,5,0,0,0,55,0,2
5,21,5,1,0,0,60,0,2
5,21,5,2,0,0,60,0,2
5,21,5,3,0,0,54,0,2
5,21,5,4,0,0,60,0,2
5,21,5,5,0,0,56,0,2
5,21,5,6,0,0,54,0,2
5,21,5,7,0,0,60,0,2
5,21,10,0,0,0,44,0,2
5,21,10,1,0,0,51,0,2
5,21,10,2,0,0,44,0,2
5,21,10,3,0,0,40,0,2
5,21,10,4,0,0,54,0,2
5,21,10,5,0,0,52,0,2
5,21,10,6,0,0,40,0,2
5,21,10,7,0,0,60,0,2
5,21,15,0,0,0,13,0,2
5,21,15,1,0,0,33,0,2
5,21,15,2,0,0,44,0,2
5,21,15,3,0,0,18,0,2
5,21,15,4,0,0,33,0,2
5,21,15,5,0,0,45,0,2
5,21,15,6,0,0,23,0,2
5,21,15,7,0,0,60,0,2
5,21,20,2,0,0,36,0,2
5,21,20,4,0,0,26,0,2
5,21,20,5,1,0,27,2,0
5,21,20,6,1,0,5,2,0
5,21,20,7,0,0,60,0,2
5,21,25,2,0,0,36,0,2
5,21,25,7,0,0,51,0,2
5,21,30,2,0,0,28,0,2
5,21,30,7,0,0,26,0,2
5,21,35,2,1,0,18,2,0
5,21,35,7,1,0,0,2,0
5,22,1,0,0,0,60,0,2
5,22,1,1,0,0,60,0,2
5,22,1,2,0,0,60,0,2
5,22,1,3,0,0,60,0,2
5,22,1,4,0,0,60,0,2
5,22,1,5,0,0,60,0,2
5,22,1,6,0,0,60,0,2
5,22,1,7,0,0,60,0,2
5,22,2,0,0,0,60,0,2
5,22,2,1,0,0,60,0,2
5,22,2,2,0,0,60,0,2
5,22,2,3,0,0,60,0,2
5,22,2,4,0,0,60,0,2
5,22,2,5,0,0,60,0,2
5,22,2,6,0,0,60,0,2
5,22,2,7,0,0,60,0,2
5,22,3,0,0,0,60,0,2
5,22,3,1,0,0,60,0,2
5,22,3,2,0,0,60,0,2
5,22,3,3,0,0,60,0,2
5,22,3,4,0,0,60,0,2
5,22,3,5,0,0,60,0,2
5,22,3,6,0,0,60,0,2
5,22,3,7,0,0,60,0,2
5,22,5,0,0,0,60,0,2
5,22,5,1,0,0,60,0,2
5,22,5,2,0,0,60,0,2
5,22,5,3,0,0,55,0,2
5,22,5,4,0,0,56,0,2
5,22,5,5,0,0,60,0,2
5,22,5,6,0,0,57,0,2
5,22,5,7,0,0,53,0,2
5,22,10,0,0,0,55,0,2
5,22,10,1,0,0,60,0,2
5,22,10,2,0,0,51,0,2
5,22,10,3,0,0,45,0,2
5,22,10,4,0,0,40,0,2
5,22,10,5,0,0,60,0,2
5,22,10,6,0,0,33,0,2
5,22,10,7,0,0,34,0,2
5,22,15,0,0,0,55,0,2
5,22,15,1,0,0,57,0,2
5,22,15,2,0,0,34,0,2
5,22,15,3,0,0,10,0,2
5,22,15,4,0,0,27,0,2
5,22,15,5,0,0,52,0,2
5,22,15,6,0,0,4,0,2
5,22,15,7,0,0,20,0,2
5,22,20,0,0,0,55,0,2
5,22,20,1,0,0,49,0,2
5,22,20,4,0,0,19,0,2
5,22,20,5,0,0,37,0,2
5,22,25,0,0,0,40,0,2
5,22,25,1,0,0,49,0,2
5,22,25,5,0,0,11,0,2
5,22,30,0,0,0,40,0,2
5,22,30,1,0,0,33,0,2
5,23,1,0,0,0,60,0,2
5,23,1,1,0,0,60,0,2
5,23,1,2,0,0,60,0,2
5,23,1,3,0,0,60,0,2
5,23,1,4,0,0,60,0,2
5,23,1,5,0,0,60,0,2
5,23,1,6,0,0,60,0,2
5,23,1,7,0,0,60,0,2
5,23,2,0,0,0,60,0,2
5,23,2,1,0,0,60,0,2
5,23,2,2,0,0,60,0,2
5,23,2,3,0,0,60,0,2
5,23,2,4,0,0,60,0,2
5,23,2,5,0,0,60,0,2
5,23,2,6,0,0,60,0,2
5,23,2,7,0,0,60,0,2
5,23,3,0,0,0,60,0,2
5,23,3,1,0,0,60,0,2
5,23,3,2,0,0,60,0,2
5,23,3,3,0,0,60,0,2
5,23,3,4,0,0,60,0,2
5,23,3,5,0,0,60,0,2
5,23,3,6,0,0,60,0,2
5,23,3,7,0,0,60,0,2
5,23,5,0,0,0,60,0,2
5,23,5,1,0,0,60,0,2
5,23,5,2,0,0,60,0,2
5,23,5,3,0,0,54,0,2
5,23,5,4,0,0,57,0,2
5,23,5,5,0,0,60,0,2
5,23,5,6,0,0,56,0,2
5,23,5,7,0,0,55,0,2
5,23,10,0,0,0,49,0,2
5,23,10,1,0,0,50,0,2
5,23,10,2,0,0,54,0,2
5,23,10,3,0,0,37,0,2
5,23,10,4,0,0,31,0,2
5,23,10,5,0,0,60,0,2
5,23,10,6,0,0,49,0,2
5,23,10,7,0,0,41,0,2
5,23,15,0,0,0,21,0,2
5,23,15,1,0,0,25,0,2
5,23,15,2,0,0,54,0,2
5,23,15,3,0,0,22,0,2
5,23,15,4,0,0,2,0,2
5,23,15,5,0,0,60,0,2
5,23,15,6,0,0,49,0,2
5,23,15,7,0,0,29,0,2
5,23,20,0,1,0,4,2,0
5,23,20,1,0,0,16,0,2
5,23,20,2,0,0,39,0,2
5,23,20,5,0,0,60,0,2
5,23,20,6,0,0,43,0,2
5,23,20,7,0,0,5,0,2
5,23,25,2,0,0,30,0,2
5,23,25,5,0,0,49,0,2
5,23,25,6,0,0,34,0,2
5,23,30,2,0,0,21,0,2
5,23,30,5,0,0,21,0,2
5,23,30,6,0,0,18,0,2
5,23,35,2,1,0,19,2,0
5,23,35,5,1,0,0,2,0
5,24,1,0,0,0,60,0,2
5,24,1,1,0,0,60,0,2
5,24,1,2,0,0,60,0,2
5,24,1,3,0,0,60,0,2
5,24,1,4,0,0,60,0,2
5,24,1,5,0,0,60,0,2
5,24,1,6,0,0,60,0,2
5,24,1,7,0,0,60,0,2
5,24,2,0,0,0,60,0,2
5,24,2,1,0,0,60,0,2
5,24,2,2,0,0,60,0,2
5,24,2,3,0,0,60,0,2
5,24,2,4,0,0,60,0,2
5,24,2,5,0,0,60,0,2
5,24,2,6,0,0,60,0,2
5,24,2,7,0,0,60,0,2
5,24,3,0,0,0,60,0,2
5,24,3,1,0,0,60,0,2
5,24,3,2,0,0,60,0,2
5,24,3,3,0,0,60,0,2
5,24,3,4,0,0,60,0,2
5,24,3,5,0,0,60,0,2
5,24,3,6,0,0,60,0,2
5,24,3,7,0,0,60,0,2
5,24,5,0,0,0,55,0,2
5,24,5,1,0,0,60,0,2
5,24,5,2,0,0,60,0,2
5,24,5,3,0,0,60,0,2
5,24,5,4,0,0,54,0,2
5,24,5,5,0,0,60,0,2
5,24,5,6,0,0,53,0,2
5,24,5,7,0,0,53,0,2
5,24,10,0,0,0,43,0,2
5,24,10,1,0,0,43,0,2
5,24,10,2,0,0,57,0,2
5,24,10,3,0,0,53,0,2
5,24,10,4,0,0,37,0,2
5,24,10,5,0,0,60,0,2
5,24,10,6,0,0,38,0,2
5,24,10,7,0,0,29,0,2
5,24,15,0,0,0,43,0,2
5,24,15,1,0,0,26,0,2
5,24,15,2,0,0,57,0,2
5,24,15,3,0,0,23,0,2
5,24,15,4,0,0,21,0,2
5,24,15,5,0,0,60,0,2
5,24,15,6,0,0,6,0,2
5,24,20,0,0,0,35,0,2
5,24,20,2,0,0,40,0,2
5,24,20,3,1,0,1,2,0
5,24,20,5,0,0,60,0,2
5,24,25,0,0,0,19,0,2
5,24,25,2,0,0,13,0,2
5,24,25,5,0,0,60,0,2
5,24,30,0,0,0,3,0,2
5,24,30,5,0,0,60,0,2
5,25,1,0,0,0,60,0,2
5,25,1,1,0,0,60,0,2
5,25,1,2,0,0,60,0,2
5,25,1,3,0,0,60,0,2
5,25,1,4,0,0,60,0,2
5,25,1,5,0,0,60,0,2
5,25,1,6,0,0,60,0,2
5,25,1,7,0,0,60,0,2
5,25,2,0,0,0,60,0,2
5,25,2,1,0,0,60,0,2
5,25,2,2,0,0,60,0,2
5,25,2,3,0,0,60,0,2
5,25,2,4,0,0,60,0,2
5,25,2,5,0,0,60,0,2
5,25,2,6,0,0,60,0,2
5,25,2,7,0,0,60,0,2
5,25,3,0,0,0,60,0,2
5,25,3,1,0,0,60,0,2
5,25,3,2,0,0,60,0,2
5,25,3,3,0,0,60,0,2
5,25,3,4,0,0,60,0,2
5,25,3,5,0,0,60,0,2
5,25,3,6,0,0,60,0,2
5,25,3,7,0,0,60,0,2
5,25,5,0,0,0,57,0,2
5,25,5,1,0,0,60,0,2
5,25,5,2,0,0,55,0,2
5,25,5,3,0,0,57,0,2
5,25,5,4,0,0,54,0,2
5,25,5,5,0,0,60,0,2
5,25,5,6,0,0,60,0,2
5,25,5,7,0,0,60,0,2
5,25,10,0,0,0,49,0,2
5,25,10,1,0,0,48,0,2
5,25,10,2,0,0,48,0,2
5,25,10,3,0,0,38,0,2
5,25,10,4,0,0,29,0,2
5,25,10,5,0,0,43,0,2
5,25,10,6,0,0,55,0,2
5,25,10,7,0,0,60,0,2
5,25,15,0,0,0,49,0,2
5,25,15,1,0,0,39,0,2
5,25,15,2,0,0,48,0,2
5,25,15,3,0,0,13,0,2
5,25,15,5,0,0,27,0,2
5,25,15,6,0,0,39,0,2
5,25,15,7,0,0,31,0,2
5,25,20,0,1,0,47,2,0
5,25,20,1,1,0,19,2,0
5,25,20,2,1,0,31,2,0
5,25,20,5,1,0,17,2,0
5,25,20,6,1,0,21,2,0
5,25,20,7,1,0,7,2,0
5,25,25,0,0,0,37,0,2
5,25,25,2,0,1,10,0,2
5,25,25,5,0,1,9,0,2
5,25,30,0,0,0,1,0,2
5,25,30,5,0,0,9,0,2
6,1,1,0,0,0,60,0,2
6,1,1,1,0,0,60,0,2
6,1,1,2,0,0,60,0,2
6,1,1,3,0,0,60,0,2
6,1,1,4,0,0,60,0,2
6,1,1,5,0,0,60,0,2
6,1,1,6,0,0,60,0,2
6,1,1,7,0,0,60,0,2
6,1,2,0,0,0,60,0,2
6,1,2,1,0,0,60,0,2
6,1,2,2,0,0,60,0,2
6,1,2,3,0,0,60,0,2
6,1,2,4,0,0,60,0,2
6,1,2,5,0,0,60,0,2
6,1,2,6,0,0,60,0,2
6,1,2,7,0,0,60,0,2
6,1,3,0,0,0,60,0,2
6,1,3,1,0,0,60,0,2
6,1,3,2,0,0,60,0,2
6,1,3,3,0,0,60,0,2
6,1,3,4,0,0,60,0,2
6,1,3,5,0,0,60,0,2
6,1,3,6,0,0,60,0,2
6,1,3,7,0,0,60,0,2
6,1,5,0,0,0,56,0,2
6,1,5,1,0,0,54,0,2
6,1,5,2,0,0,60,0,2
6,1,5,3,0,0,60,0,2
6,1,5,4,0,0,56,0,2
6,1,5,5,0,0,54,0,2
6,1,5,6,0,0,60,0,2
6,1,5,7,0,0,60,0,2
6,1,10,0,0,0,56,0,2
6,1,10,1,0,0,38,0,2
6,1,10,2,0,0,38,0,2
6,1,10,3,0,0,48,0,2
6,1,10,4,0,0,43,0,2
6,1,10,5,0,0,42,0,2
6,1,10,6,0,0,51,0,2
6,1,10,7,0,0,60,0,2
6,1,15,0,0,0,44,0,2
6,1,15,1,0,0,11,0,2
6,1,15,2,0,0,5,0,2
6,1,15,3,0,0,23,0,2
6,1,15,4,0,0,43,0,2
6,1,15,5,0,0,26,0,2
6,1,15,6,0,0,51,0,2
6,1,15,7,0,0,60,0,2
6,1,20,0,0,1,33,0,2
6,1,20,4,1,0,7,2,0
6,1,20,5,0,0,26,0,2
6,1,20,6,0,0,28,0,2
6,1,20,7,0,0,60,0,2
6,1,25,5,0,0,17,0,2
6,1,25,7,0,0,60,0,2
6,2,1,0,0,0,60,0,2
6,2,1,1,0,0,60,0,2
6,2,1,2,0,0,60,0,2
6,2,1,3,0,0,60,0,2
6,2,1,4,0,0,60,0,2
6,2,1,5,0,0,60,0,2
6,2,1,6,0,0,60,0,2
6,2,1,7,0,0,60,0,2
6,2,2,0,0,0,60,0,2
6,2,2,1,0,0,60,0,2
6,2,2,2,0,0,60,0,2
6,2,2,3,0,0,60,0,2
6,2,2,4,0,0,60,0,2
6,2,2,5,0,0,60,0,2
6,2,2,6,0,0,60,0,2
6,2,2,7,0,0,60,0,2
6,2,3,0,0,0,60,0,2
6,2,3,1,0,0,60,0,2
6,2,3,2,0,0,60,0,2
6,2,3,3,0,0,60,0,2
6,2,3,4,0,0,60,0,2
6,2,3,5,0,0,60,0,2
6,2,3,6,0,0,60,0,2
6,2,3,7,0,0,60,0,2
6,2,5,0,0,0,54,0,2
6,2,5,1,0,0,60,0,2
6,2,5,2,0,0,60,0,2
6,2,5,3,0,0,60,0,2
6,2,5,4,0,0,55,0,2
6,2,5,5,0,0,60,0,2
6,2,5,6,0,0,54,0,2
6,2,5,7,0,0,56,0,2
6,2,10,0,0,0,39,0,2
6,2,10,1,0,0,48,0,2
6,2,10,2,0,0,45,0,2
6,2,10,3,0,0,54,0,2
6,2,10,4,0,0,38,0,2
6,2,10,5,0,0,46,0,2
6,2,10,6,0,0,42,0,2
6,2,10,7,0,0,56,0,2
6,2,15,0,0,0,17,0,2
6,2,15,1,0,0,32,0,2
6,2,15,2,0,0,18,0,2
6,2,15,3,0,0,54,0,2
6,2,15,4,0,0,8,0,2
6,2,15,5,0,0,32,0,2
6,2,15,6,0,0,39,0,2
6,2,15,7,0,0,56,0,2
6,2,20,1,0,0,18,0,2
6,2,20,3,0,0,54,0,2
6,2,20,5,0,0,15,0,2
6,2,20,6,0,0,4,0,2
6,2,20,7,0,0,56,0,2
6,2,25,3,0,0,39,0,2
6,2,25,7,0,0,56,0,2
6,2,30,3,0,0,23,0,2
6,2,30,7,0,0,42,0,2
6,3,1,0,0,0,60,0,2
6,3,1,1,0,0,60,0,2
6,3,1,2,0,0,60,0,2
6,3,1,3,0,0,60,0,2
6,3,1,4,0,0,60,0,2
6,3,1,5,0,0,60,0,2
6,3,1,6,0,0,60,0,2
6,3,1,7,0,0,60,0,2
6,3,2,0,0,0,60,0,2
6,3,2,1,0,0,60,0,2
6,3,2,2,0,0,60,0,2
6,3,2,3,0,0,60,0,2
6,3,2,4,0,0,60,0,2
6,3,2,5,0,0,60,0,2
6,3,2,6,0,0,60,0,2
6,3,2,7,0,0,60,0,2
6,3,3,0,0,0,60,0,2
6,3,3,1,0,0,60,0,2
6,3,3,2,0,0,60,0,2
6,3,3,3,0,0,60,0,2
6,3,3,4,0,0,60,0,2
6,3,3,5,0,0,60,0,2
6,3,3,6,0,0,60,0,2
6,3,3,7,0,0,60,0,2
6,3,5,0,0,0,60,0,2
6,3,5,1,0,0,53,0,2
6,3,5,2,0,0,60,0,2
6,3,5,3,0,0,53,0,2
6,3,5,4,0,0,60,0,2
6,3,5,5,0,0,55,0,2
6,3,5,6,0,0,56,0,2
6,3,5,7,0,0,60,0,2
6,3,10,0,0,0,60,0,2
6,3,10,1,0,0,44,0,2
6,3,10,2,0,0,40,0,2
6,3,10,3,0,0,26,0,2
6,3,10,4,0,0,48,0,2
6,3,10,5,0,0,55,0,2
6,3,10,6,0,0,36,0,2
6,3,10,7,0,0,55,0,2
6,3,15,0,0,0,31,0,2
6,3,15,1,0,0,29,0,2
6,3,15,2,0,0,33,0,2
6,3,15,3,0,0,12,0,2
6,3,15,4,0,0,24,0,2
6,3,15,5,0,0,55,0,2
6,3,15,6,0,0,7,0,2
6,3,15,7,0,0,55,0,2
6,3,20,0,0,0,10,0,2
6,3,20,1,0,0,12,0,2
6,3,20,2,0,0,24,0,2
6,3,20,5,0,0,55,0,2
6,3,20,7,0,0,41,0,2
6,3,25,5,0,0,46,0,2
6,3,25,7,0,0,41,0,2
6,3,30,5,0,0,22,0,2
6,3,30,7,0,0,34,0,2
6,4,1,0,0,0,60,0,2
6,4,1,1,0,0,60,0,2
6,4,1,2,0,0,60,0,2
6,4,1,3,0,0,60,0,2
6,4,1,4,0,0,60,0,2
6,4,1,5,0,0,60,0,2
6,4,1,6,0,0,60,0,2
6,4,1,7,0,0,60,0,2
6,4,2,0,0,0,60,0,2
6,4,2,1,0,0,60,0,2
6,4,2,2,0,0,60,0,2
6,4,2,3,0,0,60,0,2
6,4,2,4,0,0,60,0,2
6,4,2,5,0,0,60,0,2
6,4,2,6,0,0,60,0,2
6,4,2,7,0,0,60,0,2
6,4,3,0,0,0,60,0,2
6,4,3,1,0,0,60,0,2
6,4,3,2,0,0,60,0,2
6,4,3,3,0,0,60,0,2
6,4,3,4,0,0,60,0,2
6,4,3,5,0,0,60,0,2
6,4,3,6,0,0,60,0,2
6,4,3,7,0,0,60,0,2
6,4,5,0,0,0,55,0,2
6,4,5,1,0,0,60,0,2
6,4,5,2,0,0,56,0,2
6,4,5,3,0,0,60,0,2
6,4,5,4,0,0,60,0,2
6,4,5,5,0,0,53,0,2
6,4,5,6,0,0,60,0,2
6,4,5,7,0,0,54,0,2
6,4,10,0,0,0,55,0,2
6,4,10,1,0,0,60,0,2
6,4,10,2,0,0,56,0,2
6,4,10,3,0,0,42,0,2
6,4,10,4,0,0,34,0,2
6,4,10,5,0,0,36,0,2
6,4,10,6,0,0,41,0,2
6,4,10,7,0,0,37,0,2
6,4,15,0,0,0,51,0,2
6,4,15,1,0,0,60,0,2
6,4,15,2,0,0,51,0,2
6,4,15,3,0,0,11,0,2
6,4,15,4,0,0,17,0,2
6,4,15,5,0,0,6,0,2
6,4,15,6,0,0,29,0,2
6,4,15,7,0,0,31,0,2
6,4,20,0,0,0,40,0,2
6,4,20,1,0,0,60,0,2
6,4,20,2,0,0,45,0,2
6,4,20,6,0,0,22,0,2
6,4,20,7,0,0,2,0,2
6,4,25,1,0,0,41,0,2
6,4,25,2,0,0,35,0,2
6,4,25,6,0,0,12,0,2
6,4,30,1,0,0,4,0,2
6,4,30,2,0,0,35,0,2
6,4,30,6,0,0,4,0,2
6,5,1,0,0,0,60,0,2
6,5,1,1,0,0,60,0,2
6,5,1,2,0,0,60,0,2
6,5,1,3,0,0,60,0,2
6,5,1,4,0,0,60,0,2
6,5,1,5,0,0,60,0,2
6,5,1,6,0,0,60,0,2
6,5,1,7,0,0,60,0,2
6,5,2,0,0,0,60,0,2
6,5,2,1,0,0,60,0,2
6,5,2,2,0,0,60,0,2
6,5,2,3,0,0,60,0,2
6,5,2,4,0,0,60,0,2
6,5,2,5,0,0,60,0,2
6,5,2,6,0,0,60,0,2
6,5,2,7,0,0,60,0,2
6,5,3,0,0,0,60,0,2
6,5,3,1,0,0,60,0,2
6,5,3,2,0,0,60,0,2
6,5,3,3,0,0,60,0,2
6,5,3,4,0,0,60,0,2
6,5,3,5,0,0,60,0,2
6,5,3,6,0,0,60,0,2
6,5,3,7,0,0,60,0,2
6,5,5,0,0,0,56,0,2
6,5,5,1,0,0,57,0,2
6,5,5,2,0,0,56,0,2
6,5,5,3,0,0,55,0,2
6,5,5,4,0,0,60,0,2
6,5,5,5,0,0,60,0,2
6,5,5,6,0,0,60,0,2
6,5,5,7,0,0,60,0,2
6,5,10,0,0,0,51,0,2
6,5,10,1,0,0,41,0,2
6,5,10,2,0,0,56,0,2
6,5,10,3,0,0,33,0,2
6,5,10,4,0,0,50,0,2
6,5,10,5,0,0,49,0,2
6,5,10,6,0,0,44,0,2
6,5,10,7,0,0,60,0,2
6,5,15,0,0,0,41,0,2
6,5,15,1,0,0,24,0,2
6,5,15,2,0,0,56,0,2
6,5,15,3,0,0,6,0,2
6,5,15,4,0,0,42,0,2
6,5,15,5,0,0,49,0,2
6,5,15,6,0,0,15,0,2
6,5,15,7,0,0,41,0,2
6,5,20,0,0,0,27,0,2
6,5,20,2,0,0,48,0,2
6,5,20,4,0,0,34,0,2
6,5,20,5,0,0,42,0,2
6,5,20,7,0,0,27,0,2
6,5,25,2,0,0,48,0,2
6,5,25,4,1,1,14,2,0
6,5,25,5,0,0,26,0,2
6,5,25,7,0,0,19,0,2
6,5,30,2,0,0,48,0,2
6,5,30,5,0,0,7,0,2
6,6,1,0,0,0,60,0,2
6,6,1,1,0,0,60,0,2
6,6,1,2,0,0,60,0,2
6,6,1,3,0,0,60,0,2
6,6,1,4,0,0,60,0,2
6,6,1,5,0,0,60,0,2
6,6,1,6,0,0,60,0,2
6,6,1,7,0,0,60,0,2
6,6,2,0,0,0,60,0,2
6,6,2,1,0,0,60,0,2
6,6,2,2,0,0,60,0,2
6,6,2,3,0,0,60,0,2
6,6,2,4,0,0,60,0,2
6,6,2,5,0,0,60,0,2
6,6,2,6,0,0,60,0,2
6,6,2,7,0,0,60,0,2
6,6,3,0,0,0,60,0,2
6,6,3,1,0,0,60,0,2
6,6,3,2,0,0,60,0,2
6,6,3,3,0,0,60,0,2
6,6,3,4,0,0,60,0,2
6,6,3,5,0,0,60,0,2
6,6,3,6,0,0,60,0,2
6,6,3,7,0,0,60,0,2
6,6,5,0,0,0,60,0,2
6,6,5,1,0,0,53,0,2
6,6,5,2,0,0,55,0,2
6,6,5,3,0,0,60,0,2
6,6,5,4,0,0,56,0,2
6,6,5,5,0,0,60,0,2
6,6,5,6,0,0,53,0,2
6,6,5,7,0,0,60,0,2
6,6,10,0,0,0,60,0,2
6,6,10,1,0,0,41,0,2
6,6,10,2,0,0,32,0,2
6,6,10,3,0,0,49,0,2
6,6,10,4,0,0,50,0,2
6,6,10,5,0,0,54,0,2
6,6,10,6,0,0,26,0,2
6,6,10,7,0,0,51,0,2
6,6,15,0,0,0,60,0,2
6,6,15,1,0,0,25,0,2
6,6,15,2,0,0,15,0,2
6,6,15,3,0,0,26,0,2
6,6,15,4,0,0,25,0,2
6,6,15,5,0,0,54,0,2
6,6,15,7,0,0,46,0,2
6,6,20,0,0,0,55,0,2
6,6,20,3,0,0,6,0,2
6,6,20,4,0,0,12,0,2
6,6,20,5,0,0,44,0,2
6,6,20,7,0,0,40,0,2
6,6,25,0,0,0,55,0,2
6,6,25,5,0,0,16,0,2
6,6,25,7,1,0,19,2,0
6,6,30,0,0,0,20,0,2
6,6,30,5,0,0,16,0,2
6,7,1,0,0,0,60,0,2
6,7,1,1,0,0,60,0,2
6,7,1,2,0,0,60,0,2
6,7,1,3,0,0,60,0,2
6,7,1,4,0,0,60,0,2
6,7,1,5,0,0,60,0,2
6,7,1,6,0,0,60,0,2
6,7,1,7,0,0,60,0,2
6,7,2,0,0,0,60,0,2
6,7,2,1,0,0,60,0,2
6,7,2,2,0,0,60,0,2
6,7,2,3,0,0,60,0,2
6,7,2,4,0,0,60,0,2
6,7,2,5,0,0,60,0,2
6,7,2,6,0,0,60,0,2
6,7,2,7,0,0,60,0,2
6,7,3,0,0,0,60,0,2
6,7,3,1,0,0,60,0,2
6,7,3,2,0,0,60,0,2
6,7,3,3,0,0,60,0,2
6,7,3,4,0,0,60,0,2
6,7,3,5,0,0,60,0,2
6,7,3,6,0,0,60,0,2
6,7,3,7,0,0,60,0,2
6,7,5,0,0,0,55,0,2
6,7,5,1,0,0,54,0,2
6,7,5,2,0,0,60,0,2
6,7,5,3,0,0,54,0,2
6,7,5,4,0,0,60,0,2
6,7,5,5,0,0,60,0,2
6,7,5,6,0,0,56,0,2
6,7,5,7,0,0,60,0,2
6,7,10,0,0,0,52,0,2
6,7,10,1,0,0,37,0,2
6,7,10,2,0,0,55,0,2
6,7,10,3,0,0,40,0,2
6,7,10,4,0,0,43,0,2
6,7,10,5,0,0,55,0,2
6,7,10,6,0,0,40,0,2
6,7,10,7,0,0,54,0,2
6,7,15,0,0,0,40,0,2
6,7,15,1,0,0,34,0,2
6,7,15,2,0,0,48,0,2
6,7,15,3,0,0,34,0,2
6,7,15,4,0,0,11,0,2
6,7,15,5,0,0,50,0,2
6,7,15,6,0,0,11,0,2
6,7,15,7,0,0,42,0,2
6,7,20,0,0,0,29,0,2
6,7,20,1,0,0,34,0,2
6,7,20,2,0,0,22,0,2
6,7,20,3,0,0,28,0,2
6,7,20,5,0,0,25,0,2
6,7,20,7,0,0,35,0,2
6,7,25,0,0,0,14,0,2
6,7,25,1,0,0,25,0,2
6,7,25,3,0,0,28,0,2
6,7,25,5,0,0,6,0,2
6,7,25,7,0,0,11,0,2
6,7,30,1,0,0,10,0,2
6,7,30,3,0,0,20,0,2
6,8,1,0,0,0,60,0,2
6,8,1,1,0,0,60,0,2
6,8,1,2,0,0,60,0,2
6,8,1,3,0,0,60,0,2
6,8,1,4,0,0,60,0,2
6,8,1,5,0,0,60,0,2
6,8,1,6,0,0,60,0,2
6,8,1,7,0,0,60,0,2
6,8,2,0,0,0,60,0,2
6,8,2,1,0,0,60,0,2
6,8,2,2,0,0,60,0,2
6,8,2,3,0,0,60,0,2
6,8,2,4,0,0,60,0,2
6,8,2,5,0,0,60,0,2
6,8,2,6,0,0,60,0,2
6,8,2,7,0,0,60,0,2
6,8,3,0,0,0,60,0,2
6,8,3,1,0,0,60,0,2
6,8,3,2,0,0,60,0,2
6,8,3,3,0,0,60,0,2
6,8,3,4,0,0,60,0,2
6,8,3,5,0,0,60,0,2
6,8,3,6,0,0,60,0,2
6,8,3,7,0,0,60,0,2
6,8,5,0,0,0,60,0,2
6,8,5,1,0,0,57,0,2
6,8,5,2,0,0,60,0,2
6,8,5,3,0,0,60,0,2
6,8,5,4,0,0,57,0,2
6,8,5,5,0,0,60,0,2
6,8,5,6,0,0,54,0,2
6,8,5,7,0,0,55,0,2
6,8,10,0,0,0,38,0,2
6,8,10,1,0,0,34,0,2
6,8,10,2,0,0,57,0,2
6,8,10,3,0,0,60,0,2
6,8,10,4,0,0,51,0,2
6,8,10,5,0,0,52,0,2
6,8,10,6,0,0,45,0,2
6,8,10,7,0,0,45,0,2
6,8,15,0,0,0,28,0,2
6,8,15,1,0,0,5,0,2
6,8,15,2,0,0,57,0,2
6,8,15,3,0,0,52,0,2
6,8,15,4,0,0,19,0,2
6,8,15,5,0,0,44,0,2
6,8,15,6,0,0,30,0,2
6,8,15,7,0,0,30,0,2
6,8,20,0,0,0,21,0,2
6,8,20,2,0,0,57,0,2
6,8,20,3,0,0,35,0,2
6,8,20,5,0,0,38,0,2
6,8,20,6,0,1,7,0,2
6,8,20,7,0,1,1,0,2
6,8,25,2,0,0,40,0,2
6,8,25,3,0,0,35,0,2
6,8,25,5,0,0,21,0,2
6,8,30,2,0,0,33,0,2
6,8,30,3,0,0,11,0,2
6,8,30,5,0,0,5,0,2
6,9,1,0,0,0,60,0,2
6,9,1,1,0,0,60,0,2
6,9,1,2,0,0,60,0,2
6,9,1,3,0,0,60,0,2
6,9,1,4,0,0,60,0,2
6,9,1,5,0,0,60,0,2
6,9,1,6,0,0,60,0,2
6,9,1,7,0,0,60,0,2
6,9,2,0,0,0,60,0,2
6,9,2,1,0,0,60,0,2
6,9,2,2,0,0,60,0,2
6,9,2,3,0,0,60,0,2
6,9,2,4,0,0,60,0,2
6,9,2,5,0,0,60,0,2
6,9,2,6,0,0,60,0,2
6,9,2,7,0,0,60,0,2
6,9,3,0,0,0,60,0,2
6,9,3,1,0,0,60,0,2
6,9,3,2,0,0,60,0,2
6,9,3,3,0,0,60,0,2
6,9,3,4,0,0,60,0,2
6,9,3,5,0,0,60,0,2
6,9,3,6,0,0,60,0,2
6,9,3,7,0,0,60,0,2
6,9,5,0,0,0,55,0,2
6,9,5,1,0,0,60,0,2
6,9,5,2,0,0,60,0,2
6,9,5,3,0,0,60,0,2
6,9,5,4,0,0,56,0,2
6,9,5,5,0,0,60,0,2
6,9,5,6,0,0,55,0,2
6,9,5,7,0,0,55,0,2
6,9,10,0,0,0,36,0,2
6,9,10,1,0,0,50,0,2
6,9,10,2,0,0,53,0,2
6,9,10,3,0,0,56,0,2
6,9,10,4,0,0,38,0,2
6,9,10,5,0,0,47,0,2
6,9,10,6,0,0,45,0,2
6,9,10,7,0,0,51,0,2
6,9,15,0,0,0,20,0,2
6,9,15,1,0,0,45,0,2
6,9,15,2,0,0,25,0,2
6,9,15,3,0,0,42,0,2
6,9,15,4,0,0,11,0,2
6,9,15,5,0,0,30,0,2
6,9,15,6,0,0,45,0,2
6,9,15,7,0,0,51,0,2
6,9,20,1,0,0,27,0,2
6,9,20,3,0,0,21,0,2
6,9,20,5,0,0,22,0,2
6,9,20,6,0,0,45,0,2
6,9,20,7,0,0,51,0,2
6,9,25,5,0,0,8,0,2
6,9,25,6,0,0,36,0,2
6,9,25,7,0,0,51,0,2
6,9,30,6,0,0,16,0,2
6,9,30,7,0,0,40,0,2
6,9,35,6,1,0,4,2,0
6,9,35,7,1,0,12,2,0
6,10,1,0,0,0,60,0,2
6,10,1,1,0,0,60,0,2
6,10,1,2,0,0,60,0,2
6,10,1,3,0,0,60,0,2
6,10,1,4,0,0,60,0,2
6,10,1,5,0,0,60,0,2
6,10,1,6,0,0,60,0,2
6,10,1,7,0,0,60,0,2
6,10,2,0,0,0,60,0,2
6,10,2,1,0,0,60,0,2
6,10,2,2,0,0,60,0,2
6,10,2,3,0,0,60,0,2
6,10,2,4,0,0,60,0,2
6,10,2,5,0,0,60,0,2
6,10,2,6,0,0,60,0,2
6,10,2,7,0,0,60,0,2
6,10,3,0,0,0,60,0,2
6,10,3,1,0,0,60,0,2
6,10,3,2,0,0,60,0,2
6,10,3,3,0,0,60,0,2
6,10,3,4,0,0,60,0,2
6,10,3,5,0,0,60,0,2
6,10,3,6,0,0,60,0,2
6,10,3,7,0,0,60,0,2
6,10,5,0,0,0,56,0,2
6,10,5,1,0,0,60,0,2
6,10,5,2,0,0,60,0,2
6,10,5,3,0,0,60,0,2
6,10,5,4,0,0,60,0,2
6,10,5,5,0,0,56,0,2
6,10,5,6,0,0,55,0,2
6,10,5,7,0,0,53,0,2
6,10,10,0,0,0,43,0,2
6,10,10,1,0,0,51,0,2
6,10,10,2,0,0,56,0,2
6,10,10,3,0,0,55,0,2
6,10,10,4,0,0,54,0,2
6,10,10,5,0,0,29,0,2
6,10,10,6,0,0,51,0,2
6,10,10,7,0,0,34,0,2
6,10,15,0,0,0,19,0,2
6,10,15,1,0,0,34,0,2
6,10,15,2,0,0,56,0,2
6,10,15,3,0,0,50,0,2
6,10,15,4,0,0,34,0,2
6,10,15,5,0,0,7,0,2
6,10,15,6,0,0,44,0,2
6,10,15,7,0,0,16,0,2
6,10,20,1,0,0,8,0,2
6,10,20,2,0,0,41,0,2
6,10,20,3,0,0,50,0,2
6,10,20,4,0,0,11,0,2
6,10,20,5,0,0,7,0,2
6,10,20,6,0,0,38,0,2
6,10,25,2,0,0,32,0,2
6,10,25,3,0,0,41,0,2
6,10,25,6,0,0,13,0,2
6,10,30,2,0,0,22,0,2
6,10,30,3,0,0,13,0,2
6,11,1,0,0,0,60,0,2
6,11,1,1,0,0,60,0,2
6,11,1,2,0,0,60,0,2
6,11,1,3,0,0,60,0,2
6,11,1,4,0,0,60,0,2
6,11,1,5,0,0,60,0,2
6,11,1,6,0,0,60,0,2
6,11,1,7,0,0,60,0,2
6,11,2,0,0,0,60,0,2
6,11,2,1,0,0,60,0,2
6,11,2,2,0,0,60,0,2
6,11,2,3,0,0,60,0,2
6,11,2,4,0,0,60,0,2
6,11,2,5,0,0,60,0,2
6,11,2,6,0,0,60,0,2
6,11,2,7,0,0,60,0,2
6,11,3,0,0,0,60,0,2
6,11,3,1,0,0,60,0,2
6,11,3,2,0,0,60,0,2
6,11,3,3,0,0,60,0,2
6,11,3,4,0,0,60,0,2
6,11,3,5,0,0,60,0,2
6,11,3,6,0,0,60,0,2
6,11,3,7,0,0,60,0,2
6,11,5,0,0,0,60,0,2
6,11,5,1,0,0,53,0,2
6,11,5,2,0,0,55,0,2
6,11,5,3,0,0,60,0,2
6,11,5,4,0,0,60,0,2
6,11,5,5,0,0,60,0,2
6,11,5,6,0,0,57,0,2
6,11,5,7,0,0,56,0,2
6,11,10,0,0,0,57,0,2
6,11,10,1,0,0,29,0,2
6,11,10,2,0,0,46,0,2
6,11,10,3,0,0,55,0,2
6,11,10,4,0,0,39,0,2
6,11,10,5,0,0,60,0,2
6,11,10,6,0,0,48,0,2
6,11,10,7,0,0,45,0,2
6,11,15,0,0,0,39,0,2
6,11,15,2,0,0,32,0,2
6,11,15,3,0,0,31,0,2
6,11,15,4,0,0,33,0,2
6,11,15,5,0,0,47,0,2
6,11,15,6,0,0,48,0,2
6,11,15,7,0,0,36,0,2
6,11,20,0,0,0,16,0,2
6,11,20,2,0,0,27,0,2
6,11,20,4,0,0,25,0,2
6,11,20,5,0,0,30,0,2
6,11,20,6,0,0,48,0,2
6,11,20,7,0,0,12,0,2
6,11,25,2,0,0,13,0,2
6,11,25,5,0,0,22,0,2
6,11,25,6,0,0,48,0,2
6,11,30,2,0,0,3,0,2
6,11,30,6,0,0,40,0,2
6,12,1,0,0,0,60,0,2
6,12,1,1,0,0,60,0,2
6,12,1,2,0,0,60,0,2
6,12,1,3,0,0,60,0,2
6,12,1,4,0,0,60,0,2
6,12,1,5,0,0,60,0,2
6,12,1,6,0,0,60,0,2
6,12,1,7,0,0,60,0,2
6,12,2,0,0,0,60,0,2
6,12,2,1,0,0,60,0,2
6,12,2,2,0,0,60,0,2
6,12,2,3,0,0,60,0,2
6,12,2,4,0,0,60,0,2
6,12,2,5,0,0,60,0,2
6,12,2,6,0,0,60,0,2
6,12,2,7,0,0,60,0,2
6,12,3,0,0,0,60,0,2
6,12,3,1,0,0,60,0,2
6,12,3,2,0,0,60,0,2
6,12,3,3,0,0,60,0,2
6,12,3,4,0,0,60,0,2
6,12,3,5,0,0,60,0,2
6,12,3,6,0,0,60,0,2
6,12,3,7,0,0,60,0,2
6,12,5,0,0,0,55,0,2
6,12,5,1,0,0,60,0,2
6,12,5,2,0,0,57,0,2
6,12,5,3,0,0,54,0,2
6,12,5,4,0,0,54,0,2
6,12,5,5,0,0,60,0,2
6,12,5,6,0,0,60,0,2
6,12,5,7,0,0,60,0,2
6,12,10,0,0,0,41,0,2
6,12,10,1,0,0,45,0,2
6,12,10,2,0,0,52,0,2
6,12,10,3,0,0,33,0,2
6,12,10,4,0,0,44,0,2
6,12,10,5,0,0,55,0,2
6,12,10,6,0,0,60,0,2
6,12,10,7,0,0,46,0,2
6,12,15,0,0,0,28,0,2
6,12,15,1,0,0,31,0,2
6,12,15,2,0,0,47,0,2
6,12,15,4,0,0,44,0,2
6,12,15,5,0,0,55,0,2
6,12,15,6,0,0,40,0,2
6,12,15,7,0,0,29,0,2
6,12,20,0,0,0,13,0,2
6,12,20,1,0,0,14,0,2
6,12,20,2,0,0,23,0,2
6,12,20,4,0,0,35,0,2
6,12,20,5,0,0,55,0,2
6,12,20,6,0,0,19,0,2
6,12,20,7,0,0,15,0,2
6,12,25,4,0,0,24,0,2
6,12,25,5,0,0,55,0,2
6,13,1,0,0,0,60,0,2
6,13,1,1,0,0,60,0,2
6,13,1,2,0,0,60,0,2
6,13,1,3,0,0,60,0,2
6,13,1,4,0,0,60,0,2
6,13,1,5,0,0,60,0,2
6,13,1,6,0,0,60,0,2
6,13,1,7,0,0,60,0,2
6,13,2,0,0,0,60,0,2
6,13,2,1,0,0,60,0,2
6,13,2,2,0,0,60,0,2
6,13,2,3,0,0,60,0,2
6,13,2,4,0,0,60,0,2
6,13,2,5,0,0,60,0,2
6,13,2,6,0,0,60,0,2
6,13,2,7,0,0,60,0,2
6,13,3,0,0,0,60,0,2
6,13,3,1,0,0,60,0,2
6,13,3,2,0,0,60,0,2
6,13,3,3,0,0,60,0,2
6,13,3,4,0,0,60,0,2
6,13,3,5,0,0,60,0,2
6,13,3,6,0,0,60,0,2
6,13,3,7,0,0,60,0,2
6,13,5,0,0,0,60,0,2
6,13,5,1,0,0,53,0,2
6,13,5,2,0,0,57,0,2
6,13,5,3,0,0,55,0,2
6,13,5,4,0,0,56,0,2
6,13,5,5,0,0,60,0,2
6,13,5,6,0,0,60,0,2
6,13,5,7,0,0,60,0,2
6,13,10,0,0,0,54,0,2
6,13,10,1,0,0,25,0,2
6,13,10,2,0,0,57,0,2
6,13,10,3,0,0,28,0,2
6,13,10,4,0,0,41,0,2
6,13,10,5,0,0,60,0,2
6,13,10,6,0,0,53,0,2
6,13,10,7,0,0,42,0,2
6,13,15,0,0,0,45,0,2
6,13,15,2,0,0,49,0,2
6,13,15,3,0,0,10,0,2
6,13,15,4,0,0,21,0,2
6,13,15,5,0,0,60,0,2
6,13,15,6,0,0,22,0,2
6,13,15,7,0,0,36,0,2
6,13,20,0,0,0,38,0,2
6,13,20,2,0,0,41,0,2
6,13,20,4,0,0,2,0,2
6,13,20,5,0,0,60,0,2
6,13,25,0,0,0,29,0,2
6,13,25,2,0,0,4,0,2
6,13,25,5,0,0,60,0,2
6,14,1,0,0,0,60,0,2
6,14,1,1,0,0,60,0,2
6,14,1,2,0,0,60,0,2
6,14,1,3,0,0,60,0,2
6,14,1,4,0,0,60,0,2
6,14,1,5,0,0,60,0,2
6,14,1,6,0,0,60,0,2
6,14,1,7,0,0,60,0,2
6,14,2,0,0,0,60,0,2
6,14,2,1,0,0,60,0,2
6,14,2,2,0,0,60,0,2
6,14,2,3,0,0,60,0,2
6,14,2,4,0,0,60,0,2
6,14,2,5,0,0,60,0,2
6,14,2,6,0,0,60,0,2
6,14,2,7,0,0,60,0,2
6,14,3,0,0,0,60,0,2
6,14,3,1,0,0,60,0,2
6,14,3,2,0,0,60,0,2
6,14,3,3,0,0,60,0,2
6,14,3,4,0,0,60,0,2
6,14,3,5,0,0,60,0,2
6,14,3,6,0,0,60,0,2
6,14,3,7,0,0,60,0,2
6,14,5,0,0,0,60,0,2
6,14,5,1,0,0,55,0,2
6,14,5,2,0,0,53,0,2
6,14,5,3,0,0,54,0,2
6,14,5,4,0,0,60,0,2
6,14,5,5,0,0,60,0,2
6,14,5,6,0,0,60,0,2
6,14,5,7,0,0,54,0,2
6,14,10,0,0,0,50,0,2
6,14,10,1,0,0,33,0,2
6,14,10,2,0,0,48,0,2
6,14,10,3,0,0,38,0,2
6,14,10,4,0,0,60,0,2
6,14,10,5,0,0,48,0,2
6,14,10,6,0,0,50,0,2
6,14,10,7,0,0,45,0,2
6,14,15,0,0,0,22,0,2
6,14,15,1,0,0,9,0,2
6,14,15,2,0,0,26,0,2
6,14,15,3,0,0,23,0,2
6,14,15,4,0,0,44,0,2
6,14,15,5,0,0,48,0,2
6,14,15,6,0,0,50,0,2
6,14,15,7,0,0,37,0,2
6,14,20,0,0,0,5,0,2
6,14,20,3,0,0,1,0,2
6,14,20,4,0,0,39,0,2
6,14,20,5,0,0,27,0,2
6,14,20,6,0,0,44,0,2
6,14,20,7,0,0,28,0,2
6,14,25,4,0,0,15,0,2
6,14,25,6,0,0,37,0,2
6,14,25,7,0,0,28,0,2
6,14,30,6,0,0,23,0,2
6,14,30,7,0,0,13,0,2
6,15,1,0,0,0,60,0,2
6,15,1,1,0,0,60,0,2
6,15,1,2,0,0,60,0,2
6,15,1,3,0,0,60,0,2
6,15,1,4,0,0,60,0,2
6,15,1,5,0,0,60,0,2
6,15,1,6,0,0,60,0,2
6,15,1,7,0,0,60,0,2
6,15,2,0,0,0,60,0,2
6,15,2,1,0,0,60,0,2
6,15,2,2,0,0,60,0,2
6,15,2,3,0,0,60,0,2
6,15,2,4,0,0,60,0,2
6,15,2,5,0,0,60,0,2
6,15,2,6,0,0,60,0,2
6,15,2,7,0,0,60,0,2
6,15,3,0,0,0,60,0,2
6,15,3,1,0,0,60,0,2
6,15,3,2,0,0,60,0,2
6,15,3,3,0,0,60,0,2
6,15,3,4,0,0,60,0,2
6,15,3,5,0,0,60,0,2
6,15,3,6,0,0,60,0,2
6,15,3,7,0,0,60,0,2
6,15,5,0,0,0,53,0,2
6,15,5,1,0,0,60,0,2
6,15,5,2,0,0,57,0,2
6,15,5,3,0,0,60,0,2
6,15,5,4,0,0,55,0,2
6,15,5,5,0,0,55,0,2
6,15,5,6,0,0,60,0,2
6,15,5,7,0,0,60,0,2
6,15,10,0,0,0,30,0,2
6,15,10,1,0,0,43,0,2
6,15,10,2,0,0,44,0,2
6,15,10,3,0,0,60,0,2
6,15,10,4,0,0,39,0,2
6,15,10,5,0,0,39,0,2
6,15,10,6,0,0,60,0,2
6,15,10,7,0,0,54,0,2
6,15,15,1,0,0,27,0,2
6,15,15,2,0,0,32,0,2
6,15,15,3,0,0,41,0,2
6,15,15,4,0,0,26,0,2
6,15,15,5,0,0,17,0,2
6,15,15,6,0,0,60,0,2
6,15,15,7,0,0,54,0,2
6,15,20,3,0,0,21,0,2
6,15,20,4,0,0,8,0,2
6,15,20,5,0,0,17,0,2
6,15,20,6,0,0,60,0,2
6,15,20,7,0,0,47,0,2
6,15,25,5,0,0,2,0,2
6,15,25,6,0,0,60,0,2
6,15,25,7,0,0,28,0,2
6,15,30,6,0,0,51,0,2
6,15,30,7,0,0,4,0,2
6,16,1,0,0,0,60,0,2
6,16,1,1,0,0,60,0,2
6,16,1,2,0,0,60,0,2
6,16,1,3,0,0,60,0,2
6,16,1,4,0,0,60,0,2
6,16,1,5,0,0,60,0,2
6,16,1,6,0,0,60,0,2
6,16,1,7,0,0,60,0,2
6,16,2,0,0,0,60,0,2
6,16,2,1,0,0,60,0,2
6,16,2,2,0,0,60,0,2
6,16,2,3,0,0,60,0,2
6,16,2,4,0,0,60,0,2
6,16,2,5,0,0,60,0,2
6,16,2,6,0,0,60,0,2
6,16,2,7,0,0,60,0,2
6,16,3,0,0,0,60,0,2
6,16,3,1,0,0,60,0,2
6,16,3,2,0,0,60,0,2
6,16,3,3,0,0,60,0,2
6,16,3,4,0,0,60,0,2
6,16,3,5,0,0,60,0,2
6,16,3,6,0,0,60,0,2
6,16,3,7,0,0,60,0,2
6,16,5,0,0,0,54,0,2
6,16,5,1,0,0,60,0,2
6,16,5,2,0,0,54,0,2
6,16,5,3,0,0,56,0,2
6,16,5,4,0,0,60,0,2
6,16,5,5,0,0,60,0,2
6,16,5,6,0,0,57,0,2
6,16,5,7,0,0,60,0,2
6,16,10,0,0,0,48,0,2
6,16,10,1,0,0,57,0,2
6,16,10,2,0,0,42,0,2
6,16,10,3,0,0,30,0,2
6,16,10,4,0,0,56,0,2
6,16,10,5,0,0,41,0,2
6,16,10,6,0,0,41,0,2
6,16,10,7,0,0,54,0,2
6,16,15,0,0,0,48,0,2
6,16,15,1,0,0,52,0,2
6,16,15,2,0,0,33,0,2
6,16,15,3,0,0,8,0,2
6,16,15,4,0,0,26,0,2
6,16,15,5,0,0,16,0,2
6,16,15,6,0,0,29,0,2
6,16,15,7,0,0,38,0,2
6,16,20,0,0,0,42,0,2
6,16,20,1,0,0,52,0,2
6,16,20,2,0,0,26,0,2
6,16,20,5,0,0,16,0,2
6,16,20,7,0,0,11,0,2
6,16,25,0,0,0,26,0,2
6,16,25,1,0,0,52,0,2
6,17,1,0,0,0,60,0,2
6,17,1,1,0,0,60,0,2
6,17,1,2,0,0,60,0,2
6,17,1,3,0,0,60,0,2
6,17,1,4,0,0,60,0,2
6,17,1,5,0,0,60,0,2
6,17,1,6,0,0,60,0,2
6,17,1,7,0,0,60,0,2
6,17,2,0,0,0,60,0,2
6,17,2,1,0,0,60,0,2
6,17,2,2,0,0,60,0,2
6,17,2,3,0,0,60,0,2
6,17,2,4,0,0,60,0,2
6,17,2,5,0,0,60,0,2
6,17,2,6,0,0,60,0,2
6,17,2,7,0,0,60,0,2
6,17,3,0,0,0,60,0,2
6,17,3,1,0,0,60,0,2
6,17,3,2,0,0,60,0,2
6,17,3,3,0,0,60,0,2
6,17,3,4,0,0,60,0,2
6,17,3,5,0,0,60,0,2
6,17,3,6,0,0,60,0,2
6,17,3,7,0,0,60,0,2
6,17,5,0,0,0,55,0,2
6,17,5,1,0,0,56,0,2
6,17,5,2,0,0,60,0,2
6,17,5,3,0,0,60,0,2
6,17,5,4,0,0,56,0,2
6,17,5,5,0,0,54,0,2
6,17,5,6,0,0,60,0,2
6,17,5,7,0,0,60,0,2
6,17,10,0,0,0,31,0,2
6,17,10,1,0,0,46,0,2
6,17,10,2,0,0,60,0,2
6,17,10,3,0,0,50,0,2
6,17,10,4,0,0,40,0,2
6,17,10,5,0,0,35,0,2
6,17,10,6,0,0,56,0,2
6,17,10,7,0,0,54,0,2
6,17,15,0,0,0,10,0,2
6,17,15,1,0,0,36,0,2
6,17,15,2,0,0,53,0,2
6,17,15,3,0,0,41,0,2
6,17,15,4,0,0,13,0,2
6,17,15,5,0,0,20,0,2
6,17,15,6,0,0,32,0,2
6,17,15,7,0,0,54,0,2
6,17,20,2,0,0,53,0,2
6,17,20,3,0,0,18,0,2
6,17,20,5,0,0,13,0,2
6,17,20,6,0,0,14,0,2
6,17,20,7,0,0,44,0,2
6,17,25,2,0,0,53,0,2
6,17,25,7,0,0,23,0,2
6,18,1,0,0,0,60,0,2
6,18,1,1,0,0,60,0,2
6,18,1,2,0,0,60,0,2
6,18,1,3,0,0,60,0,2
6,18,1,4,0,0,60,0,2
6,18,1,5,0,0,60,0,2
6,18,1,6,0,0,60,0,2
6,18,1,7,0,0,60,0,2
6,18,2,0,0,0,60,0,2
6,18,2,1,0,0,60,0,2
6,18,2,2,0,0,60,0,2
6,18,2,3,0,0,60,0,2
6,18,2,4,0,0,60,0,2
6,18,2,5,0,0,60,0,2
6,18,2,6,0,0,60,0,2
6,18,2,7,0,0,60,0,2
6,18,3,0,0,0,60,0,2
6,18,3,1,0,0,60,0,2
6,18,3,2,0,0,60,0,2
6,18,3,3,0,0,60,0,2
6,18,3,4,0,0,60,0,2
6,18,3,5,0,0,60,0,2
6,18,3,6,0,0,60,0,2
6,18,3,7,0,0,60,0,2
6,18,5,0,0,0,55,0,2
6,18,5,1,0,0,60,0,2
6,18,5,2,0,0,60,0,2
6,18,5,3,0,0,60,0,2
6,18,5,4,0,0,54,0,2
6,18,5,5,0,0,55,0,2
6,18,5,6,0,0,56,0,2
6,18,5,7,0,0,60,0,2
6,18,10,0,0,0,43,0,2
6,18,10,1,0,0,43,0,2
6,18,10,2,0,0,51,0,2
6,18,10,3,0,0,60,0,2
6,18,10,4,0,0,26,0,2
6,18,10,5,0,0,41,0,2
6,18,10,6,0,0,53,0,2
6,18,10,7,0,0,57,0,2
6,18,15,0,0,0,35,0,2
6,18,15,1,0,0,15,0,2
6,18,15,2,0,0,28,0,2
6,18,15,3,0,0,45,0,2
6,18,15,5,0,0,35,0,2
6,18,15,6,0,0,49,0,2
6,18,15,7,0,0,57,0,2
6,18,20,0,0,0,13,0,2
6,18,20,2,1,0,1,2,0
6,18,20,3,0,0,39,0,2
6,18,20,5,0,0,25,0,2
6,18,20,6,0,0,43,0,2
6,18,20,7,0,0,37,0,2
6,18,25,3,0,0,23,0,2
6,18,25,5,0,0,16,0,2
6,18,25,6,0,0,43,0,2
6,18,25,7,1,0,0,2,0
6,18,30,3,0,0,7,0,2
6,18,30,6,0,0,27,0,2
6,19,1,0,0,0,60,0,2
6,19,1,1,0,0,60,0,2
6,19,1,2,0,0,60,0,2
6,19,1,3,0,0,60,0,2
6,19,1,4,0,0,60,0,2
6,19,1,5,0,0,60,0,2
6,19,1,6,0,0,60,0,2
6,19,1,7,0,0,60,0,2
6,19,2,0,0,0,60,0,2
6,19,2,1,0,0,60,0,2
6,19,2,2,0,0,60,0,2
6,19,2,3,0,0,60,0,2
6,19,2,4,0,0,60,0,2
6,19,2,5,0,0,60,0,2
6,19,2,6,0,0,60,0,2
6,19,2,7,0,0,60,0,2
6,19,3,0,0,0,60,0,2
6,19,3,1,0,0,60,0,2
6,19,3,2,0,0,60,0,2
6,19,3,3,0,0,60,0,2
6,19,3,4,0,0,60,0,2
6,19,3,5,0,0,60,0,2
6,19,3,6,0,0,60,0,2
6,19,3,7,0,0,60,0,2
6,19,5,0,0,0,60,0,2
6,19,5,1,0,0,57,0,2
6,19,5,2,0,0,53,0,2
6,19,5,3,0,0,60,0,2
6,19,5,4,0,0,60,0,2
6,19,5,5,0,0,55,0,2
6,19,5,6,0,0,60,0,2
6,19,5,7,0,0,56,0,2
6,19,10,0,0,0,60,0,2
6,19,10,1,0,0,53,0,2
6,19,10,2,0,0,42,0,2
6,19,10,3,0,0,37,0,2
6,19,10,4,0,0,51,0,2
6,19,10,5,0,0,47,0,2
6,19,10,6,0,0,36,0,2
6,19,10,7,0,0,52,0,2
6,19,15,0,0,0,43,0,2
6,19,15,1,0,0,45,0,2
6,19,15,2,0,0,37,0,2
6,19,15,3,0,0,25,0,2
6,19,15,4,0,0,28,0,2
6,19,15,5,0,0,41,0,2
6,19,15,6,0,0,7,0,2
6,19,15,7,0,0,44,0,2
6,19,20,0,0,0,27,0,2
6,19,20,1,0,0,26,0,2
6,19,20,2,0,0,32,0,2
6,19,20,4,0,0,3,0,2
6,19,20,5,0,0,33,0,2
6,19,20,7,0,0,44,0,2
6,19,25,2,0,0,32,0,2
6,19,25,5,0,0,25,0,2
6,19,25,7,1,0,31,2,0
6,19,30,2,0,0,32,0,2
6,19,30,5,0,0,8,0,2
6,19,30,7,0,0,3,0,2
6,20,1,0,0,0,60,0,2
6,20,1,1,0,0,60,0,2
6,20,1,2,0,0,60,0,2
6,20,1,3,0,0,60,0,2
6,20,1,4,0,0,60,0,2
6,20,1,5,0,0,60,0,2
6,20,1,6,0,0,60,0,2
6,20,1,7,0,0,60,0,2
6,20,2,0,0,0,60,0,2
6,20,2,1,0,0,60,0,2
6,20,2,2,0,0,60,0,2
6,20,2,3,0,0,60,0,2
6,20,2,4,0,0,60,0,2
6,20,2,5,0,0,60,0,2
6,20,2,6,0,0,60,0,2
6,20,2,7,0,0,60,0,2
6,20,3,0,0,0,60,0,2
6,20,3,1,0,0,60,0,2
6,20,3,2,0,0,60,0,2
6,20,3,3,0,0,60,0,2
6,20,3,4,0,0,60,0,2
6,20,3,5,0,0,60,0,2
6,20,3,6,0,0,60,0,2
6,20,3,7,0,0,60,0,2
6,20,5,0,0,0,60,0,2
6,20,5,1,0,0,55,0,2
6,20,5,2,0,0,55,0,2
6,20,5,3,0,0,60,0,2
6,20,5,4,0,0,55,0,2
6,20,5,5,0,0,54,0,2
6,20,5,6,0,0,60,0,2
6,20,5,7,0,0,60,0,2
6,20,10,0,0,0,39,0,2
6,20,10,1,0,0,40,0,2
6,20,10,2,0,0,51,0,2
6,20,10,3,0,0,46,0,2
6,20,10,4,0,0,41,0,2
6,20,10,5,0,0,39,0,2
6,20,10,6,0,0,60,0,2
6,20,10,7,0,0,52,0,2
6,20,15,0,0,0,17,0,2
6,20,15,1,0,0,11,0,2
6,20,15,2,0,0,51,0,2
6,20,15,3,0,0,18,0,2
6,20,15,4,0,0,41,0,2
6,20,15,5,0,0,8,0,2
6,20,15,6,0,0,60,0,2
6,20,15,7,0,0,46,0,2
6,20,20,2,0,0,25,0,2
6,20,20,4,0,0,34,0,2
6,20,20,6,0,0,55,0,2
6,20,20,7,0,0,46,0,2
6,20,25,2,1,0,6,2,0
6,20,25,4,0,0,27,0,2
6,20,25,6,0,0,40,0,2
6,20,25,7,0,0,20,0,2
6,20,30,4,0,0,20,0,2
6,20,30,6,0,0,25,0,2
6,20,35,4,1,0,4,2,0
6,20,35,6,1,0,9,2,0
6,21,1,0,0,0,60,0,2
6,21,1,1,0,0,60,0,2
6,21,1,2,0,0,60,0,2
6,21,1,3,0,0,60,0,2
6,21,1,4,0,0,60,0,2
6,21,1,5,0,0,60,0,2
6,21,1,6,0,0,60,0,2
6,21,1,7,0,0,60,0,2
6,21,2,0,0,0,60,0,2
6,21,2,1,0,0,60,0,2
6,21,2,2,0,0,60,0,2
6,21,2,3,0,0,60,0,2
6,21,2,4,0,0,60,0,2
6,21,2,5,0,0,60,0,2
6,21,2,6,0,0,60,0,2
6,21,2,7,0,0,60,0,2
6,21,3,0,0,0,60,0,2
6,21,3,1,0,0,60,0,2
6,21,3,2,0,0,60,0,2
6,21,3,3,0,0,60,0,2
6,21,3,4,0,0,60,0,2
6,21,3,5,0,0,60,0,2
6,21,3,6,0,0,60,0,2
6,21,3,7,0,0,60,0,2
6,21,5,0,0,0,55,0,2
6,21,5,1,0,0,60,0,2
6,21,5,2,0,0,60,0,2
6,21,5,3,0,0,54,0,2
6,21,5,4,0,0,60,0,2
6,21,5,5,0,0,56,0,2
6,21,5,6,0,0,54,0,2
6,21,5,7,0,0,60,0,2
6,21,10,0,0,0,44,0,2
6,21,10,1,0,0,51,0,2
6,21,10,2,0,0,44,0,2
6,21,10,3,0,0,40,0,2
6,21,10,4,0,0,54,0,2
6,21,10,5,0,0,52,0,2
6,21,10,6,0,0,40,0,2
6,21,10,7,0,0,60,0,2
6,21,15,0,0,0,13,0,2
6,21,15,1,0,0,33,0,2
6,21,15,2,0,0,44,0,2
6,21,15,3,0,0,18,0,2
6,21,15,4,0,0,33,0,2
6,21,15,5,0,0,45,0,2
6,21,15,6,0,0,23,0,2
6,21,15,7,0,0,60,0,2
6,21,20,2,0,0,36,0,2
6,21,20,4,0,0,26,0,2
6,21,20,5,0,0,29,0,2
6,21,20,6,-1,0,5,2,0
6,21,20,7,0,0,60,0,2
6,21,25,2,0,0,36,0,2
6,21,25,5,1,0,0,2,0
6,21,25,7,0,0,51,0,2
6,21,30,2,0,0,28,0,2
6,21,30,7,0,0,26,0,2
6,21,35,2,1,0,18,2,0
6,21,35,7,1,0,0,2,0
6,22,1,0,0,0,60,0,2
6,22,1,1,0,0,60,0,2
6,22,1,2,0,0,60,0,2
6,22,1,3,0,0,60,0,2
6,22,1,4,0,0,60,0,2
6,22,1,5,0,0,60,0,2
6,22,1,6,0,0,60,0,2
6,22,1,7,0,0,60,0,2
6,22,2,0,0,0,60,0,2
6,22,2,1,0,0,60,0,2
6,22,2,2,0,0,60,0,2
6,22,2,3,0,0,60,0,2
6,22,2,4,0,0,60,0,2
6,22,2,5,0,0,60,0,2
6,22,2,6,0,0,60,0,2
6,22,2,7,0,0,60,0,2
6,22,3,0,0,0,60,0,2
6,22,3,1,0,0,60,0,2
6,22,3,2,0,0,60,0,2
6,22,3,3,0,0,60,0,2
6,22,3,4,0,0,60,0,2
6,22,3,5,0,0,60,0,2
6,22,3,6,0,0,60,0,2
6,22,3,7,0,0,60,0,2
6,22,5,0,0,0,60,0,2
6,22,5,1,0,0,60,0,2
6,22,5,2,0,0,60,0,2
6,22,5,3,0,0,55,0,2
6,22,5,4,0,0,56,0,2
6,22,5,5,0,0,60,0,2
6,22,5,6,0,0,57,0,2
6,22,5,7,0,0,53,0,2
6,22,10,0,0,0,55,0,2
6,22,10,1,0,0,60,0,2
6,22,10,2,0,0,51,0,2
6,22,10,3,0,0,45,0,2
6,22,10,4,0,0,40,0,2
6,22,10,5,0,0,60,0,2
6,22,10,6,0,0,33,0,2
6,22,10,7,0,0,34,0,2
6,22,15,0,0,0,55,0,2
6,22,15,1,0,0,57,0,2
6,22,15,2,0,0,34,0,2
6,22,15,3,0,0,10,0,2
6,22,15,4,0,0,27,0,2
6,22,15,5,0,0,52,0,2
6,22,15,6,0,0,4,0,2
6,22,15,7,0,0,20,0,2
6,22,20,0,0,0,55,0,2
6,22,20,1,0,0,49,0,2
6,22,20,4,0,0,19,0,2
6,22,20,5,0,0,37,0,2
6,22,25,0,0,0,40,0,2
6,22,25,1,0,0,49,0,2
6,22,25,5,0,0,11,0,2
6,22,30,0,0,0,40,0,2
6,22,30,1,0,0,33,0,2
6,23,1,0,0,0,60,0,2
6,23,1,1,0,0,60,0,2
6,23,1,2,0,0,60,0,2
6,23,1,3,0,0,60,0,2
6,23,1,4,0,0,60,0,2
6,23,1,5,0,0,60,0,2
6,23,1,6,0,0,60,0,2
6,23,1,7,0,0,60,0,2
6,23,2,0,0,0,60,0,2
6,23,2,1,0,0,60,0,2
6,23,2,2,0,0,60,0,2
6,23,2,3,0,0,60,0,2
6,23,2,4,0,0,60,0,2
6,23,2,5,0,0,60,0,2
6,23,2,6,0,0,60,0,2
6,23,2,7,0,0,60,0,2
6,23,3,0,0,0,60,0,2
6,23,3,1,0,0,60,0,2
6,23,3,2,0,0,60,0,2
6,23,3,3,0,0,60,0,2
6,23,3,4,0,0,60,0,2
6,23,3,5,0,0,60,0,2
6,23,3,6,0,0,60,0,2
6,23,3,7,0,0,60,0,2
6,23,5,0,0,0,60,0,2
6,23,5,1,0,0,60,0,2
6,23,5,2,0,0,60,0,2
6,23,5,3,0,0,54,0,2
6,23,5,4,0,0,57,0,2
6,23,5,5,0,0,60,0,2
6,23,5,6,0,0,56,0,2
6,23,5,7,0,0,55,0,2
6,23,10,0,0,0,49,0,2
6,23,10,1,0,0,50,0,2
6,23,10,2,0,0,54,0,2
6,23,10,3,0,0,37,0,2
6,23,10,4,0,0,31,0,2
6,23,10,5,0,0,60,0,2
6,23,10,6,0,0,49,0,2
6,23,10,7,0,0,41,0,2
6,23,15,0,0,0,21,0,2
6,23,15,1,0,0,25,0,2
6,23,15,2,0,0,54,0,2
6,23,15,3,0,0,22,0,2
6,23,15,4,0,0,2,0,2
6,23,15,5,0,0,60,0,2
6,23,15,6,0,0,49,0,2
6,23,15,7,0,0,29,0,2
6,23,20,0,0,1,6,0,2
6,23,20,1,0,0,16,0,2
6,23,20,2,0,0,39,0,2
6,23,20,5,0,0,60,0,2
6,23,20,6,0,0,43,0,2
6,23,20,7,0,0,5,0,2
6,23,25,2,0,0,30,0,2
6,23,25,5,0,0,49,0,2
6,23,25,6,0,0,34,0,2
6,23,30,2,0,0,21,0,2
6,23,30,5,0,0,21,0,2
6,23,30,6,0,0,18,0,2
6,23,35,2,1,0,19,2,0
6,23,35,5,1,0,0,2,0
6,24,1,0,0,0,60,0,2
6,24,1,1,0,0,60,0,2
6,24,1,2,0,0,60,0,2
6,24,1,3,0,0,60,0,2
6,24,1,4,0,0,60,0,2
6,24,1,5,0,0,60,0,2
6,24,1,6,0,0,60,0,2
6,24,1,7,0,0,60,0,2
6,24,2,0,0,0,60,0,2
6,24,2,1,0,0,60,0,2
6,24,2,2,0,0,60,0,2
6,24,2,3,0,0,60,0,2
6,24,2,4,0,0,60,0,2
6,24,2,5,0,0,60,0,2
6,24,2,6,0,0,60,0,2
6,24,2,7,0,0,60,0,2
6,24,3,0,0,0,60,0,2
6,24,3,1,0,0,60,0,2
6,24,3,2,0,0,60,0,2
6,24,3,3,0,0,60,0,2
6,24,3,4,0,0,60,0,2
6,24,3,5,0,0,60,0,2
6,24,3,6,0,0,60,0,2
6,24,3,7,0,0,60,0,2
6,24,5,0,0,0,55,0,2
6,24,5,1,0,0,60,0,2
6,24,5,2,0,0,60,0,2
6,24,5,3,0,0,60,0,2
6,24,5,4,0,0,54,0,2
6,24,5,5,0,0,60,0,2
6,24,5,6,0,0,53,0,2
6,24,5,7,0,0,53,0,2
6,24,10,0,0,0,43,0,2
6,24,10,1,0,0,43,0,2
6,24,10,2,0,0,57,0,2
6,24,10,3,0,0,53,0,2
6,24,10,4,0,0,37,0,2
6,24,10,5,0,0,60,0,2
6,24,10,6,0,0,38,0,2
6,24,10,7,0,0,29,0,2
6,24,15,0,0,0,43,0,2
6,24,15,1,0,0,26,0,2
6,24,15,2,0,0,57,0,2
6,24,15,3,0,0,23,0,2
6,24,15,4,0,0,21,0,2
6,24,15,5,0,0,60,0,2
6,24,15,6,0,0,6,0,2
6,24,20,0,0,0,35,0,2
6,24,20,2,0,0,40,0,2
6,24,20,3,0,0,3,0,2
6,24,20,5,0,0,60,0,2
6,24,25,0,0,0,19,0,2
6,24,25,2,0,0,13,0,2
6,24,25,5,0,0,60,0,2
6,24,30,0,0,0,3,0,2
6,24,30,5,0,0,60,0,2
6,25,1,0,0,0,60,0,2
6,25,1,1,0,0,60,0,2
6,25,1,2,0,0,60,0,2
6,25,1,3,0,0,60,0,2
6,25,1,4,0,0,60,0,2
6,25,1,5,0,0,60,0,2
6,25,1,6,0,0,60,0,2
6,25,1,7,0,0,60,0,2
6,25,2,0,0,0,60,0,2
6,25,2,1,0,0,60,0,2
6,25,2,2,0,0,60,0,2
6,25,2,3,0,0,60,0,2
6,25,2,4,0,0,60,0,2
6,25,2,5,0,0,60,0,2
6,25,2,6,0,0,60,0,2
6,25,2,7,0,0,60,0,2
6,25,3,0,0,0,60,0,2
6,25,3,1,0,0,60,0,2
6,25,3,2,0,0,60,0,2
6,25,3,3,0,0,60,0,2
6,25,3,4,0,0,60,0,2
6,25,3,5,0,0,60,0,2
6,25,3,6,0,0,60,0,2
6,25,3,7,0,0,60,0,2
6,25,5,0,0,0,57,0,2
6,25,5,1,0,0,60,0,2
6,25,5,2,0,0,55,0,2
6,25,5,3,0,0,57,0,2
6,25,5,4,0,0,54,0,2
6,25,5,5,0,0,60,0,2
6,25,5,6,0,0,60,0,2
6,25,5,7,0,0,60,0,2
6,25,10,0,0,0,49,0,2
6,25,10,1,0,0,48,0,2
6,25,10,2,0,0,48,0,2
6,25,10,3,0,0,38,0,2
6,25,10,4,0,0,29,0,2
6,25,10,5,0,0,43,0,2
6,25,10,6,0,0,55,0,2
6,25,10,7,0,0,60,0,2
6,25,15,0,0,0,49,0,2
6,25,15,1,0,0,39,0,2
6,25,15,2,0,0,48,0,2
6,25,15,3,0,0,13,0,2
6,25,15,5,0,0,27,0,2
6,25,15,6,0,0,39,0,2
6,25,15,7,0,0,31,0,2
6,25,20,0,0,0,49,0,2
6,25,20,1,1,0,19,2,0
6,25,20,2,0,1,33,0,2
6,25,20,5,0,0,19,0,2
6,25,20,6,0,0,23,0,2
6,25,20,7,1,0,7,2,0
6,25,25,0,0,0,39,0,2
6,25,25,2,0,1,12,0,2
6,25,25,5,1,0,9,2,0
6,25,30,0,0,0,4,0,2
6,25,30,5,0,0,9,0,2
