wall_seconds,phase,round,visible_alive,logical_alive,encounters,frame_ms,game_ms,render_ms,gpu_ms,gpu_available
5.078176,-1,0,6,0,0,129.374802,3.230000,129.285400,131.356705,1
5.179915,-1,0,6,0,0,101.673393,4.942500,101.502296,101.633003,1
5.326493,-1,0,6,0,0,146.707214,4.135100,121.004501,120.024002,1
5.411748,-1,0,6,0,0,85.176201,3.806800,85.213799,111.856697,1
5.497861,-1,0,6,0,0,86.171898,4.301100,86.022202,86.319099,1
5.613421,-1,0,6,0,0,115.576202,3.381400,115.477600,114.553802,1
5.727300,-1,0,6,0,0,113.784897,3.876600,100.957703,99.912804,1
5.829232,-1,0,6,0,0,102.019104,4.637700,102.025200,116.831200,1
5.944547,-1,0,6,0,0,115.247292,3.846500,115.188499,115.167198,1
6.043068,-1,0,6,0,0,98.638603,5.403200,98.602402,99.032097,1
6.145776,-1,0,6,0,0,102.704803,2.987600,102.667198,101.773300,1
6.240106,-1,0,6,0,0,94.258102,4.351400,87.373100,86.647797,1
6.361677,-1,0,6,0,0,121.645897,4.014900,121.695602,130.901993,1
6.478007,-1,0,6,0,0,116.170090,3.743500,116.067703,114.559998,1
6.596795,-1,0,6,0,0,118.860092,3.984300,118.790604,118.501404,1
6.710097,-1,0,6,0,0,113.336205,3.781000,113.365402,101.402603,1
6.859704,-1,0,6,0,0,149.545990,3.394800,135.188202,148.888596,1
6.996624,-1,0,6,0,0,136.446304,3.547700,136.361694,149.362701,1
7.126254,-1,0,6,0,0,130.154694,5.590400,117.723503,116.788200,1
7.211952,-1,0,6,0,0,85.735695,4.273100,85.681900,99.595299,1
7.377823,-1,0,6,0,0,165.686798,4.051000,165.485306,165.400497,1
7.479206,-1,0,6,0,0,101.516205,4.184100,101.251801,102.028297,1
7.609997,-1,0,6,0,0,130.761795,3.726400,118.009697,116.956200,1
7.728778,-1,0,6,0,0,118.852104,4.151300,118.799896,132.639694,1
7.862251,-1,0,6,0,0,133.590393,3.694800,133.537003,132.227097,1
7.993439,-1,0,6,0,0,131.204803,3.322500,131.203995,133.876694,1
8.143818,-1,0,6,0,0,150.074493,3.059100,149.995804,149.556305,1
8.295644,-1,0,6,0,0,152.062805,4.000000,151.863495,151.516098,1
8.442465,-1,0,6,0,0,146.773911,4.088700,134.558304,133.234695,1
8.577193,-1,0,6,0,0,134.768692,3.587200,134.740097,148.888596,1
8.695282,-1,0,6,0,0,118.107697,2.993300,118.041801,116.515800,1
8.828146,-1,0,6,0,0,132.845291,3.426600,132.787399,133.440506,1
8.945180,-1,0,6,0,0,117.007706,3.347000,105.063301,102.897697,1
9.019466,-1,0,6,0,0,74.239204,3.385100,74.232300,85.295097,1
9.146491,-1,0,6,0,0,126.901192,3.779200,126.747200,116.154404,1
9.234370,-1,0,6,0,0,87.847702,4.433900,87.877197,99.135498,1
9.376105,-1,0,6,0,0,141.916397,4.585100,141.890594,131.439606,1
9.479082,-1,0,6,0,0,102.771996,5.315700,89.281303,101.957603,1
9.583818,-1,0,6,0,0,104.493393,4.224300,104.176697,116.174896,1
9.684528,-1,0,6,0,0,101.128799,5.224800,101.191399,99.813301,1
9.782066,-1,0,6,0,0,97.476196,5.780400,97.574402,99.261497,1
9.899217,-1,0,6,0,0,117.102699,5.447000,117.044403,116.593697,1
10.014634,-1,0,6,0,0,115.575798,4.663700,115.472801,117.293999,1
10.100780,-1,0,6,0,0,86.096802,5.852500,86.033897,85.134399,1
10.229439,-1,0,6,0,0,128.756500,4.476500,128.382294,129.898499,1
10.376047,-1,0,6,0,0,146.520996,4.146700,146.484100,135.177200,1
10.476197,-1,0,6,0,0,100.206505,4.682400,87.564697,99.804199,1
10.564976,-1,0,6,0,0,88.737503,4.033500,88.727097,86.342598,1
10.665551,-1,0,6,0,0,100.651299,3.847200,100.656403,114.184196,1
10.765624,-1,0,6,0,0,100.055595,4.052300,99.975304,99.412003,1
10.897864,-1,0,6,0,0,132.117096,3.506500,132.004196,133.397507,1
11.015464,-1,0,6,0,0,117.635101,3.960500,117.599503,116.956100,1
11.130220,-1,0,6,0,0,114.796402,3.731200,114.776299,115.336197,1
11.226046,-1,0,6,0,0,95.778496,3.018100,83.234802,82.750504,1
11.329449,-1,0,6,0,0,102.978806,3.351200,102.945297,117.659599,1
11.431113,-1,0,6,0,0,102.047699,4.388700,101.928596,100.421700,1
11.518466,-1,0,6,0,0,87.571999,4.244000,87.661003,88.221703,1
11.535157,-1,0,6,0,0,16.666901,4.013300,12.725200,13.036500,1
11.551889,-1,0,6,0,0,16.666698,2.310400,13.883800,13.622300,1
11.568645,-1,0,6,0,0,16.666702,2.593800,12.460600,13.589500,1
11.585499,-1,0,6,0,0,16.697199,2.416800,16.873800,13.627400,1
11.602008,-1,0,6,0,0,16.666901,2.821600,15.158300,12.817400,1
11.618634,-1,0,6,0,0,16.666901,2.912700,10.925100,13.720600,1
11.635359,-1,0,6,0,0,16.666800,3.334000,8.248300,13.963300,1
11.651975,-1,0,6,0,0,16.666901,4.074100,5.525400,13.490200,1
11.668682,-1,0,6,0,0,16.667002,2.965400,4.267600,14.427200,1
11.685355,-1,0,6,0,0,16.666800,2.742600,5.549400,14.427200,1
11.702034,-1,0,6,0,0,16.666800,3.311900,5.549400,14.427200,1
11.839092,-1,0,6,0,0,137.076599,3.794600,137.271606,155.076599,1
11.956918,-1,0,6,0,0,117.886795,3.112000,117.837502,131.912704,1
12.072551,-1,0,6,0,0,115.674408,3.253300,115.681099,115.770302,1
12.190877,-1,0,6,0,0,118.287895,2.820900,118.226997,101.738503,1
12.305978,-1,0,6,0,0,114.936607,3.133700,114.828102,132.709396,1
12.424509,-1,0,6,0,0,118.792496,3.034300,118.870796,117.469200,1
12.528299,-1,0,6,0,0,103.634605,2.504500,103.565300,101.622803,1
12.674155,-1,0,6,0,0,145.908798,8.759500,145.813507,147.321793,1
12.774898,-1,0,6,0,0,100.733696,4.678600,100.755302,100.401199,1
12.889363,-1,0,6,0,0,114.475098,3.040500,114.449799,116.405197,1
13.007512,-1,0,6,0,0,118.215500,3.286800,118.144203,116.467697,1
13.091573,-1,0,6,0,0,83.951797,2.830500,83.933296,84.977699,1
13.191156,-1,0,6,0,0,99.533295,3.130900,99.449501,99.314697,1
13.323282,-1,0,6,0,0,132.225906,3.055000,131.914703,132.797394,1
13.440760,-1,0,6,0,0,117.603104,2.983500,117.644798,102.638603,1
13.540700,-1,0,6,0,0,99.914703,2.369100,99.868401,114.306099,1
13.671462,-1,0,6,0,0,130.657104,2.800200,116.315201,116.846603,1
13.772384,-1,0,6,0,0,101.015800,3.357500,101.077698,100.657097,1
13.871764,-1,0,6,0,0,99.357796,2.875900,99.328499,114.421799,1
13.991048,-1,0,6,0,0,119.315804,3.008300,119.217400,118.571999,1
14.091343,-1,0,6,0,0,100.197998,3.118400,86.193497,84.688904,1
14.194146,-1,0,6,0,0,102.723099,3.311200,102.622200,115.769402,1
14.307376,-1,0,6,0,0,113.243294,4.089300,113.188904,115.968002,1
14.409253,-1,0,6,0,0,102.013000,3.626900,102.019402,100.404198,1
14.526564,-1,0,6,0,0,116.824699,2.984500,116.774300,116.769798,1
14.638962,-1,0,6,0,0,112.822296,3.424600,98.748398,100.144096,1
14.725884,-1,0,6,0,0,86.888901,3.870500,86.903397,100.502502,1
14.857624,-1,0,6,0,0,131.771103,3.587300,131.741394,132.632599,1
15.056168,-1,0,6,0,0,198.616699,3.016800,183.631500,183.052307,1
15.206453,-1,0,6,0,0,150.276199,2.972400,150.268005,165.931000,1
15.407844,-1,0,6,0,0,201.325699,2.660400,201.235306,199.612396,1
15.544034,-1,0,6,0,0,136.119308,4.217900,136.150894,136.063995,1
15.742300,-1,0,6,0,0,198.464691,3.353200,198.425400,199.063599,1
15.906060,-1,0,6,0,0,163.664810,3.350800,151.646393,133.627899,1
16.073498,-1,0,6,0,0,167.413696,3.206600,167.374100,182.639603,1
16.208119,-1,0,6,0,0,134.613388,3.609400,134.591599,149.153793,1
16.374378,-1,0,6,0,0,166.311905,3.009000,166.128998,166.926300,1
16.505847,-1,0,6,0,0,131.409790,2.975700,120.132301,119.117798,1
16.641221,-1,0,6,0,0,135.314606,2.793300,135.226593,147.676193,1
16.778431,-1,0,6,0,0,137.115097,3.797300,137.074799,135.600098,1
16.909078,-1,0,6,0,0,130.835510,4.189500,130.724792,131.498993,1
17.089425,-1,0,6,0,0,180.339691,3.695800,180.428406,166.570007,1
17.206472,-1,0,6,0,0,116.863297,3.814500,102.725502,116.664299,1
17.372191,-1,0,6,0,0,165.876297,4.037100,165.872696,150.216705,1
17.475657,-1,0,6,0,0,103.507202,3.143100,103.465698,132.465698,1
17.584797,-1,0,6,0,0,109.093803,2.953600,109.064903,101.870598,1
17.706168,-1,0,6,0,0,121.361893,2.994200,121.293297,117.991402,1
17.811452,-1,0,6,0,0,105.216103,4.081900,105.136101,115.925003,1
17.958230,-1,0,6,0,0,146.970200,4.172700,147.010803,147.976196,1
18.059924,-1,0,6,0,0,101.596397,3.084500,101.556801,101.915703,1
18.175177,-1,0,6,0,0,115.308403,3.022600,115.318298,114.374603,1
18.279184,-1,0,6,0,0,103.777794,3.150000,103.711098,103.620598,1
18.406273,-1,0,6,0,0,127.169296,3.637100,126.965897,128.362503,1
18.510929,-1,0,6,0,0,104.718002,3.949000,104.695602,102.708199,1
18.641614,-1,0,6,0,0,130.766205,3.474000,130.799500,132.790298,1
18.743857,-1,0,6,0,0,102.132095,3.115800,102.022903,101.663803,1
18.908934,-1,0,6,0,0,164.888702,2.941300,164.887802,164.413406,1
19.026033,-1,0,6,0,0,117.327599,5.826400,117.273903,116.782097,1
19.125468,-1,0,6,0,0,99.517494,4.036600,99.514000,99.716103,1
19.239640,-1,0,6,0,0,114.061699,2.699300,114.015503,102.054901,1
19.328983,-1,0,6,0,0,89.431496,2.968000,89.368599,101.606400,1
19.474230,-1,0,6,0,0,145.116898,2.677400,145.107605,145.476593,1
19.560277,-1,0,6,0,0,86.102501,3.511200,85.976097,85.476303,1
19.675409,-1,0,6,0,0,114.874199,2.979200,101.798401,101.538902,1
19.745712,-1,0,6,0,0,70.591499,4.893000,70.648003,84.415398,1
19.875813,-1,0,6,0,0,129.991898,3.372700,129.953705,129.780807,1
20.024354,-1,0,6,0,0,148.498215,3.344300,148.422302,149.222397,1
20.110207,-1,0,6,0,0,86.027504,5.690300,85.999702,85.670898,1
20.228226,-1,0,6,0,0,117.988792,3.126800,117.971603,117.068802,1
20.373238,-1,0,6,0,0,145.023895,3.073800,130.981003,132.059097,1
20.475821,-1,0,6,0,0,102.587105,3.624000,102.607597,117.004303,1
20.609435,-1,0,6,0,0,133.084000,3.010300,132.915405,132.471802,1
20.709123,-1,0,6,0,0,100.079102,4.586600,87.469398,85.363701,1
20.808508,-1,0,6,0,0,99.448395,4.070200,99.689796,113.828903,1
20.909113,-1,0,6,0,0,100.236198,3.486600,88.153503,85.755898,1
21.027154,-1,0,6,0,0,118.406593,4.128400,118.383102,132.243500,1
21.128840,-1,0,6,0,0,101.603806,4.529700,101.561501,100.781998,1
21.214768,-1,0,6,0,0,86.026398,4.295900,86.013603,86.691902,1
21.329845,-1,0,6,0,0,114.985901,3.946300,114.569000,113.652702,1
21.441736,-1,0,6,0,0,112.042503,4.408700,112.264099,114.439201,1
21.529575,-1,0,6,0,0,87.793602,3.798500,87.802597,87.956497,1
21.546447,-1,0,6,0,0,16.721600,3.639300,14.802200,12.738500,1
21.562948,-1,0,6,0,0,16.666800,3.619400,10.798300,11.691000,1
21.579569,-1,0,6,0,0,16.666800,3.406000,13.978400,14.842800,1
21.596306,-1,0,6,0,0,16.666800,3.215000,15.562200,13.473800,1
21.613080,-1,0,6,0,0,16.695101,4.833600,13.338200,13.175800,1
21.629805,-1,0,6,0,0,16.666800,3.065500,12.064600,15.006800,1
21.646424,-1,0,6,0,0,16.667002,4.992100,8.479400,13.035500,1
21.662990,-1,0,6,0,0,16.667002,3.413200,6.840500,12.034100,1
21.679638,-1,0,6,0,0,16.666901,3.232400,5.184900,13.033500,1
21.696352,-1,0,6,0,0,16.666800,2.923900,6.408400,14.121900,1
21.712992,-1,0,6,0,0,16.666698,3.303100,5.749100,16.207899,1
21.729719,-1,0,6,0,0,16.666800,3.075000,6.380800,17.314800,1
21.746352,-1,0,6,0,0,16.667002,3.779200,5.963100,17.314800,1
21.762981,-1,0,6,0,0,16.667097,4.228900,5.963100,41.917500,1
21.779790,-1,0,6,0,0,16.823702,3.142000,19.393101,41.917500,1
21.926687,-1,0,6,0,0,146.903793,2.800600,146.824997,159.160294,1
22.058309,-1,0,6,0,0,131.653610,3.343100,119.093498,118.253601,1
22.157654,-1,0,6,0,0,99.270401,4.145100,99.225304,113.603500,1
22.260326,-1,0,6,0,0,102.637398,4.272200,102.605003,102.642700,1
22.391237,-1,0,6,0,0,131.003601,3.509500,130.983902,130.745407,1
22.508201,-1,0,6,0,0,116.965698,3.340300,116.918098,101.269501,1
22.590740,-1,0,6,0,0,82.548798,2.965300,82.535400,99.192802,1
22.693047,-1,0,6,0,0,102.246498,3.461600,102.228500,100.233200,1
22.795680,-1,0,6,0,0,102.696198,3.389500,102.593002,101.514297,1
22.894046,-1,0,6,0,0,98.379997,3.148600,98.370499,99.019699,1
23.027431,-1,0,6,0,0,133.298508,3.602500,133.232498,132.361298,1
23.158425,-1,0,6,0,0,131.121902,3.925500,130.225800,132.036606,1
23.308948,-1,0,6,0,0,150.315292,3.902600,150.295303,152.242096,1
23.458023,-1,0,6,0,0,149.231400,3.991400,149.188599,149.678101,1
23.592906,-1,0,6,0,0,134.815399,3.444000,129.115204,126.923798,1
23.680860,-1,0,6,0,0,87.948395,3.405100,87.871696,92.341202,1
23.778616,-1,0,6,0,0,97.693100,4.035200,97.691803,86.022202,1
23.864935,-1,0,6,0,0,86.056595,4.449400,85.815002,98.854897,1
24.011302,-1,0,6,0,0,146.751007,4.818500,146.838699,147.440598,1
24.107711,-1,0,6,0,0,96.396805,4.174600,96.348503,97.520699,1
24.226958,-1,0,6,0,0,119.269104,3.484100,119.207497,102.337502,1
24.344124,-1,0,6,0,0,117.157906,4.308800,116.758301,132.745193,1
24.443710,-1,0,6,0,0,99.481003,3.475400,99.478500,100.136902,1
24.624398,-1,0,6,0,0,180.740204,3.877000,180.642593,166.778900,1
24.745183,-1,0,6,0,0,120.839294,3.602700,120.811897,133.059601,1
24.844706,-1,0,6,0,0,99.457596,2.849500,99.367500,99.706902,1
24.991085,-1,0,6,0,0,146.326797,3.189700,132.415497,134.546402,1
25.111182,-1,0,6,0,0,120.090004,5.108500,120.151802,117.542900,1
25.228723,-1,0,6,0,0,117.465599,3.669900,117.477501,132.035599,1
25.358856,-1,0,6,0,0,130.342392,4.862800,116.667099,118.554604,1
25.443847,-1,0,6,0,0,84.943695,3.721700,84.641502,97.972298,1
25.594593,-1,0,6,0,0,150.622604,3.044200,150.095398,149.788605,1
25.695630,-1,0,6,0,0,101.177795,4.518700,101.125099,100.573196,1
25.795515,-1,0,6,0,0,99.847000,4.301700,99.678497,100.065300,1
25.885126,-1,0,6,0,0,89.387001,4.732200,89.366699,89.166801,1
26.025821,-1,0,6,0,0,140.965302,4.011600,141.016800,143.192093,1
26.146412,-1,0,6,0,0,120.373100,4.078100,120.272003,117.293098,1
26.232148,-1,0,6,0,0,85.799202,5.086700,85.818398,85.190598,1
26.344534,-1,0,6,0,0,112.474998,8.189100,112.382401,101.455902,1
26.402093,-1,0,6,0,0,57.432598,4.377400,57.278500,69.088203,1
26.528493,-1,0,6,0,0,126.506699,4.263700,126.455597,127.336502,1
26.675214,-1,0,6,0,0,146.611206,4.491000,132.362595,133.663696,1
26.762371,-1,0,6,0,0,87.325500,4.606500,87.315903,101.411903,1
26.875170,-1,0,6,0,0,112.839699,3.825500,112.815697,113.769402,1
27.008867,-1,0,6,0,0,133.676895,3.337800,133.628296,133.406799,1
27.109574,-1,0,6,0,0,100.624001,3.397600,100.556999,99.344398,1
27.196870,-1,0,6,0,0,87.252899,4.028100,87.182800,86.212601,1
27.311609,-1,0,6,0,0,114.898506,5.795700,114.968201,117.583801,1
27.442769,-1,0,6,0,0,131.133301,5.333000,131.073898,130.608200,1
27.543191,-1,0,6,0,0,100.483002,3.642800,100.477997,100.156403,1
27.662724,-1,0,6,0,0,119.501907,2.751000,119.449600,120.080399,1
27.762850,-1,0,6,0,0,99.385002,2.790400,99.341003,98.591698,1
27.876322,-1,0,6,0,0,114.183998,4.825800,114.166397,114.685997,1
27.968307,-1,0,6,0,0,91.727707,3.704500,91.705803,86.902702,1
28.048259,-1,0,6,0,0,79.984200,3.759300,79.895798,82.566200,1
28.177361,-1,0,6,0,0,129.283310,4.817400,129.280594,131.399704,1
28.265910,-1,0,6,0,0,88.450996,4.911300,88.406700,88.324097,1
28.379034,-1,0,6,0,0,113.206505,4.839800,113.141602,112.978897,1
28.477870,-1,0,6,0,0,98.855400,4.930300,98.841599,98.907097,1
28.578833,-1,0,6,0,0,101.005707,4.008200,100.985001,100.608002,1
28.713834,-1,0,6,0,0,134.868103,3.219700,134.784805,133.242905,1
28.827407,-1,0,6,0,0,113.605202,3.957600,113.433899,101.150703,1
28.933143,-1,0,6,0,0,105.832504,4.475400,105.798698,117.484596,1
29.076543,-1,0,6,0,0,143.126694,3.832400,141.703796,145.232895,1
29.210563,-1,0,6,0,0,134.280807,4.416100,134.389297,133.944305,1
29.327927,-1,0,6,0,0,117.302795,4.326100,117.113800,119.196701,1
29.446262,-1,0,6,0,0,118.443001,4.095500,118.427803,117.995499,1
29.576171,-1,0,6,0,0,129.827606,3.897300,115.500801,115.172302,1
29.695573,-1,0,6,0,0,119.455200,3.341600,119.462402,133.514297,1
29.827545,-1,0,6,0,0,131.959900,3.153500,130.995300,131.887100,1
29.948245,-1,0,6,0,0,120.370705,3.540200,120.243599,119.079903,1
30.092229,-1,0,6,0,0,143.649612,4.169100,143.662399,133.561401,1
30.227826,-1,0,6,0,0,135.778198,6.409400,135.710693,145.202103,1
30.375879,-1,0,6,0,0,148.090500,3.977700,147.910995,136.451096,1
30.455502,-1,0,6,0,0,74.720398,3.505100,74.479401,85.558296,1
30.533191,-1,0,6,0,0,82.920509,14.717700,82.874496,84.364304,1
30.780525,-1,0,6,0,0,246.867401,5.633300,246.848206,246.938599,1
